ALTER SESSION SET NLS_TIMESTAMP_FORMAT = 'YYYY-MM-DD HH24:MI:SS'; -- ISO 8601
ALTER SESSION SET NLS_DATE_FORMAT = 'YYYY-MM-DD HH24:MI:SS'; -- ISO 8601
DELETE FROM ASCII_Recomendaciones;
DELETE FROM ASCII_Prestamos;
DELETE FROM ASCII_Usuarios;
SET DEFINE OFF;

---------------- NEW USER dolores37
INSERT INTO ASCII_Usuarios (Carnet, FAlta, Nombre, Apellidos, Apodo)
    VALUES (23242594104435683046, '2010-09-29 16:37:05', 'Francisca', 'Agustín', 'dolores37');

INSERT INTO ASCII_Prestamos (FPrestamo, Carnet, Codigo, FDevolucion)
    VALUES ('2012-04-14 10:50:09', 23242594104435683046, 870139361, '2012-04-14 13:34:15');
INSERT INTO ASCII_Prestamos (FPrestamo, Carnet, Codigo, FDevolucion)
    VALUES ('2013-06-13 12:10:09', 23242594104435683046, 18635348, '2013-06-13 16:59:09');


---------------- NEW USER waramburu
INSERT INTO ASCII_Usuarios (Carnet, FAlta, Nombre, Apellidos, Apodo)
    VALUES (597654174212795397, '2014-09-19 13:14:21', 'Aurora', 'Amo', 'waramburu');

INSERT INTO ASCII_Prestamos (FPrestamo, Carnet, Codigo, FDevolucion)
    VALUES ('2018-04-01 11:32:40', 597654174212795397, 335793936, '2018-04-01 13:18:59');
INSERT INTO ASCII_Prestamos (FPrestamo, Carnet, Codigo, FDevolucion)
    VALUES ('2015-02-20 18:10:27', 597654174212795397, 617920706, '2015-02-20 20:03:49');
INSERT INTO ASCII_Prestamos (FPrestamo, Carnet, Codigo, FDevolucion)
    VALUES ('2018-07-18 15:36:46', 597654174212795397, 286701931, '2018-07-18 19:03:00');
INSERT INTO ASCII_Prestamos (FPrestamo, Carnet, Codigo, FDevolucion)
    VALUES ('2015-01-07 09:11:20', 597654174212795397, 685941400, '2015-01-07 09:53:08');
INSERT INTO ASCII_Prestamos (FPrestamo, Carnet, Codigo, FDevolucion)
    VALUES ('2015-03-29 14:30:28', 597654174212795397, 659625461, '2015-03-29 15:49:00');
INSERT INTO ASCII_Prestamos (FPrestamo, Carnet, Codigo, FDevolucion)
    VALUES ('2015-09-04 10:03:39', 597654174212795397, 84694334, '2015-09-04 16:05:24');
INSERT INTO ASCII_Prestamos (FPrestamo, Carnet, Codigo, FDevolucion)
    VALUES ('2018-05-18 11:23:47', 597654174212795397, 669879732, '2018-05-18 12:01:33');
INSERT INTO ASCII_Prestamos (FPrestamo, Carnet, Codigo, FDevolucion)
    VALUES ('2014-12-31 10:30:10', 597654174212795397, 703854585, '2014-12-31 11:59:29');
INSERT INTO ASCII_Prestamos (FPrestamo, Carnet, Codigo, FDevolucion)
    VALUES ('2018-07-28 19:49:34', 597654174212795397, 435077835, '2018-07-28 20:32:56');
INSERT INTO ASCII_Prestamos (FPrestamo, Carnet, Codigo, FDevolucion)
    VALUES ('2015-09-26 14:33:24', 597654174212795397, 47554194, '2015-09-26 19:53:10');
INSERT INTO ASCII_Prestamos (FPrestamo, Carnet, Codigo, FDevolucion)
    VALUES ('2016-12-01 19:51:31', 597654174212795397, 314225902, '2016-12-01 20:27:46');
INSERT INTO ASCII_Recomendaciones (Carnet, Base, Recomendacion)
 VALUES (597654174212795397, 170880022, 314225902);
INSERT INTO ASCII_Prestamos (FPrestamo, Carnet, Codigo, FDevolucion)
    VALUES ('2016-04-14 13:42:07', 597654174212795397, 839730706, '2016-04-14 20:07:51');
INSERT INTO ASCII_Prestamos (FPrestamo, Carnet, Codigo, FDevolucion)
    VALUES ('2017-12-11 09:20:08', 597654174212795397, 411723132, '2017-12-11 13:42:37');
INSERT INTO ASCII_Prestamos (FPrestamo, Carnet, Codigo, FDevolucion)
    VALUES ('2015-03-22 10:29:17', 597654174212795397, 338686884, '2015-03-22 18:23:15');
INSERT INTO ASCII_Prestamos (FPrestamo, Carnet, Codigo, FDevolucion)
    VALUES ('2018-01-06 18:11:55', 597654174212795397, 698357582, '2018-01-06 18:37:41');
INSERT INTO ASCII_Prestamos (FPrestamo, Carnet, Codigo, FDevolucion)
    VALUES ('2018-08-04 15:24:15', 597654174212795397, 430588711, '2018-08-04 17:59:00');
INSERT INTO ASCII_Prestamos (FPrestamo, Carnet, Codigo, FDevolucion)
    VALUES ('2015-05-15 10:08:27', 597654174212795397, 727226330, '2015-05-15 10:28:30');
INSERT INTO ASCII_Recomendaciones (Carnet, Base, Recomendacion)
 VALUES (597654174212795397, 850083148, 727226330);
INSERT INTO ASCII_Prestamos (FPrestamo, Carnet, Codigo, FDevolucion)
    VALUES ('2018-06-04 13:05:17', 597654174212795397, 507490311, '2018-06-04 19:33:28');
INSERT INTO ASCII_Prestamos (FPrestamo, Carnet, Codigo, FDevolucion)
    VALUES ('2015-07-30 14:47:09', 597654174212795397, 518990411, '2015-07-30 17:49:40');
INSERT INTO ASCII_Prestamos (FPrestamo, Carnet, Codigo, FDevolucion)
    VALUES ('2015-02-16 16:09:02', 597654174212795397, 338686884, '2015-02-16 17:25:41');
INSERT INTO ASCII_Prestamos (FPrestamo, Carnet, Codigo, FDevolucion)
    VALUES ('2017-04-13 10:23:33', 597654174212795397, 659625461, '2017-04-13 19:10:21');
INSERT INTO ASCII_Prestamos (FPrestamo, Carnet, Codigo, FDevolucion)
    VALUES ('2015-06-23 10:24:15', 597654174212795397, 587137439, '2015-06-23 12:33:00');
INSERT INTO ASCII_Prestamos (FPrestamo, Carnet, Codigo, FDevolucion)
    VALUES ('2017-02-03 16:14:57', 597654174212795397, 953850576, '2017-02-03 19:41:41');
INSERT INTO ASCII_Prestamos (FPrestamo, Carnet, Codigo, FDevolucion)
    VALUES ('2016-03-07 11:05:44', 597654174212795397, 862290062, '2016-03-07 19:05:44');


---------------- NEW USER alvaradocelia
INSERT INTO ASCII_Usuarios (Carnet, FAlta, Nombre, Apellidos, Apodo)
    VALUES (54400234517856427126, '2007-03-12 10:02:22', 'Hugo', 'Montserrat', 'alvaradocelia');

INSERT INTO ASCII_Prestamos (FPrestamo, Carnet, Codigo, FDevolucion)
    VALUES ('2010-06-19 19:28:28', 54400234517856427126, 251337722, '2010-06-19 20:15:03');
INSERT INTO ASCII_Recomendaciones (Carnet, Base, Recomendacion)
 VALUES (54400234517856427126, 585707220, 251337722);
INSERT INTO ASCII_Prestamos (FPrestamo, Carnet, Codigo, FDevolucion)
    VALUES ('2008-10-02 14:15:40', 54400234517856427126, 314225902, '2008-10-02 19:05:45');
INSERT INTO ASCII_Prestamos (FPrestamo, Carnet, Codigo, FDevolucion)
    VALUES ('2017-04-09 12:00:36', 54400234517856427126, 106749821, '2017-04-09 14:24:32');
INSERT INTO ASCII_Prestamos (FPrestamo, Carnet, Codigo, FDevolucion)
    VALUES ('2015-09-23 19:15:10', 54400234517856427126, 488201605, '2015-09-23 19:50:26');
INSERT INTO ASCII_Prestamos (FPrestamo, Carnet, Codigo, FDevolucion)
    VALUES ('2012-09-24 19:02:52', 54400234517856427126, 971648177, '2012-09-24 19:13:36');
INSERT INTO ASCII_Prestamos (FPrestamo, Carnet, Codigo, FDevolucion)
    VALUES ('2010-07-17 16:17:54', 54400234517856427126, 647931245, '2010-07-17 17:36:56');
INSERT INTO ASCII_Prestamos (FPrestamo, Carnet, Codigo, FDevolucion)
    VALUES ('2017-03-23 13:09:18', 54400234517856427126, 180014736, '2017-03-23 16:50:00');
INSERT INTO ASCII_Recomendaciones (Carnet, Base, Recomendacion)
 VALUES (54400234517856427126, 672049130, 180014736);


---------------- NEW USER julian24
INSERT INTO ASCII_Usuarios (Carnet, FAlta, Nombre, Apellidos, Apodo)
    VALUES (71643090135340875744, '2008-11-04 10:13:00', 'Antonio', 'Ribes', 'julian24');

INSERT INTO ASCII_Prestamos (FPrestamo, Carnet, Codigo, FDevolucion)
    VALUES ('2017-09-17 18:16:41', 71643090135340875744, 307357928, '2017-09-17 19:47:43');
INSERT INTO ASCII_Recomendaciones (Carnet, Base, Recomendacion)
 VALUES (71643090135340875744, 201222074, 307357928);
INSERT INTO ASCII_Prestamos (FPrestamo, Carnet, Codigo, FDevolucion)
    VALUES ('2012-06-11 15:54:21', 71643090135340875744, 953850576, '2012-06-11 16:57:38');
INSERT INTO ASCII_Prestamos (FPrestamo, Carnet, Codigo, FDevolucion)
    VALUES ('2015-10-30 14:57:46', 71643090135340875744, 670546869, '2015-10-30 15:25:05');
INSERT INTO ASCII_Prestamos (FPrestamo, Carnet, Codigo, FDevolucion)
    VALUES ('2012-12-06 16:49:31', 71643090135340875744, 571247667, '2012-12-06 18:42:21');
INSERT INTO ASCII_Prestamos (FPrestamo, Carnet, Codigo, FDevolucion)
    VALUES ('2013-01-26 11:33:08', 71643090135340875744, 47554194, '2013-01-26 18:50:06');
INSERT INTO ASCII_Prestamos (FPrestamo, Carnet, Codigo, FDevolucion)
    VALUES ('2016-01-24 11:14:53', 71643090135340875744, 409476072, '2016-01-24 20:03:14');
INSERT INTO ASCII_Prestamos (FPrestamo, Carnet, Codigo, FDevolucion)
    VALUES ('2016-04-18 09:28:45', 71643090135340875744, 837424856, '2016-04-18 10:54:24');
INSERT INTO ASCII_Prestamos (FPrestamo, Carnet, Codigo, FDevolucion)
    VALUES ('2018-08-07 13:56:45', 71643090135340875744, 341971670, '2018-08-07 19:34:34');
INSERT INTO ASCII_Prestamos (FPrestamo, Carnet, Codigo, FDevolucion)
    VALUES ('2012-11-08 15:11:40', 71643090135340875744, 201222074, '2012-11-08 19:09:44');
INSERT INTO ASCII_Prestamos (FPrestamo, Carnet, Codigo, FDevolucion)
    VALUES ('2012-11-29 11:32:27', 71643090135340875744, 657948358, '2012-11-29 12:30:39');
INSERT INTO ASCII_Recomendaciones (Carnet, Base, Recomendacion)
 VALUES (71643090135340875744, 689302586, 657948358);
INSERT INTO ASCII_Prestamos (FPrestamo, Carnet, Codigo, FDevolucion)
    VALUES ('2011-07-10 11:25:52', 71643090135340875744, 727226330, '2011-07-10 19:03:29');
INSERT INTO ASCII_Prestamos (FPrestamo, Carnet, Codigo, FDevolucion)
    VALUES ('2010-08-02 12:56:16', 71643090135340875744, 766222245, '2010-08-02 17:57:57');


---------------- NEW USER jaime95
INSERT INTO ASCII_Usuarios (Carnet, FAlta, Nombre, Apellidos, Apodo)
    VALUES (65361652732324207436, '2018-02-10 09:48:52', 'Cristian', 'Neira', 'jaime95');

INSERT INTO ASCII_Prestamos (FPrestamo, Carnet, Codigo, FDevolucion)
    VALUES ('2018-02-13 11:49:12', 65361652732324207436, 85574695, '2018-02-13 19:49:59');
INSERT INTO ASCII_Prestamos (FPrestamo, Carnet, Codigo, FDevolucion)
    VALUES ('2018-02-14 15:12:01', 65361652732324207436, 850083148, '2018-02-14 18:54:43');
INSERT INTO ASCII_Prestamos (FPrestamo, Carnet, Codigo, FDevolucion)
    VALUES ('2018-11-20 09:19:43', 65361652732324207436, 604208493, '2018-11-20 14:37:52');
INSERT INTO ASCII_Prestamos (FPrestamo, Carnet, Codigo, FDevolucion)
    VALUES ('2018-04-30 10:37:22', 65361652732324207436, 428001381, '2018-04-30 19:37:30');
INSERT INTO ASCII_Prestamos (FPrestamo, Carnet, Codigo, FDevolucion)
    VALUES ('2018-04-07 09:12:06', 65361652732324207436, 409476072, '2018-04-07 12:47:01');
INSERT INTO ASCII_Prestamos (FPrestamo, Carnet, Codigo, FDevolucion)
    VALUES ('2018-11-04 09:42:49', 65361652732324207436, 971648177, '2018-11-04 14:24:31');
INSERT INTO ASCII_Prestamos (FPrestamo, Carnet, Codigo, FDevolucion)
    VALUES ('2018-10-04 19:57:41', 65361652732324207436, 253994868, '2018-10-04 20:20:39');
INSERT INTO ASCII_Prestamos (FPrestamo, Carnet, Codigo, FDevolucion)
    VALUES ('2018-04-07 15:25:08', 65361652732324207436, 700258093, '2018-04-07 17:37:27');
INSERT INTO ASCII_Prestamos (FPrestamo, Carnet, Codigo, FDevolucion)
    VALUES ('2018-09-17 18:40:20', 65361652732324207436, 196486656, '2018-09-17 20:03:02');
INSERT INTO ASCII_Prestamos (FPrestamo, Carnet, Codigo, FDevolucion)
    VALUES ('2018-08-11 19:27:32', 65361652732324207436, 170880022, '2018-08-11 19:47:41');
INSERT INTO ASCII_Prestamos (FPrestamo, Carnet, Codigo, FDevolucion)
    VALUES ('2018-02-12 09:25:07', 65361652732324207436, 689302586, '2018-02-12 16:25:23');


---------------- NEW USER ccompany
INSERT INTO ASCII_Usuarios (Carnet, FAlta, Nombre, Apellidos, Apodo)
    VALUES (85628000601479367347, '1999-06-20 09:33:16', 'Fernando', 'Garmendia', 'ccompany');

INSERT INTO ASCII_Prestamos (FPrestamo, Carnet, Codigo, FDevolucion)
    VALUES ('2009-08-12 13:30:42', 85628000601479367347, 170880022, '2009-08-12 16:29:34');
INSERT INTO ASCII_Prestamos (FPrestamo, Carnet, Codigo, FDevolucion)
    VALUES ('2003-02-19 10:08:15', 85628000601479367347, 685941400, '2003-02-19 19:42:40');
INSERT INTO ASCII_Prestamos (FPrestamo, Carnet, Codigo, FDevolucion)
    VALUES ('2001-02-21 17:03:05', 85628000601479367347, 271974491, '2001-02-21 18:01:52');
INSERT INTO ASCII_Prestamos (FPrestamo, Carnet, Codigo, FDevolucion)
    VALUES ('2010-01-10 09:41:44', 85628000601479367347, 698357582, '2010-01-10 19:42:54');
INSERT INTO ASCII_Prestamos (FPrestamo, Carnet, Codigo, FDevolucion)
    VALUES ('2014-02-28 15:38:23', 85628000601479367347, 428001381, '2014-02-28 16:34:24');
INSERT INTO ASCII_Recomendaciones (Carnet, Base, Recomendacion)
 VALUES (85628000601479367347, 566157944, 428001381);
INSERT INTO ASCII_Prestamos (FPrestamo, Carnet, Codigo, FDevolucion)
    VALUES ('2012-03-08 18:54:51', 85628000601479367347, 964977585, '2012-03-08 19:44:43');
INSERT INTO ASCII_Prestamos (FPrestamo, Carnet, Codigo, FDevolucion)
    VALUES ('2011-01-15 16:05:35', 85628000601479367347, 657948358, '2011-01-15 16:52:49');
INSERT INTO ASCII_Prestamos (FPrestamo, Carnet, Codigo, FDevolucion)
    VALUES ('2010-02-25 15:16:49', 85628000601479367347, 393545356, '2010-02-25 18:20:55');
INSERT INTO ASCII_Prestamos (FPrestamo, Carnet, Codigo, FDevolucion)
    VALUES ('2014-10-06 18:20:51', 85628000601479367347, 128859739, '2014-10-06 20:10:57');
INSERT INTO ASCII_Prestamos (FPrestamo, Carnet, Codigo, FDevolucion)
    VALUES ('1999-07-11 19:28:41', 85628000601479367347, 700258093, '1999-07-11 20:21:43');
INSERT INTO ASCII_Prestamos (FPrestamo, Carnet, Codigo, FDevolucion)
    VALUES ('2005-12-20 16:04:21', 85628000601479367347, 131733386, '2005-12-20 17:04:10');
INSERT INTO ASCII_Prestamos (FPrestamo, Carnet, Codigo, FDevolucion)
    VALUES ('2015-08-08 18:23:45', 85628000601479367347, 360700172, '2015-08-08 20:00:29');
INSERT INTO ASCII_Prestamos (FPrestamo, Carnet, Codigo, FDevolucion)
    VALUES ('2005-02-11 16:28:58', 85628000601479367347, 850083148, '2005-02-11 17:43:48');
INSERT INTO ASCII_Prestamos (FPrestamo, Carnet, Codigo, FDevolucion)
    VALUES ('2014-01-23 13:24:22', 85628000601479367347, 870139361, '2014-01-23 17:46:14');
INSERT INTO ASCII_Prestamos (FPrestamo, Carnet, Codigo, FDevolucion)
    VALUES ('2010-12-28 16:52:56', 85628000601479367347, 850083148, '2010-12-28 18:54:06');
INSERT INTO ASCII_Prestamos (FPrestamo, Carnet, Codigo, FDevolucion)
    VALUES ('2005-03-21 10:57:49', 85628000601479367347, 467479744, '2005-03-21 12:13:58');
INSERT INTO ASCII_Prestamos (FPrestamo, Carnet, Codigo, FDevolucion)
    VALUES ('2016-11-03 09:48:37', 85628000601479367347, 527398674, '2016-11-03 12:08:50');
INSERT INTO ASCII_Prestamos (FPrestamo, Carnet, Codigo, FDevolucion)
    VALUES ('2005-05-06 09:01:16', 85628000601479367347, 980789108, '2005-05-06 16:18:29');
INSERT INTO ASCII_Prestamos (FPrestamo, Carnet, Codigo, FDevolucion)
    VALUES ('2008-03-01 10:51:43', 85628000601479367347, 952346420, '2008-03-01 18:46:00');
INSERT INTO ASCII_Recomendaciones (Carnet, Base, Recomendacion)
 VALUES (85628000601479367347, 657948358, 952346420);
INSERT INTO ASCII_Prestamos (FPrestamo, Carnet, Codigo, FDevolucion)
    VALUES ('2007-08-16 12:52:57', 85628000601479367347, 47554194, '2007-08-16 18:24:26');
INSERT INTO ASCII_Prestamos (FPrestamo, Carnet, Codigo, FDevolucion)
    VALUES ('2017-06-17 15:24:04', 85628000601479367347, 887208567, '2017-06-17 20:03:27');
INSERT INTO ASCII_Prestamos (FPrestamo, Carnet, Codigo, FDevolucion)
    VALUES ('2014-04-08 19:17:32', 85628000601479367347, 251337722, '2014-04-08 19:19:27');
INSERT INTO ASCII_Prestamos (FPrestamo, Carnet, Codigo, FDevolucion)
    VALUES ('2008-02-21 19:48:19', 85628000601479367347, 890814220, '2008-02-21 20:28:49');
INSERT INTO ASCII_Prestamos (FPrestamo, Carnet, Codigo, FDevolucion)
    VALUES ('2018-05-28 18:22:14', 85628000601479367347, 290125844, '2018-05-28 19:59:34');
INSERT INTO ASCII_Prestamos (FPrestamo, Carnet, Codigo, FDevolucion)
    VALUES ('2014-06-07 13:08:39', 85628000601479367347, 971648177, '2014-06-07 18:57:04');
INSERT INTO ASCII_Prestamos (FPrestamo, Carnet, Codigo, FDevolucion)
    VALUES ('2005-08-02 09:50:56', 85628000601479367347, 868808044, '2005-08-02 11:03:25');
INSERT INTO ASCII_Prestamos (FPrestamo, Carnet, Codigo, FDevolucion)
    VALUES ('1999-08-12 17:20:34', 85628000601479367347, 462839979, '1999-08-12 18:23:36');
INSERT INTO ASCII_Prestamos (FPrestamo, Carnet, Codigo, FDevolucion)
    VALUES ('2011-03-15 18:17:55', 85628000601479367347, 84694334, '2011-03-15 19:30:43');
INSERT INTO ASCII_Prestamos (FPrestamo, Carnet, Codigo, FDevolucion)
    VALUES ('2013-04-29 17:07:17', 85628000601479367347, 964977585, '2013-04-29 18:07:41');
INSERT INTO ASCII_Prestamos (FPrestamo, Carnet, Codigo, FDevolucion)
    VALUES ('2010-10-31 12:49:52', 85628000601479367347, 507490311, '2010-10-31 16:57:48');
INSERT INTO ASCII_Prestamos (FPrestamo, Carnet, Codigo, FDevolucion)
    VALUES ('2007-07-03 16:06:24', 85628000601479367347, 845078739, '2007-07-03 17:18:38');
INSERT INTO ASCII_Prestamos (FPrestamo, Carnet, Codigo, FDevolucion)
    VALUES ('2004-08-29 18:10:15', 85628000601479367347, 604208493, '2004-08-29 18:15:00');
INSERT INTO ASCII_Prestamos (FPrestamo, Carnet, Codigo, FDevolucion)
    VALUES ('2013-07-01 18:56:48', 85628000601479367347, 286701931, '2013-07-01 20:25:34');
INSERT INTO ASCII_Prestamos (FPrestamo, Carnet, Codigo, FDevolucion)
    VALUES ('2006-10-27 12:30:21', 85628000601479367347, 271974491, '2006-10-27 13:55:06');
INSERT INTO ASCII_Prestamos (FPrestamo, Carnet, Codigo, FDevolucion)
    VALUES ('2016-12-26 18:53:53', 85628000601479367347, 507490311, '2016-12-26 19:34:37');
INSERT INTO ASCII_Prestamos (FPrestamo, Carnet, Codigo, FDevolucion)
    VALUES ('2010-11-02 18:27:24', 85628000601479367347, 670546869, '2010-11-02 19:13:06');
INSERT INTO ASCII_Prestamos (FPrestamo, Carnet, Codigo, FDevolucion)
    VALUES ('2012-04-13 16:29:49', 85628000601479367347, 903717553, '2012-04-13 18:18:49');
INSERT INTO ASCII_Prestamos (FPrestamo, Carnet, Codigo, FDevolucion)
    VALUES ('2010-02-24 13:44:54', 85628000601479367347, 958333580, '2010-02-24 17:25:26');
INSERT INTO ASCII_Prestamos (FPrestamo, Carnet, Codigo, FDevolucion)
    VALUES ('2013-07-24 11:52:37', 85628000601479367347, 703854585, '2013-07-24 20:00:22');
INSERT INTO ASCII_Recomendaciones (Carnet, Base, Recomendacion)
 VALUES (85628000601479367347, 467479744, 703854585);
INSERT INTO ASCII_Prestamos (FPrestamo, Carnet, Codigo, FDevolucion)
    VALUES ('2015-06-27 16:04:24', 85628000601479367347, 958333580, '2015-06-27 17:29:07');
INSERT INTO ASCII_Prestamos (FPrestamo, Carnet, Codigo, FDevolucion)
    VALUES ('2016-04-30 13:53:29', 85628000601479367347, 887208567, '2016-04-30 16:35:46');
INSERT INTO ASCII_Recomendaciones (Carnet, Base, Recomendacion)
 VALUES (85628000601479367347, 971648177, 887208567);
INSERT INTO ASCII_Prestamos (FPrestamo, Carnet, Codigo, FDevolucion)
    VALUES ('2004-01-16 12:17:19', 85628000601479367347, 409476072, '2004-01-16 18:24:49');
INSERT INTO ASCII_Prestamos (FPrestamo, Carnet, Codigo, FDevolucion)
    VALUES ('2016-04-22 13:30:55', 85628000601479367347, 369113628, '2016-04-22 15:11:19');
INSERT INTO ASCII_Prestamos (FPrestamo, Carnet, Codigo, FDevolucion)
    VALUES ('2001-07-09 14:02:49', 85628000601479367347, 868808044, '2001-07-09 15:29:56');
INSERT INTO ASCII_Prestamos (FPrestamo, Carnet, Codigo, FDevolucion)
    VALUES ('2018-11-19 14:23:49', 85628000601479367347, 242380829, '2018-11-19 16:02:11');
INSERT INTO ASCII_Prestamos (FPrestamo, Carnet, Codigo, FDevolucion)
    VALUES ('2004-04-28 09:44:58', 85628000601479367347, 430588711, '2004-04-28 20:36:02');
INSERT INTO ASCII_Prestamos (FPrestamo, Carnet, Codigo, FDevolucion)
    VALUES ('2004-11-25 15:39:57', 85628000601479367347, 617920706, '2004-11-25 18:41:58');
INSERT INTO ASCII_Prestamos (FPrestamo, Carnet, Codigo, FDevolucion)
    VALUES ('2005-09-29 18:31:29', 85628000601479367347, 45166485, '2005-09-29 20:19:17');
INSERT INTO ASCII_Prestamos (FPrestamo, Carnet, Codigo, FDevolucion)
    VALUES ('2010-06-24 09:36:45', 85628000601479367347, 542097873, '2010-06-24 11:07:43');
INSERT INTO ASCII_Prestamos (FPrestamo, Carnet, Codigo, FDevolucion)
    VALUES ('2000-12-17 18:23:05', 85628000601479367347, 604208493, '2000-12-17 19:02:27');
INSERT INTO ASCII_Prestamos (FPrestamo, Carnet, Codigo, FDevolucion)
    VALUES ('2011-04-09 09:09:32', 85628000601479367347, 156146678, '2011-04-09 10:38:01');
INSERT INTO ASCII_Prestamos (FPrestamo, Carnet, Codigo, FDevolucion)
    VALUES ('2007-11-05 09:28:59', 85628000601479367347, 338686884, '2007-11-05 19:26:39');
INSERT INTO ASCII_Recomendaciones (Carnet, Base, Recomendacion)
 VALUES (85628000601479367347, 958333580, 338686884);
INSERT INTO ASCII_Prestamos (FPrestamo, Carnet, Codigo, FDevolucion)
    VALUES ('2014-12-11 14:56:57', 85628000601479367347, 677770956, '2014-12-11 20:21:16');
INSERT INTO ASCII_Prestamos (FPrestamo, Carnet, Codigo, FDevolucion)
    VALUES ('2000-11-05 11:14:53', 85628000601479367347, 837424856, '2000-11-05 15:19:52');
INSERT INTO ASCII_Prestamos (FPrestamo, Carnet, Codigo, FDevolucion)
    VALUES ('2000-05-27 19:54:11', 85628000601479367347, 196486656, '2000-05-27 20:32:20');
INSERT INTO ASCII_Prestamos (FPrestamo, Carnet, Codigo, FDevolucion)
    VALUES ('2011-10-17 12:36:28', 85628000601479367347, 643443091, '2011-10-17 13:01:41');
INSERT INTO ASCII_Prestamos (FPrestamo, Carnet, Codigo, FDevolucion)
    VALUES ('2007-09-18 12:31:06', 85628000601479367347, 331049936, '2007-09-18 17:24:55');
INSERT INTO ASCII_Prestamos (FPrestamo, Carnet, Codigo, FDevolucion)
    VALUES ('2017-03-20 15:23:40', 85628000601479367347, 879139789, '2017-03-20 19:51:31');
INSERT INTO ASCII_Prestamos (FPrestamo, Carnet, Codigo, FDevolucion)
    VALUES ('1999-12-21 15:51:16', 85628000601479367347, 18635348, '1999-12-21 17:16:21');
INSERT INTO ASCII_Prestamos (FPrestamo, Carnet, Codigo, FDevolucion)
    VALUES ('2011-12-31 12:32:00', 85628000601479367347, 903717553, '2011-12-31 13:34:10');
INSERT INTO ASCII_Prestamos (FPrestamo, Carnet, Codigo, FDevolucion)
    VALUES ('2009-04-20 18:36:44', 85628000601479367347, 670546869, '2009-04-20 20:24:50');
INSERT INTO ASCII_Prestamos (FPrestamo, Carnet, Codigo, FDevolucion)
    VALUES ('2001-08-31 13:35:23', 85628000601479367347, 361185658, '2001-09-01 06:41:45');
INSERT INTO ASCII_Prestamos (FPrestamo, Carnet, Codigo, FDevolucion)
    VALUES ('2005-12-08 13:48:02', 85628000601479367347, 887208567, '2005-12-08 15:52:48');
INSERT INTO ASCII_Prestamos (FPrestamo, Carnet, Codigo, FDevolucion)
    VALUES ('2018-10-24 14:27:19', 85628000601479367347, 820749428, '2018-10-24 20:24:36');
INSERT INTO ASCII_Recomendaciones (Carnet, Base, Recomendacion)
 VALUES (85628000601479367347, 604208493, 820749428);
INSERT INTO ASCII_Prestamos (FPrestamo, Carnet, Codigo, FDevolucion)
    VALUES ('2016-08-19 13:10:24', 85628000601479367347, 925327567, '2016-08-19 13:26:48');
INSERT INTO ASCII_Prestamos (FPrestamo, Carnet, Codigo, FDevolucion)
    VALUES ('1999-09-22 14:00:03', 85628000601479367347, 840655483, '1999-09-22 17:25:04');
INSERT INTO ASCII_Prestamos (FPrestamo, Carnet, Codigo, FDevolucion)
    VALUES ('2011-01-01 09:39:47', 85628000601479367347, 647931245, '2011-01-01 17:48:14');
INSERT INTO ASCII_Prestamos (FPrestamo, Carnet, Codigo, FDevolucion)
    VALUES ('2012-07-30 13:29:02', 85628000601479367347, 758589576, '2012-07-30 15:29:38');
INSERT INTO ASCII_Prestamos (FPrestamo, Carnet, Codigo, FDevolucion)
    VALUES ('2002-09-20 16:37:30', 85628000601479367347, 253994868, '2002-09-20 19:59:24');
INSERT INTO ASCII_Prestamos (FPrestamo, Carnet, Codigo, FDevolucion)
    VALUES ('2006-05-23 18:54:18', 85628000601479367347, 585707220, '2006-05-23 20:52:36');
INSERT INTO ASCII_Prestamos (FPrestamo, Carnet, Codigo, FDevolucion)
    VALUES ('2004-01-15 10:45:39', 85628000601479367347, 251337722, '2004-01-15 20:22:39');
INSERT INTO ASCII_Prestamos (FPrestamo, Carnet, Codigo, FDevolucion)
    VALUES ('1999-11-17 19:48:14', 85628000601479367347, 428001381, '1999-11-17 19:50:13');
INSERT INTO ASCII_Prestamos (FPrestamo, Carnet, Codigo, FDevolucion)
    VALUES ('2016-10-25 19:53:47', 85628000601479367347, 338686884, '2016-10-25 20:47:20');
INSERT INTO ASCII_Prestamos (FPrestamo, Carnet, Codigo, FDevolucion)
    VALUES ('2008-10-31 19:54:58', 85628000601479367347, 930265900, '2008-10-31 20:17:30');
INSERT INTO ASCII_Prestamos (FPrestamo, Carnet, Codigo, FDevolucion)
    VALUES ('2011-04-26 15:25:55', 85628000601479367347, 438834923, '2011-04-26 18:21:40');
INSERT INTO ASCII_Recomendaciones (Carnet, Base, Recomendacion)
 VALUES (85628000601479367347, 950526760, 438834923);
INSERT INTO ASCII_Prestamos (FPrestamo, Carnet, Codigo, FDevolucion)
    VALUES ('2011-04-08 11:15:23', 85628000601479367347, 338686884, '2011-04-08 18:09:37');
INSERT INTO ASCII_Prestamos (FPrestamo, Carnet, Codigo, FDevolucion)
    VALUES ('2013-08-23 16:43:55', 85628000601479367347, 314225902, '2013-08-23 18:03:29');
INSERT INTO ASCII_Prestamos (FPrestamo, Carnet, Codigo, FDevolucion)
    VALUES ('2005-07-24 11:54:53', 85628000601479367347, 37958394, '2005-07-24 19:31:54');
INSERT INTO ASCII_Prestamos (FPrestamo, Carnet, Codigo, FDevolucion)
    VALUES ('2000-07-22 19:19:53', 85628000601479367347, 677770956, '2000-07-22 19:48:54');
INSERT INTO ASCII_Prestamos (FPrestamo, Carnet, Codigo, FDevolucion)
    VALUES ('2012-04-23 14:28:18', 85628000601479367347, 822999051, '2012-04-23 17:13:56');
INSERT INTO ASCII_Prestamos (FPrestamo, Carnet, Codigo, FDevolucion)
    VALUES ('2002-04-18 19:00:07', 85628000601479367347, 369113628, '2002-04-18 19:42:27');
INSERT INTO ASCII_Prestamos (FPrestamo, Carnet, Codigo, FDevolucion)
    VALUES ('2018-08-05 13:18:19', 85628000601479367347, 647931245, '2018-08-05 17:49:20');
INSERT INTO ASCII_Recomendaciones (Carnet, Base, Recomendacion)
 VALUES (85628000601479367347, 571247667, 647931245);
INSERT INTO ASCII_Prestamos (FPrestamo, Carnet, Codigo, FDevolucion)
    VALUES ('2004-12-26 11:15:55', 85628000601479367347, 599287974, '2004-12-26 20:01:21');
INSERT INTO ASCII_Prestamos (FPrestamo, Carnet, Codigo, FDevolucion)
    VALUES ('2014-03-14 14:23:35', 85628000601479367347, 331049936, '2014-03-14 16:21:18');
INSERT INTO ASCII_Prestamos (FPrestamo, Carnet, Codigo, FDevolucion)
    VALUES ('2009-02-01 15:15:17', 85628000601479367347, 438834923, '2009-02-01 18:50:47');
INSERT INTO ASCII_Recomendaciones (Carnet, Base, Recomendacion)
 VALUES (85628000601479367347, 862290062, 438834923);
INSERT INTO ASCII_Prestamos (FPrestamo, Carnet, Codigo, FDevolucion)
    VALUES ('2004-10-25 11:16:39', 85628000601479367347, 682329074, '2004-10-25 19:47:40');
INSERT INTO ASCII_Recomendaciones (Carnet, Base, Recomendacion)
 VALUES (85628000601479367347, 524284071, 682329074);
INSERT INTO ASCII_Prestamos (FPrestamo, Carnet, Codigo, FDevolucion)
    VALUES ('2004-03-10 12:50:48', 85628000601479367347, 308179286, '2004-03-10 15:58:27');
INSERT INTO ASCII_Prestamos (FPrestamo, Carnet, Codigo, FDevolucion)
    VALUES ('2006-01-19 10:07:53', 85628000601479367347, 837424856, '2006-01-19 13:29:40');
INSERT INTO ASCII_Prestamos (FPrestamo, Carnet, Codigo, FDevolucion)
    VALUES ('2016-10-29 19:12:33', 85628000601479367347, 677770956, '2016-10-29 19:35:49');
INSERT INTO ASCII_Prestamos (FPrestamo, Carnet, Codigo, FDevolucion)
    VALUES ('2004-07-23 16:22:50', 85628000601479367347, 659625461, '2004-07-23 17:06:11');
INSERT INTO ASCII_Prestamos (FPrestamo, Carnet, Codigo, FDevolucion)
    VALUES ('2012-12-28 15:10:03', 85628000601479367347, 839730706, '2012-12-28 19:58:39');
INSERT INTO ASCII_Prestamos (FPrestamo, Carnet, Codigo, FDevolucion)
    VALUES ('2005-01-17 13:40:57', 85628000601479367347, 937697389, '2005-01-17 19:51:48');
INSERT INTO ASCII_Recomendaciones (Carnet, Base, Recomendacion)
 VALUES (85628000601479367347, 480674548, 937697389);
INSERT INTO ASCII_Prestamos (FPrestamo, Carnet, Codigo, FDevolucion)
    VALUES ('2018-04-18 09:38:37', 85628000601479367347, 698357582, '2018-04-18 20:36:06');
INSERT INTO ASCII_Prestamos (FPrestamo, Carnet, Codigo, FDevolucion)
    VALUES ('2010-12-04 19:31:56', 85628000601479367347, 845078739, '2010-12-04 19:55:15');
INSERT INTO ASCII_Prestamos (FPrestamo, Carnet, Codigo, FDevolucion)
    VALUES ('2015-04-19 11:09:56', 85628000601479367347, 85574695, '2015-04-19 13:48:47');
INSERT INTO ASCII_Prestamos (FPrestamo, Carnet, Codigo, FDevolucion)
    VALUES ('2016-03-14 15:14:16', 85628000601479367347, 45166485, '2016-03-14 17:38:20');
INSERT INTO ASCII_Prestamos (FPrestamo, Carnet, Codigo, FDevolucion)
    VALUES ('2011-09-11 13:03:18', 85628000601479367347, 653241348, '2011-09-11 16:56:55');
INSERT INTO ASCII_Prestamos (FPrestamo, Carnet, Codigo, FDevolucion)
    VALUES ('2010-04-27 18:48:00', 85628000601479367347, 561655840, '2010-04-27 20:07:57');
INSERT INTO ASCII_Prestamos (FPrestamo, Carnet, Codigo, FDevolucion)
    VALUES ('2017-09-07 18:20:28', 85628000601479367347, 411723132, '2017-09-07 20:05:05');
INSERT INTO ASCII_Prestamos (FPrestamo, Carnet, Codigo, FDevolucion)
    VALUES ('2006-07-19 10:08:06', 85628000601479367347, 902512489, '2006-07-19 19:00:05');
INSERT INTO ASCII_Prestamos (FPrestamo, Carnet, Codigo, FDevolucion)
    VALUES ('2005-06-03 11:01:36', 85628000601479367347, 953850576, '2005-06-03 19:56:11');
INSERT INTO ASCII_Prestamos (FPrestamo, Carnet, Codigo, FDevolucion)
    VALUES ('2010-05-07 09:37:42', 85628000601479367347, 265953115, '2010-05-07 10:51:49');
INSERT INTO ASCII_Prestamos (FPrestamo, Carnet, Codigo, FDevolucion)
    VALUES ('2010-09-30 16:50:15', 85628000601479367347, 206123333, '2010-09-30 17:47:28');
INSERT INTO ASCII_Recomendaciones (Carnet, Base, Recomendacion)
 VALUES (85628000601479367347, 489855290, 206123333);
INSERT INTO ASCII_Prestamos (FPrestamo, Carnet, Codigo, FDevolucion)
    VALUES ('2005-11-06 10:19:43', 85628000601479367347, 419138522, '2005-11-06 15:23:26');
INSERT INTO ASCII_Prestamos (FPrestamo, Carnet, Codigo, FDevolucion)
    VALUES ('2013-11-10 12:03:10', 85628000601479367347, 868808044, '2013-11-10 13:19:49');
INSERT INTO ASCII_Prestamos (FPrestamo, Carnet, Codigo, FDevolucion)
    VALUES ('2006-04-29 17:47:35', 85628000601479367347, 561655840, '2006-04-29 18:27:50');
INSERT INTO ASCII_Prestamos (FPrestamo, Carnet, Codigo, FDevolucion)
    VALUES ('2003-03-09 11:59:24', 85628000601479367347, 682329074, '2003-03-09 13:37:49');
INSERT INTO ASCII_Prestamos (FPrestamo, Carnet, Codigo, FDevolucion)
    VALUES ('2006-03-11 09:19:39', 85628000601479367347, 672049130, '2006-03-11 11:11:32');
INSERT INTO ASCII_Prestamos (FPrestamo, Carnet, Codigo, FDevolucion)
    VALUES ('1999-07-27 18:59:08', 85628000601479367347, 230128811, '1999-07-27 19:19:02');
INSERT INTO ASCII_Recomendaciones (Carnet, Base, Recomendacion)
 VALUES (85628000601479367347, 973769009, 230128811);
INSERT INTO ASCII_Prestamos (FPrestamo, Carnet, Codigo, FDevolucion)
    VALUES ('2003-12-06 11:53:41', 85628000601479367347, 253994868, '2003-12-06 16:47:25');
INSERT INTO ASCII_Prestamos (FPrestamo, Carnet, Codigo, FDevolucion)
    VALUES ('2018-05-22 12:08:03', 85628000601479367347, 411723132, '2018-05-22 15:30:54');
INSERT INTO ASCII_Prestamos (FPrestamo, Carnet, Codigo, FDevolucion)
    VALUES ('2009-07-08 12:15:32', 85628000601479367347, 242380829, '2009-07-08 12:44:37');
INSERT INTO ASCII_Prestamos (FPrestamo, Carnet, Codigo, FDevolucion)
    VALUES ('2012-06-19 10:44:30', 85628000601479367347, 438834923, '2012-06-19 16:42:34');
INSERT INTO ASCII_Recomendaciones (Carnet, Base, Recomendacion)
 VALUES (85628000601479367347, 840655483, 438834923);
INSERT INTO ASCII_Prestamos (FPrestamo, Carnet, Codigo, FDevolucion)
    VALUES ('2012-03-03 11:58:25', 85628000601479367347, 242380829, '2012-03-03 17:52:02');
INSERT INTO ASCII_Prestamos (FPrestamo, Carnet, Codigo, FDevolucion)
    VALUES ('2006-11-11 09:37:14', 85628000601479367347, 585707220, '2006-11-11 16:05:28');
INSERT INTO ASCII_Prestamos (FPrestamo, Carnet, Codigo, FDevolucion)
    VALUES ('2018-05-14 14:33:56', 85628000601479367347, 37958394, '2018-05-14 18:23:12');
INSERT INTO ASCII_Prestamos (FPrestamo, Carnet, Codigo, FDevolucion)
    VALUES ('2010-09-10 16:10:24', 85628000601479367347, 868808044, '2010-09-10 18:49:23');
INSERT INTO ASCII_Prestamos (FPrestamo, Carnet, Codigo, FDevolucion)
    VALUES ('2011-09-08 12:10:14', 85628000601479367347, 973769009, '2011-09-08 14:34:46');
INSERT INTO ASCII_Prestamos (FPrestamo, Carnet, Codigo, FDevolucion)
    VALUES ('2008-08-07 12:47:38', 85628000601479367347, 890814220, '2008-08-07 16:59:39');
INSERT INTO ASCII_Prestamos (FPrestamo, Carnet, Codigo, FDevolucion)
    VALUES ('2005-02-01 16:04:40', 85628000601479367347, 393545356, '2005-02-01 19:03:38');
INSERT INTO ASCII_Prestamos (FPrestamo, Carnet, Codigo, FDevolucion)
    VALUES ('2012-05-17 17:00:46', 85628000601479367347, 659625461, '2012-05-17 18:34:31');
INSERT INTO ASCII_Prestamos (FPrestamo, Carnet, Codigo, FDevolucion)
    VALUES ('2002-06-11 11:18:55', 85628000601479367347, 131733386, '2002-06-11 13:26:16');
INSERT INTO ASCII_Prestamos (FPrestamo, Carnet, Codigo, FDevolucion)
    VALUES ('2013-10-11 15:57:08', 85628000601479367347, 840655483, '2013-10-11 17:04:06');
INSERT INTO ASCII_Prestamos (FPrestamo, Carnet, Codigo, FDevolucion)
    VALUES ('2007-07-17 19:04:55', 85628000601479367347, 980789108, '2007-07-17 19:18:18');
INSERT INTO ASCII_Prestamos (FPrestamo, Carnet, Codigo, FDevolucion)
    VALUES ('2005-07-22 18:41:34', 85628000601479367347, 930265900, '2005-07-22 19:16:48');
INSERT INTO ASCII_Prestamos (FPrestamo, Carnet, Codigo, FDevolucion)
    VALUES ('2010-04-13 14:44:13', 85628000601479367347, 766222245, '2010-04-13 17:48:24');
INSERT INTO ASCII_Prestamos (FPrestamo, Carnet, Codigo, FDevolucion)
    VALUES ('2011-05-29 17:39:16', 85628000601479367347, 703854585, '2011-05-29 20:15:12');
INSERT INTO ASCII_Prestamos (FPrestamo, Carnet, Codigo, FDevolucion)
    VALUES ('2005-05-31 13:04:46', 85628000601479367347, 527398674, '2005-05-31 19:39:12');
INSERT INTO ASCII_Prestamos (FPrestamo, Carnet, Codigo, FDevolucion)
    VALUES ('2007-10-29 13:44:57', 85628000601479367347, 489855290, '2007-10-29 18:41:29');
INSERT INTO ASCII_Prestamos (FPrestamo, Carnet, Codigo, FDevolucion)
    VALUES ('2011-07-05 09:24:44', 85628000601479367347, 265953115, '2011-07-05 18:57:37');
INSERT INTO ASCII_Prestamos (FPrestamo, Carnet, Codigo, FDevolucion)
    VALUES ('2015-09-11 18:21:09', 85628000601479367347, 851235196, '2015-09-11 19:29:46');
INSERT INTO ASCII_Prestamos (FPrestamo, Carnet, Codigo, FDevolucion)
    VALUES ('2009-06-27 19:11:00', 85628000601479367347, 467479744, '2009-06-27 19:59:05');
INSERT INTO ASCII_Prestamos (FPrestamo, Carnet, Codigo, FDevolucion)
    VALUES ('2004-02-01 09:39:40', 85628000601479367347, 270103881, '2004-02-01 13:15:15');
INSERT INTO ASCII_Prestamos (FPrestamo, Carnet, Codigo, FDevolucion)
    VALUES ('2005-08-10 14:52:37', 85628000601479367347, 954808125, '2005-08-10 16:59:21');
INSERT INTO ASCII_Prestamos (FPrestamo, Carnet, Codigo, FDevolucion)
    VALUES ('2014-02-14 17:33:00', 85628000601479367347, 902512489, '2014-02-14 19:07:28');
INSERT INTO ASCII_Prestamos (FPrestamo, Carnet, Codigo, FDevolucion)
    VALUES ('2009-03-06 16:29:58', 85628000601479367347, 868808044, '2009-03-06 19:54:42');
INSERT INTO ASCII_Prestamos (FPrestamo, Carnet, Codigo, FDevolucion)
    VALUES ('2001-02-04 09:40:17', 85628000601479367347, 462839979, '2001-02-04 17:33:09');
INSERT INTO ASCII_Recomendaciones (Carnet, Base, Recomendacion)
 VALUES (85628000601479367347, 253994868, 462839979);
INSERT INTO ASCII_Prestamos (FPrestamo, Carnet, Codigo, FDevolucion)
    VALUES ('2003-12-24 14:24:33', 85628000601479367347, 147729606, '2003-12-24 15:02:29');
INSERT INTO ASCII_Prestamos (FPrestamo, Carnet, Codigo, FDevolucion)
    VALUES ('2008-06-22 19:52:52', 85628000601479367347, 85574695, '2008-06-22 20:52:51');
INSERT INTO ASCII_Prestamos (FPrestamo, Carnet, Codigo, FDevolucion)
    VALUES ('2007-07-31 13:46:41', 85628000601479367347, 930265900, '2007-07-31 19:34:26');
INSERT INTO ASCII_Recomendaciones (Carnet, Base, Recomendacion)
 VALUES (85628000601479367347, 617920706, 930265900);
INSERT INTO ASCII_Prestamos (FPrestamo, Carnet, Codigo, FDevolucion)
    VALUES ('2002-12-31 18:15:28', 85628000601479367347, 361185658, '2002-12-31 18:45:09');
INSERT INTO ASCII_Prestamos (FPrestamo, Carnet, Codigo, FDevolucion)
    VALUES ('2016-04-15 17:32:44', 85628000601479367347, 127915210, '2016-04-15 19:31:48');
INSERT INTO ASCII_Prestamos (FPrestamo, Carnet, Codigo, FDevolucion)
    VALUES ('2001-09-19 14:26:23', 85628000601479367347, 685941400, '2001-09-19 20:12:16');
INSERT INTO ASCII_Prestamos (FPrestamo, Carnet, Codigo, FDevolucion)
    VALUES ('2004-01-30 11:13:21', 85628000601479367347, 518990411, '2004-01-30 14:02:57');
INSERT INTO ASCII_Prestamos (FPrestamo, Carnet, Codigo, FDevolucion)
    VALUES ('2004-09-02 19:24:43', 85628000601479367347, 462839979, '2004-09-02 19:33:46');
INSERT INTO ASCII_Prestamos (FPrestamo, Carnet, Codigo, FDevolucion)
    VALUES ('2015-01-11 17:28:54', 85628000601479367347, 507490311, '2015-01-11 20:28:45');
INSERT INTO ASCII_Prestamos (FPrestamo, Carnet, Codigo, FDevolucion)
    VALUES ('2008-11-13 15:24:26', 85628000601479367347, 621287267, '2008-11-13 17:50:28');
INSERT INTO ASCII_Prestamos (FPrestamo, Carnet, Codigo, FDevolucion)
    VALUES ('2003-03-16 19:16:19', 85628000601479367347, 669879732, '2003-03-16 20:01:37');
INSERT INTO ASCII_Prestamos (FPrestamo, Carnet, Codigo, FDevolucion)
    VALUES ('2011-12-02 09:33:47', 85628000601479367347, 489855290, '2011-12-02 15:40:40');
INSERT INTO ASCII_Recomendaciones (Carnet, Base, Recomendacion)
 VALUES (85628000601479367347, 489855290, 489855290);
INSERT INTO ASCII_Prestamos (FPrestamo, Carnet, Codigo, FDevolucion)
    VALUES ('2006-10-13 11:26:06', 85628000601479367347, 170880022, '2006-10-13 20:13:28');
INSERT INTO ASCII_Prestamos (FPrestamo, Carnet, Codigo, FDevolucion)
    VALUES ('2012-11-19 19:37:22', 85628000601479367347, 268609271, '2012-11-19 19:41:38');
INSERT INTO ASCII_Prestamos (FPrestamo, Carnet, Codigo, FDevolucion)
    VALUES ('2003-12-22 12:58:26', 85628000601479367347, 800955108, '2003-12-22 17:17:13');
INSERT INTO ASCII_Prestamos (FPrestamo, Carnet, Codigo, FDevolucion)
    VALUES ('2012-10-07 12:56:39', 85628000601479367347, 106749821, '2012-10-07 16:25:26');
INSERT INTO ASCII_Prestamos (FPrestamo, Carnet, Codigo, FDevolucion)
    VALUES ('2016-08-09 09:20:55', 85628000601479367347, 481287493, '2016-08-09 19:46:32');
INSERT INTO ASCII_Prestamos (FPrestamo, Carnet, Codigo, FDevolucion)
    VALUES ('2016-06-18 15:20:00', 85628000601479367347, 839730706, '2016-06-18 17:46:02');
INSERT INTO ASCII_Prestamos (FPrestamo, Carnet, Codigo, FDevolucion)
    VALUES ('2013-09-30 10:04:03', 85628000601479367347, 155192418, '2013-09-30 14:38:10');
INSERT INTO ASCII_Prestamos (FPrestamo, Carnet, Codigo, FDevolucion)
    VALUES ('2012-08-16 14:36:58', 85628000601479367347, 308179286, '2012-08-16 18:26:27');
INSERT INTO ASCII_Prestamos (FPrestamo, Carnet, Codigo, FDevolucion)
    VALUES ('2010-07-07 14:23:03', 85628000601479367347, 669879732, '2010-07-07 16:21:48');
INSERT INTO ASCII_Prestamos (FPrestamo, Carnet, Codigo, FDevolucion)
    VALUES ('2011-11-02 19:23:58', 85628000601479367347, 954808125, '2011-11-02 19:37:58');


---------------- NEW USER walamo
INSERT INTO ASCII_Usuarios (Carnet, FAlta, Nombre, Apellidos, Apodo)
    VALUES (29907814131578467501, '2002-02-18 19:11:29', 'Sebastian', 'Bayo', 'walamo');

INSERT INTO ASCII_Prestamos (FPrestamo, Carnet, Codigo, FDevolucion)
    VALUES ('2010-02-13 19:05:33', 29907814131578467501, 428001381, '2010-02-13 19:11:07');
INSERT INTO ASCII_Recomendaciones (Carnet, Base, Recomendacion)
 VALUES (29907814131578467501, 585184362, 428001381);
INSERT INTO ASCII_Prestamos (FPrestamo, Carnet, Codigo, FDevolucion)
    VALUES ('2011-03-17 15:45:25', 29907814131578467501, 527398674, '2011-03-17 17:57:25');
INSERT INTO ASCII_Recomendaciones (Carnet, Base, Recomendacion)
 VALUES (29907814131578467501, 489855290, 527398674);
INSERT INTO ASCII_Prestamos (FPrestamo, Carnet, Codigo, FDevolucion)
    VALUES ('2002-08-13 18:27:44', 29907814131578467501, 937697389, '2002-08-13 19:35:51');
INSERT INTO ASCII_Prestamos (FPrestamo, Carnet, Codigo, FDevolucion)
    VALUES ('2013-01-25 18:11:28', 29907814131578467501, 128859739, '2013-01-25 19:09:29');
INSERT INTO ASCII_Prestamos (FPrestamo, Carnet, Codigo, FDevolucion)
    VALUES ('2009-11-06 09:14:07', 29907814131578467501, 170880022, '2009-11-06 12:21:29');
INSERT INTO ASCII_Prestamos (FPrestamo, Carnet, Codigo, FDevolucion)
    VALUES ('2017-08-08 14:32:43', 29907814131578467501, 37958394, '2017-08-08 18:32:22');
INSERT INTO ASCII_Prestamos (FPrestamo, Carnet, Codigo, FDevolucion)
    VALUES ('2014-08-20 17:50:55', 29907814131578467501, 653241348, '2014-08-20 19:42:42');
INSERT INTO ASCII_Prestamos (FPrestamo, Carnet, Codigo, FDevolucion)
    VALUES ('2009-06-24 18:51:14', 29907814131578467501, 195144846, '2009-06-24 20:41:57');
INSERT INTO ASCII_Prestamos (FPrestamo, Carnet, Codigo, FDevolucion)
    VALUES ('2012-11-24 13:36:54', 29907814131578467501, 845078739, '2012-11-24 17:19:07');
INSERT INTO ASCII_Prestamos (FPrestamo, Carnet, Codigo, FDevolucion)
    VALUES ('2009-01-13 15:28:05', 29907814131578467501, 599287974, '2009-01-13 18:04:39');
INSERT INTO ASCII_Prestamos (FPrestamo, Carnet, Codigo, FDevolucion)
    VALUES ('2002-11-23 10:39:13', 29907814131578467501, 37958394, '2002-11-23 11:23:00');
INSERT INTO ASCII_Prestamos (FPrestamo, Carnet, Codigo, FDevolucion)
    VALUES ('2007-07-20 16:44:11', 29907814131578467501, 9966371, '2007-07-20 18:05:56');
INSERT INTO ASCII_Prestamos (FPrestamo, Carnet, Codigo, FDevolucion)
    VALUES ('2006-07-25 10:59:27', 29907814131578467501, 524284071, '2006-07-25 14:25:45');
INSERT INTO ASCII_Recomendaciones (Carnet, Base, Recomendacion)
 VALUES (29907814131578467501, 314225902, 524284071);
INSERT INTO ASCII_Prestamos (FPrestamo, Carnet, Codigo, FDevolucion)
    VALUES ('2017-04-13 16:42:41', 29907814131578467501, 698357582, '2017-04-13 17:26:53');
INSERT INTO ASCII_Prestamos (FPrestamo, Carnet, Codigo, FDevolucion)
    VALUES ('2012-01-07 15:56:12', 29907814131578467501, 677770956, '2012-01-07 20:54:23');
INSERT INTO ASCII_Prestamos (FPrestamo, Carnet, Codigo, FDevolucion)
    VALUES ('2004-09-12 09:36:33', 29907814131578467501, 206123333, '2004-09-12 10:42:04');
INSERT INTO ASCII_Prestamos (FPrestamo, Carnet, Codigo, FDevolucion)
    VALUES ('2018-08-09 18:54:29', 29907814131578467501, 488201605, '2018-08-09 19:36:47');
INSERT INTO ASCII_Prestamos (FPrestamo, Carnet, Codigo, FDevolucion)
    VALUES ('2015-04-26 18:55:37', 29907814131578467501, 870139361, '2015-04-26 20:27:36');
INSERT INTO ASCII_Prestamos (FPrestamo, Carnet, Codigo, FDevolucion)
    VALUES ('2009-05-15 19:06:15', 29907814131578467501, 868808044, '2009-05-15 19:16:29');
INSERT INTO ASCII_Prestamos (FPrestamo, Carnet, Codigo, FDevolucion)
    VALUES ('2005-09-26 19:24:29', 29907814131578467501, 953850576, '2005-09-26 20:11:09');
INSERT INTO ASCII_Prestamos (FPrestamo, Carnet, Codigo, FDevolucion)
    VALUES ('2006-07-20 09:50:36', 29907814131578467501, 84694334, '2006-07-20 13:07:52');
INSERT INTO ASCII_Prestamos (FPrestamo, Carnet, Codigo, FDevolucion)
    VALUES ('2012-11-24 14:32:19', 29907814131578467501, 980789108, '2012-11-24 14:54:22');
INSERT INTO ASCII_Prestamos (FPrestamo, Carnet, Codigo, FDevolucion)
    VALUES ('2004-10-17 11:05:08', 29907814131578467501, 837424856, '2004-10-17 12:02:50');
INSERT INTO ASCII_Prestamos (FPrestamo, Carnet, Codigo, FDevolucion)
    VALUES ('2002-03-26 16:15:45', 29907814131578467501, 335793936, '2002-03-26 18:50:03');
INSERT INTO ASCII_Prestamos (FPrestamo, Carnet, Codigo, FDevolucion)
    VALUES ('2009-05-01 15:39:42', 29907814131578467501, 155192418, '2009-05-01 16:32:15');
INSERT INTO ASCII_Prestamos (FPrestamo, Carnet, Codigo, FDevolucion)
    VALUES ('2008-09-05 13:00:11', 29907814131578467501, 462839979, '2008-09-05 18:50:39');
INSERT INTO ASCII_Recomendaciones (Carnet, Base, Recomendacion)
 VALUES (29907814131578467501, 307357928, 462839979);
INSERT INTO ASCII_Prestamos (FPrestamo, Carnet, Codigo, FDevolucion)
    VALUES ('2018-01-18 10:06:04', 29907814131578467501, 703854585, '2018-01-18 16:28:15');
INSERT INTO ASCII_Prestamos (FPrestamo, Carnet, Codigo, FDevolucion)
    VALUES ('2010-09-21 18:27:40', 29907814131578467501, 428001381, '2010-09-21 20:16:24');
INSERT INTO ASCII_Prestamos (FPrestamo, Carnet, Codigo, FDevolucion)
    VALUES ('2012-05-22 14:33:26', 29907814131578467501, 251337722, '2012-05-22 20:12:51');
INSERT INTO ASCII_Prestamos (FPrestamo, Carnet, Codigo, FDevolucion)
    VALUES ('2005-12-24 13:34:54', 29907814131578467501, 840655483, '2005-12-24 15:29:42');
INSERT INTO ASCII_Prestamos (FPrestamo, Carnet, Codigo, FDevolucion)
    VALUES ('2005-10-22 15:28:23', 29907814131578467501, 964977585, '2005-10-22 18:59:37');
INSERT INTO ASCII_Prestamos (FPrestamo, Carnet, Codigo, FDevolucion)
    VALUES ('2012-03-17 12:22:25', 29907814131578467501, 700258093, '2012-03-17 14:53:11');
INSERT INTO ASCII_Prestamos (FPrestamo, Carnet, Codigo, FDevolucion)
    VALUES ('2011-02-05 13:28:47', 29907814131578467501, 45166485, '2011-02-05 14:38:32');
INSERT INTO ASCII_Prestamos (FPrestamo, Carnet, Codigo, FDevolucion)
    VALUES ('2007-06-24 16:07:06', 29907814131578467501, 308179286, '2007-06-24 19:33:17');
INSERT INTO ASCII_Prestamos (FPrestamo, Carnet, Codigo, FDevolucion)
    VALUES ('2015-08-09 17:32:37', 29907814131578467501, 206123333, '2015-08-09 20:00:17');
INSERT INTO ASCII_Prestamos (FPrestamo, Carnet, Codigo, FDevolucion)
    VALUES ('2012-01-13 14:50:16', 29907814131578467501, 84694334, '2012-01-13 15:02:15');
INSERT INTO ASCII_Prestamos (FPrestamo, Carnet, Codigo, FDevolucion)
    VALUES ('2002-05-16 19:49:20', 29907814131578467501, 653241348, '2002-05-16 20:16:25');
INSERT INTO ASCII_Recomendaciones (Carnet, Base, Recomendacion)
 VALUES (29907814131578467501, 561655840, 653241348);
INSERT INTO ASCII_Prestamos (FPrestamo, Carnet, Codigo, FDevolucion)
    VALUES ('2008-07-08 14:10:51', 29907814131578467501, 85574695, '2008-07-08 14:25:47');
INSERT INTO ASCII_Prestamos (FPrestamo, Carnet, Codigo, FDevolucion)
    VALUES ('2008-09-02 11:04:28', 29907814131578467501, 948690342, '2008-09-02 15:34:11');
INSERT INTO ASCII_Prestamos (FPrestamo, Carnet, Codigo, FDevolucion)
    VALUES ('2011-07-26 11:15:40', 29907814131578467501, 851235196, '2011-07-26 16:39:55');
INSERT INTO ASCII_Recomendaciones (Carnet, Base, Recomendacion)
 VALUES (29907814131578467501, 196486656, 851235196);
INSERT INTO ASCII_Prestamos (FPrestamo, Carnet, Codigo, FDevolucion)
    VALUES ('2016-12-18 15:17:28', 29907814131578467501, 659625461, '2016-12-18 18:52:28');
INSERT INTO ASCII_Prestamos (FPrestamo, Carnet, Codigo, FDevolucion)
    VALUES ('2009-11-11 17:34:51', 29907814131578467501, 672049130, '2009-11-11 18:40:45');
INSERT INTO ASCII_Prestamos (FPrestamo, Carnet, Codigo, FDevolucion)
    VALUES ('2005-08-27 09:14:26', 29907814131578467501, 242380829, '2005-08-27 17:15:33');
INSERT INTO ASCII_Prestamos (FPrestamo, Carnet, Codigo, FDevolucion)
    VALUES ('2014-12-10 16:10:45', 29907814131578467501, 155192418, '2014-12-10 18:44:12');
INSERT INTO ASCII_Recomendaciones (Carnet, Base, Recomendacion)
 VALUES (29907814131578467501, 647931245, 155192418);
INSERT INTO ASCII_Prestamos (FPrestamo, Carnet, Codigo, FDevolucion)
    VALUES ('2017-07-09 19:04:30', 29907814131578467501, 758589576, '2017-07-09 19:24:04');
INSERT INTO ASCII_Prestamos (FPrestamo, Carnet, Codigo, FDevolucion)
    VALUES ('2011-06-22 11:11:04', 29907814131578467501, 851235196, '2011-06-22 19:35:29');
INSERT INTO ASCII_Prestamos (FPrestamo, Carnet, Codigo, FDevolucion)
    VALUES ('2004-02-05 14:06:48', 29907814131578467501, 428001381, '2004-02-05 18:31:44');
INSERT INTO ASCII_Prestamos (FPrestamo, Carnet, Codigo, FDevolucion)
    VALUES ('2015-12-16 16:43:40', 29907814131578467501, 820749428, '2015-12-16 18:10:18');
INSERT INTO ASCII_Prestamos (FPrestamo, Carnet, Codigo, FDevolucion)
    VALUES ('2009-12-17 18:32:46', 29907814131578467501, 170880022, '2009-12-17 18:33:37');
INSERT INTO ASCII_Prestamos (FPrestamo, Carnet, Codigo, FDevolucion)
    VALUES ('2018-11-14 16:15:28', 29907814131578467501, 18635348, '2018-11-14 18:09:08');
INSERT INTO ASCII_Prestamos (FPrestamo, Carnet, Codigo, FDevolucion)
    VALUES ('2002-06-19 18:24:39', 29907814131578467501, 307357928, '2002-06-19 19:33:28');
INSERT INTO ASCII_Prestamos (FPrestamo, Carnet, Codigo, FDevolucion)
    VALUES ('2009-02-08 17:18:20', 29907814131578467501, 864419312, '2009-02-08 18:42:26');
INSERT INTO ASCII_Prestamos (FPrestamo, Carnet, Codigo, FDevolucion)
    VALUES ('2005-11-23 17:27:20', 29907814131578467501, 653241348, '2005-11-23 19:40:30');
INSERT INTO ASCII_Prestamos (FPrestamo, Carnet, Codigo, FDevolucion)
    VALUES ('2017-03-02 17:25:04', 29907814131578467501, 677770956, '2017-03-02 18:05:44');
INSERT INTO ASCII_Recomendaciones (Carnet, Base, Recomendacion)
 VALUES (29907814131578467501, 850083148, 677770956);
INSERT INTO ASCII_Prestamos (FPrestamo, Carnet, Codigo, FDevolucion)
    VALUES ('2007-01-07 09:18:37', 29907814131578467501, 952346420, '2007-01-07 11:45:06');
INSERT INTO ASCII_Prestamos (FPrestamo, Carnet, Codigo, FDevolucion)
    VALUES ('2016-06-17 17:41:08', 29907814131578467501, 156146678, '2016-06-17 17:59:06');
INSERT INTO ASCII_Prestamos (FPrestamo, Carnet, Codigo, FDevolucion)
    VALUES ('2018-10-15 16:13:27', 29907814131578467501, 954808125, '2018-10-15 19:42:04');
INSERT INTO ASCII_Recomendaciones (Carnet, Base, Recomendacion)
 VALUES (29907814131578467501, 335793936, 954808125);
INSERT INTO ASCII_Prestamos (FPrestamo, Carnet, Codigo, FDevolucion)
    VALUES ('2013-06-03 13:39:03', 29907814131578467501, 9966371, '2013-06-03 19:48:48');
INSERT INTO ASCII_Prestamos (FPrestamo, Carnet, Codigo, FDevolucion)
    VALUES ('2004-10-01 16:01:28', 29907814131578467501, 727226330, '2004-10-01 16:34:33');
INSERT INTO ASCII_Prestamos (FPrestamo, Carnet, Codigo, FDevolucion)
    VALUES ('2009-07-10 14:56:24', 29907814131578467501, 196486656, '2009-07-10 16:15:44');
INSERT INTO ASCII_Prestamos (FPrestamo, Carnet, Codigo, FDevolucion)
    VALUES ('2016-08-17 11:14:11', 29907814131578467501, 206123333, '2016-08-17 16:07:04');
INSERT INTO ASCII_Prestamos (FPrestamo, Carnet, Codigo, FDevolucion)
    VALUES ('2016-10-12 18:34:57', 29907814131578467501, 585184362, '2016-10-12 20:14:32');
INSERT INTO ASCII_Prestamos (FPrestamo, Carnet, Codigo, FDevolucion)
    VALUES ('2004-07-30 14:46:42', 29907814131578467501, 307357928, '2004-07-30 15:02:16');
INSERT INTO ASCII_Prestamos (FPrestamo, Carnet, Codigo, FDevolucion)
    VALUES ('2016-10-09 19:29:52', 29907814131578467501, 106749821, '2016-10-09 20:24:01');
INSERT INTO ASCII_Prestamos (FPrestamo, Carnet, Codigo, FDevolucion)
    VALUES ('2014-07-24 17:22:03', 29907814131578467501, 617920706, '2014-07-24 19:57:06');
INSERT INTO ASCII_Prestamos (FPrestamo, Carnet, Codigo, FDevolucion)
    VALUES ('2002-09-25 11:32:56', 29907814131578467501, 604208493, '2002-09-25 11:50:12');
INSERT INTO ASCII_Prestamos (FPrestamo, Carnet, Codigo, FDevolucion)
    VALUES ('2004-07-21 17:39:44', 29907814131578467501, 851235196, '2004-07-21 19:44:40');
INSERT INTO ASCII_Prestamos (FPrestamo, Carnet, Codigo, FDevolucion)
    VALUES ('2012-12-10 15:24:54', 29907814131578467501, 879139789, '2012-12-10 19:11:33');
INSERT INTO ASCII_Prestamos (FPrestamo, Carnet, Codigo, FDevolucion)
    VALUES ('2003-08-03 09:26:25', 29907814131578467501, 268609271, '2003-08-03 19:23:00');
INSERT INTO ASCII_Prestamos (FPrestamo, Carnet, Codigo, FDevolucion)
    VALUES ('2016-07-25 12:01:04', 29907814131578467501, 147729606, '2016-07-25 12:01:55');
INSERT INTO ASCII_Prestamos (FPrestamo, Carnet, Codigo, FDevolucion)
    VALUES ('2003-10-15 11:56:35', 29907814131578467501, 689302586, '2003-10-15 12:59:25');
INSERT INTO ASCII_Prestamos (FPrestamo, Carnet, Codigo, FDevolucion)
    VALUES ('2006-04-13 17:18:06', 29907814131578467501, 930265900, '2006-04-13 19:33:04');
INSERT INTO ASCII_Prestamos (FPrestamo, Carnet, Codigo, FDevolucion)
    VALUES ('2018-11-05 11:48:36', 29907814131578467501, 804481452, '2018-11-05 18:57:18');
INSERT INTO ASCII_Recomendaciones (Carnet, Base, Recomendacion)
 VALUES (29907814131578467501, 155192418, 804481452);
INSERT INTO ASCII_Prestamos (FPrestamo, Carnet, Codigo, FDevolucion)
    VALUES ('2013-08-17 19:46:25', 29907814131578467501, 84694334, '2013-08-17 19:53:37');
INSERT INTO ASCII_Prestamos (FPrestamo, Carnet, Codigo, FDevolucion)
    VALUES ('2011-11-15 13:19:58', 29907814131578467501, 839730706, '2011-11-15 18:44:09');
INSERT INTO ASCII_Prestamos (FPrestamo, Carnet, Codigo, FDevolucion)
    VALUES ('2014-08-31 12:55:19', 29907814131578467501, 669879732, '2014-08-31 13:42:55');
INSERT INTO ASCII_Recomendaciones (Carnet, Base, Recomendacion)
 VALUES (29907814131578467501, 84694334, 669879732);
INSERT INTO ASCII_Prestamos (FPrestamo, Carnet, Codigo, FDevolucion)
    VALUES ('2002-02-20 15:10:33', 29907814131578467501, 700258093, '2002-02-20 19:42:13');
INSERT INTO ASCII_Prestamos (FPrestamo, Carnet, Codigo, FDevolucion)
    VALUES ('2015-11-15 09:23:09', 29907814131578467501, 338686884, '2015-11-15 16:16:54');
INSERT INTO ASCII_Prestamos (FPrestamo, Carnet, Codigo, FDevolucion)
    VALUES ('2016-06-23 09:10:23', 29907814131578467501, 41169864, '2016-06-23 17:13:26');
INSERT INTO ASCII_Prestamos (FPrestamo, Carnet, Codigo, FDevolucion)
    VALUES ('2013-04-12 12:34:41', 29907814131578467501, 851235196, '2013-04-12 19:07:45');
INSERT INTO ASCII_Prestamos (FPrestamo, Carnet, Codigo, FDevolucion)
    VALUES ('2009-10-22 15:32:09', 29907814131578467501, 230128811, '2009-10-22 18:32:37');
INSERT INTO ASCII_Recomendaciones (Carnet, Base, Recomendacion)
 VALUES (29907814131578467501, 230128811, 230128811);
INSERT INTO ASCII_Prestamos (FPrestamo, Carnet, Codigo, FDevolucion)
    VALUES ('2011-06-12 11:25:42', 29907814131578467501, 253994868, '2011-06-12 14:06:41');
INSERT INTO ASCII_Prestamos (FPrestamo, Carnet, Codigo, FDevolucion)
    VALUES ('2010-12-08 12:51:50', 29907814131578467501, 419138522, '2010-12-08 16:02:22');
INSERT INTO ASCII_Prestamos (FPrestamo, Carnet, Codigo, FDevolucion)
    VALUES ('2003-12-06 12:13:11', 29907814131578467501, 335793936, '2003-12-06 19:46:20');
INSERT INTO ASCII_Prestamos (FPrestamo, Carnet, Codigo, FDevolucion)
    VALUES ('2006-07-21 09:24:30', 29907814131578467501, 971648177, '2006-07-21 13:28:28');
INSERT INTO ASCII_Prestamos (FPrestamo, Carnet, Codigo, FDevolucion)
    VALUES ('2003-05-17 17:23:37', 29907814131578467501, 585184362, '2003-05-17 18:48:04');
INSERT INTO ASCII_Prestamos (FPrestamo, Carnet, Codigo, FDevolucion)
    VALUES ('2014-08-04 15:20:24', 29907814131578467501, 308179286, '2014-08-04 18:19:37');
INSERT INTO ASCII_Prestamos (FPrestamo, Carnet, Codigo, FDevolucion)
    VALUES ('2015-11-03 12:47:19', 29907814131578467501, 838188769, '2015-11-03 13:50:08');
INSERT INTO ASCII_Prestamos (FPrestamo, Carnet, Codigo, FDevolucion)
    VALUES ('2009-09-01 10:58:29', 29907814131578467501, 604208493, '2009-09-01 20:35:41');
INSERT INTO ASCII_Prestamos (FPrestamo, Carnet, Codigo, FDevolucion)
    VALUES ('2003-03-16 12:13:46', 29907814131578467501, 839730706, '2003-03-16 15:08:17');
INSERT INTO ASCII_Prestamos (FPrestamo, Carnet, Codigo, FDevolucion)
    VALUES ('2015-11-18 09:11:24', 29907814131578467501, 839730706, '2015-11-18 11:37:42');
INSERT INTO ASCII_Recomendaciones (Carnet, Base, Recomendacion)
 VALUES (29907814131578467501, 954808125, 839730706);
INSERT INTO ASCII_Prestamos (FPrestamo, Carnet, Codigo, FDevolucion)
    VALUES ('2005-01-02 11:46:47', 29907814131578467501, 800955108, '2005-01-02 18:26:25');
INSERT INTO ASCII_Prestamos (FPrestamo, Carnet, Codigo, FDevolucion)
    VALUES ('2018-03-17 16:44:30', 29907814131578467501, 669879732, '2018-03-17 16:52:27');
INSERT INTO ASCII_Prestamos (FPrestamo, Carnet, Codigo, FDevolucion)
    VALUES ('2004-11-25 19:15:47', 29907814131578467501, 180014736, '2004-11-25 20:10:32');
INSERT INTO ASCII_Prestamos (FPrestamo, Carnet, Codigo, FDevolucion)
    VALUES ('2017-05-13 12:02:58', 29907814131578467501, 890814220, '2017-05-13 15:51:03');
INSERT INTO ASCII_Prestamos (FPrestamo, Carnet, Codigo, FDevolucion)
    VALUES ('2003-01-20 16:00:11', 29907814131578467501, 927955996, '2003-01-20 17:25:42');
INSERT INTO ASCII_Prestamos (FPrestamo, Carnet, Codigo, FDevolucion)
    VALUES ('2016-07-13 09:51:09', 29907814131578467501, 925327567, '2016-07-13 10:13:27');
INSERT INTO ASCII_Prestamos (FPrestamo, Carnet, Codigo, FDevolucion)
    VALUES ('2018-06-13 13:32:29', 29907814131578467501, 820749428, '2018-06-13 17:07:37');
INSERT INTO ASCII_Prestamos (FPrestamo, Carnet, Codigo, FDevolucion)
    VALUES ('2002-04-12 12:36:58', 29907814131578467501, 518990411, '2002-04-12 15:00:01');
INSERT INTO ASCII_Prestamos (FPrestamo, Carnet, Codigo, FDevolucion)
    VALUES ('2006-06-09 11:43:00', 29907814131578467501, 131733386, '2006-06-09 14:07:11');
INSERT INTO ASCII_Recomendaciones (Carnet, Base, Recomendacion)
 VALUES (29907814131578467501, 672049130, 131733386);
INSERT INTO ASCII_Prestamos (FPrestamo, Carnet, Codigo, FDevolucion)
    VALUES ('2010-04-11 12:23:43', 29907814131578467501, 369113628, '2010-04-11 17:42:04');
INSERT INTO ASCII_Prestamos (FPrestamo, Carnet, Codigo, FDevolucion)
    VALUES ('2009-11-02 09:26:42', 29907814131578467501, 307357928, '2009-11-02 12:09:58');
INSERT INTO ASCII_Prestamos (FPrestamo, Carnet, Codigo, FDevolucion)
    VALUES ('2014-10-15 12:59:19', 29907814131578467501, 147729606, '2014-10-15 20:56:59');
INSERT INTO ASCII_Prestamos (FPrestamo, Carnet, Codigo, FDevolucion)
    VALUES ('2008-03-28 10:43:35', 29907814131578467501, 758589576, '2008-03-28 15:52:37');
INSERT INTO ASCII_Prestamos (FPrestamo, Carnet, Codigo, FDevolucion)
    VALUES ('2004-09-04 17:35:40', 29907814131578467501, 954808125, '2004-09-04 19:40:26');
INSERT INTO ASCII_Prestamos (FPrestamo, Carnet, Codigo, FDevolucion)
    VALUES ('2014-06-09 13:18:53', 29907814131578467501, 265953115, '2014-06-09 13:39:13');
INSERT INTO ASCII_Prestamos (FPrestamo, Carnet, Codigo, FDevolucion)
    VALUES ('2003-08-31 11:49:28', 29907814131578467501, 271974491, '2003-08-31 16:41:25');
INSERT INTO ASCII_Recomendaciones (Carnet, Base, Recomendacion)
 VALUES (29907814131578467501, 980789108, 271974491);
INSERT INTO ASCII_Prestamos (FPrestamo, Carnet, Codigo, FDevolucion)
    VALUES ('2006-01-02 10:43:04', 29907814131578467501, 698357582, '2006-01-02 18:54:00');
INSERT INTO ASCII_Prestamos (FPrestamo, Carnet, Codigo, FDevolucion)
    VALUES ('2006-03-23 10:17:33', 29907814131578467501, 700258093, '2006-03-23 13:09:02');
INSERT INTO ASCII_Prestamos (FPrestamo, Carnet, Codigo, FDevolucion)
    VALUES ('2016-10-31 19:10:16', 29907814131578467501, 85574695, '2016-10-31 19:43:42');
INSERT INTO ASCII_Prestamos (FPrestamo, Carnet, Codigo, FDevolucion)
    VALUES ('2007-03-07 13:03:19', 29907814131578467501, 253994868, '2007-03-07 16:01:16');
INSERT INTO ASCII_Prestamos (FPrestamo, Carnet, Codigo, FDevolucion)
    VALUES ('2018-06-09 19:48:32', 29907814131578467501, 147729606, '2018-06-09 20:09:08');
INSERT INTO ASCII_Prestamos (FPrestamo, Carnet, Codigo, FDevolucion)
    VALUES ('2004-11-17 19:43:15', 29907814131578467501, 991317338, '2004-11-17 20:19:01');
INSERT INTO ASCII_Prestamos (FPrestamo, Carnet, Codigo, FDevolucion)
    VALUES ('2011-12-30 17:05:10', 29907814131578467501, 510980242, '2011-12-30 18:29:59');
INSERT INTO ASCII_Recomendaciones (Carnet, Base, Recomendacion)
 VALUES (29907814131578467501, 845078739, 510980242);
INSERT INTO ASCII_Prestamos (FPrestamo, Carnet, Codigo, FDevolucion)
    VALUES ('2005-03-26 17:19:59', 29907814131578467501, 156146678, '2005-03-26 19:52:47');
INSERT INTO ASCII_Prestamos (FPrestamo, Carnet, Codigo, FDevolucion)
    VALUES ('2014-10-31 14:44:31', 29907814131578467501, 462839979, '2014-10-31 18:51:48');
INSERT INTO ASCII_Prestamos (FPrestamo, Carnet, Codigo, FDevolucion)
    VALUES ('2004-07-01 15:54:06', 29907814131578467501, 727226330, '2004-07-01 17:11:29');
INSERT INTO ASCII_Prestamos (FPrestamo, Carnet, Codigo, FDevolucion)
    VALUES ('2011-04-16 16:00:28', 29907814131578467501, 585707220, '2011-04-16 19:23:27');
INSERT INTO ASCII_Prestamos (FPrestamo, Carnet, Codigo, FDevolucion)
    VALUES ('2013-04-20 15:50:59', 29907814131578467501, 155192418, '2013-04-20 20:35:24');
INSERT INTO ASCII_Prestamos (FPrestamo, Carnet, Codigo, FDevolucion)
    VALUES ('2011-12-01 16:11:25', 29907814131578467501, 980789108, '2011-12-01 18:13:43');
INSERT INTO ASCII_Prestamos (FPrestamo, Carnet, Codigo, FDevolucion)
    VALUES ('2010-10-05 14:38:12', 29907814131578467501, 617920706, '2010-10-05 19:06:04');
INSERT INTO ASCII_Prestamos (FPrestamo, Carnet, Codigo, FDevolucion)
    VALUES ('2008-01-31 16:11:34', 29907814131578467501, 669879732, '2008-01-31 18:42:31');
INSERT INTO ASCII_Prestamos (FPrestamo, Carnet, Codigo, FDevolucion)
    VALUES ('2018-03-27 15:53:04', 29907814131578467501, 47554194, '2018-03-27 18:41:04');
INSERT INTO ASCII_Prestamos (FPrestamo, Carnet, Codigo, FDevolucion)
    VALUES ('2010-04-28 14:32:32', 29907814131578467501, 800955108, '2010-04-28 18:01:50');
INSERT INTO ASCII_Prestamos (FPrestamo, Carnet, Codigo, FDevolucion)
    VALUES ('2008-08-06 12:00:16', 29907814131578467501, 527398674, '2008-08-06 17:56:06');
INSERT INTO ASCII_Prestamos (FPrestamo, Carnet, Codigo, FDevolucion)
    VALUES ('2006-05-06 18:23:55', 29907814131578467501, 127915210, '2006-05-06 19:53:39');
INSERT INTO ASCII_Prestamos (FPrestamo, Carnet, Codigo, FDevolucion)
    VALUES ('2006-01-15 16:31:14', 29907814131578467501, 435077835, '2006-01-15 19:22:32');
INSERT INTO ASCII_Prestamos (FPrestamo, Carnet, Codigo, FDevolucion)
    VALUES ('2018-01-16 17:07:45', 29907814131578467501, 271974491, '2018-01-16 18:06:44');
INSERT INTO ASCII_Prestamos (FPrestamo, Carnet, Codigo, FDevolucion)
    VALUES ('2002-11-16 14:12:30', 29907814131578467501, 838188769, '2002-11-16 17:30:06');
INSERT INTO ASCII_Prestamos (FPrestamo, Carnet, Codigo, FDevolucion)
    VALUES ('2018-09-10 18:56:28', 29907814131578467501, 672049130, '2018-09-10 19:13:37');
INSERT INTO ASCII_Prestamos (FPrestamo, Carnet, Codigo, FDevolucion)
    VALUES ('2003-06-22 17:02:26', 29907814131578467501, 419138522, '2003-06-22 17:53:13');
INSERT INTO ASCII_Prestamos (FPrestamo, Carnet, Codigo, FDevolucion)
    VALUES ('2006-06-14 13:21:00', 29907814131578467501, 196486656, '2006-06-14 18:56:34');
INSERT INTO ASCII_Prestamos (FPrestamo, Carnet, Codigo, FDevolucion)
    VALUES ('2002-03-16 19:30:29', 29907814131578467501, 685941400, '2002-03-16 19:50:29');
INSERT INTO ASCII_Prestamos (FPrestamo, Carnet, Codigo, FDevolucion)
    VALUES ('2006-06-24 17:10:25', 29907814131578467501, 361185658, '2006-06-24 20:04:42');
INSERT INTO ASCII_Prestamos (FPrestamo, Carnet, Codigo, FDevolucion)
    VALUES ('2012-07-26 12:42:53', 29907814131578467501, 653241348, '2012-07-26 19:32:42');
INSERT INTO ASCII_Prestamos (FPrestamo, Carnet, Codigo, FDevolucion)
    VALUES ('2010-05-18 18:08:49', 29907814131578467501, 270103881, '2010-05-18 18:15:48');
INSERT INTO ASCII_Prestamos (FPrestamo, Carnet, Codigo, FDevolucion)
    VALUES ('2010-06-14 17:33:17', 29907814131578467501, 982622725, '2010-06-14 20:33:16');
INSERT INTO ASCII_Recomendaciones (Carnet, Base, Recomendacion)
 VALUES (29907814131578467501, 286701931, 982622725);
INSERT INTO ASCII_Prestamos (FPrestamo, Carnet, Codigo, FDevolucion)
    VALUES ('2005-01-02 17:17:33', 29907814131578467501, 604208493, '2005-01-02 18:23:41');
INSERT INTO ASCII_Prestamos (FPrestamo, Carnet, Codigo, FDevolucion)
    VALUES ('2002-10-16 18:31:26', 29907814131578467501, 571247667, '2002-10-16 18:40:19');
INSERT INTO ASCII_Prestamos (FPrestamo, Carnet, Codigo, FDevolucion)
    VALUES ('2005-07-22 18:04:06', 29907814131578467501, 948690342, '2005-07-22 19:06:58');
INSERT INTO ASCII_Prestamos (FPrestamo, Carnet, Codigo, FDevolucion)
    VALUES ('2005-08-09 15:02:13', 29907814131578467501, 585707220, '2005-08-09 17:17:41');
INSERT INTO ASCII_Prestamos (FPrestamo, Carnet, Codigo, FDevolucion)
    VALUES ('2008-09-05 14:55:04', 29907814131578467501, 467479744, '2008-09-05 17:11:49');
INSERT INTO ASCII_Prestamos (FPrestamo, Carnet, Codigo, FDevolucion)
    VALUES ('2007-07-11 13:21:25', 29907814131578467501, 369113628, '2007-07-11 15:15:13');
INSERT INTO ASCII_Recomendaciones (Carnet, Base, Recomendacion)
 VALUES (29907814131578467501, 290125844, 369113628);
INSERT INTO ASCII_Prestamos (FPrestamo, Carnet, Codigo, FDevolucion)
    VALUES ('2015-01-01 11:30:41', 29907814131578467501, 585707220, '2015-01-01 14:39:59');
INSERT INTO ASCII_Prestamos (FPrestamo, Carnet, Codigo, FDevolucion)
    VALUES ('2003-11-06 18:51:40', 29907814131578467501, 621287267, '2003-11-06 19:27:40');
INSERT INTO ASCII_Prestamos (FPrestamo, Carnet, Codigo, FDevolucion)
    VALUES ('2009-05-22 16:20:31', 29907814131578467501, 766222245, '2009-05-22 19:01:58');
INSERT INTO ASCII_Prestamos (FPrestamo, Carnet, Codigo, FDevolucion)
    VALUES ('2002-02-23 09:20:16', 29907814131578467501, 626508891, '2002-02-23 16:50:29');
INSERT INTO ASCII_Recomendaciones (Carnet, Base, Recomendacion)
 VALUES (29907814131578467501, 973769009, 626508891);
INSERT INTO ASCII_Prestamos (FPrestamo, Carnet, Codigo, FDevolucion)
    VALUES ('2012-11-19 14:49:39', 29907814131578467501, 617920706, '2012-11-19 16:18:06');
INSERT INTO ASCII_Prestamos (FPrestamo, Carnet, Codigo, FDevolucion)
    VALUES ('2009-10-23 19:01:01', 29907814131578467501, 643443091, '2009-10-23 19:16:09');
INSERT INTO ASCII_Recomendaciones (Carnet, Base, Recomendacion)
 VALUES (29907814131578467501, 868808044, 643443091);
INSERT INTO ASCII_Prestamos (FPrestamo, Carnet, Codigo, FDevolucion)
    VALUES ('2005-12-13 13:59:25', 29907814131578467501, 840655483, '2005-12-13 18:05:19');
INSERT INTO ASCII_Prestamos (FPrestamo, Carnet, Codigo, FDevolucion)
    VALUES ('2009-10-09 13:47:02', 29907814131578467501, 954808125, '2009-10-09 16:35:33');
INSERT INTO ASCII_Prestamos (FPrestamo, Carnet, Codigo, FDevolucion)
    VALUES ('2017-04-11 18:56:56', 29907814131578467501, 409476072, '2017-04-11 20:08:22');
INSERT INTO ASCII_Prestamos (FPrestamo, Carnet, Codigo, FDevolucion)
    VALUES ('2011-10-22 19:03:30', 29907814131578467501, 903717553, '2011-10-22 19:35:33');
INSERT INTO ASCII_Prestamos (FPrestamo, Carnet, Codigo, FDevolucion)
    VALUES ('2015-03-26 18:25:29', 29907814131578467501, 409476072, '2015-03-26 20:04:59');
INSERT INTO ASCII_Prestamos (FPrestamo, Carnet, Codigo, FDevolucion)
    VALUES ('2018-02-25 13:51:10', 29907814131578467501, 268609271, '2018-02-25 19:36:55');
INSERT INTO ASCII_Prestamos (FPrestamo, Carnet, Codigo, FDevolucion)
    VALUES ('2005-06-13 14:06:38', 29907814131578467501, 361185658, '2005-06-13 16:58:07');
INSERT INTO ASCII_Prestamos (FPrestamo, Carnet, Codigo, FDevolucion)
    VALUES ('2010-07-25 19:14:20', 29907814131578467501, 672049130, '2010-07-25 20:13:12');
INSERT INTO ASCII_Prestamos (FPrestamo, Carnet, Codigo, FDevolucion)
    VALUES ('2009-08-09 13:51:18', 29907814131578467501, 703854585, '2009-08-09 20:34:53');
INSERT INTO ASCII_Prestamos (FPrestamo, Carnet, Codigo, FDevolucion)
    VALUES ('2016-10-25 15:40:38', 29907814131578467501, 435077835, '2016-10-25 17:35:01');
INSERT INTO ASCII_Recomendaciones (Carnet, Base, Recomendacion)
 VALUES (29907814131578467501, 672049130, 435077835);
INSERT INTO ASCII_Prestamos (FPrestamo, Carnet, Codigo, FDevolucion)
    VALUES ('2008-09-30 14:19:49', 29907814131578467501, 862290062, '2008-09-30 17:53:15');
INSERT INTO ASCII_Prestamos (FPrestamo, Carnet, Codigo, FDevolucion)
    VALUES ('2010-02-22 15:30:07', 29907814131578467501, 703854585, '2010-02-22 16:59:05');
INSERT INTO ASCII_Prestamos (FPrestamo, Carnet, Codigo, FDevolucion)
    VALUES ('2007-07-06 09:09:32', 29907814131578467501, 571247667, '2007-07-06 20:09:14');
INSERT INTO ASCII_Prestamos (FPrestamo, Carnet, Codigo, FDevolucion)
    VALUES ('2008-03-08 10:06:32', 29907814131578467501, 800955108, '2008-03-08 19:26:02');
INSERT INTO ASCII_Prestamos (FPrestamo, Carnet, Codigo, FDevolucion)
    VALUES ('2015-02-12 09:56:39', 29907814131578467501, 308179286, '2015-02-12 20:44:11');
INSERT INTO ASCII_Prestamos (FPrestamo, Carnet, Codigo, FDevolucion)
    VALUES ('2004-05-04 17:08:16', 29907814131578467501, 409476072, '2004-05-04 18:08:29');
INSERT INTO ASCII_Prestamos (FPrestamo, Carnet, Codigo, FDevolucion)
    VALUES ('2011-03-05 12:52:20', 29907814131578467501, 800955108, '2011-03-05 17:58:17');
INSERT INTO ASCII_Prestamos (FPrestamo, Carnet, Codigo, FDevolucion)
    VALUES ('2006-12-14 11:33:35', 29907814131578467501, 253994868, '2006-12-14 14:37:13');
INSERT INTO ASCII_Prestamos (FPrestamo, Carnet, Codigo, FDevolucion)
    VALUES ('2013-12-28 16:09:09', 29907814131578467501, 85574695, '2013-12-28 18:02:30');
INSERT INTO ASCII_Prestamos (FPrestamo, Carnet, Codigo, FDevolucion)
    VALUES ('2012-12-15 10:41:12', 29907814131578467501, 669879732, '2012-12-15 16:02:28');
INSERT INTO ASCII_Prestamos (FPrestamo, Carnet, Codigo, FDevolucion)
    VALUES ('2002-11-16 15:47:23', 29907814131578467501, 286701931, '2002-11-16 18:04:10');
INSERT INTO ASCII_Prestamos (FPrestamo, Carnet, Codigo, FDevolucion)
    VALUES ('2008-06-10 18:34:06', 29907814131578467501, 953850576, '2008-06-10 19:22:26');
INSERT INTO ASCII_Prestamos (FPrestamo, Carnet, Codigo, FDevolucion)
    VALUES ('2007-10-24 10:29:02', 29907814131578467501, 585707220, '2007-10-24 17:11:44');
INSERT INTO ASCII_Prestamos (FPrestamo, Carnet, Codigo, FDevolucion)
    VALUES ('2018-06-25 13:57:20', 29907814131578467501, 657948358, '2018-06-25 20:11:07');
INSERT INTO ASCII_Prestamos (FPrestamo, Carnet, Codigo, FDevolucion)
    VALUES ('2010-01-23 09:59:02', 29907814131578467501, 341971670, '2010-01-23 20:54:27');
INSERT INTO ASCII_Prestamos (FPrestamo, Carnet, Codigo, FDevolucion)
    VALUES ('2013-05-07 14:18:06', 29907814131578467501, 201222074, '2013-05-07 18:18:11');
INSERT INTO ASCII_Prestamos (FPrestamo, Carnet, Codigo, FDevolucion)
    VALUES ('2017-08-26 17:25:02', 29907814131578467501, 331049936, '2017-08-26 19:46:27');
INSERT INTO ASCII_Recomendaciones (Carnet, Base, Recomendacion)
 VALUES (29907814131578467501, 689302586, 331049936);
INSERT INTO ASCII_Prestamos (FPrestamo, Carnet, Codigo, FDevolucion)
    VALUES ('2016-09-01 15:01:24', 29907814131578467501, 670546869, '2016-09-01 19:05:51');
INSERT INTO ASCII_Prestamos (FPrestamo, Carnet, Codigo, FDevolucion)
    VALUES ('2016-06-09 18:37:15', 29907814131578467501, 804481452, '2016-06-09 19:48:33');
INSERT INTO ASCII_Recomendaciones (Carnet, Base, Recomendacion)
 VALUES (29907814131578467501, 851235196, 804481452);
INSERT INTO ASCII_Prestamos (FPrestamo, Carnet, Codigo, FDevolucion)
    VALUES ('2002-08-14 15:33:46', 29907814131578467501, 507490311, '2002-08-14 15:58:31');
INSERT INTO ASCII_Prestamos (FPrestamo, Carnet, Codigo, FDevolucion)
    VALUES ('2015-10-28 17:23:23', 29907814131578467501, 480674548, '2015-10-28 20:15:18');
INSERT INTO ASCII_Prestamos (FPrestamo, Carnet, Codigo, FDevolucion)
    VALUES ('2009-09-01 13:38:48', 29907814131578467501, 180014736, '2009-09-01 19:09:14');
INSERT INTO ASCII_Prestamos (FPrestamo, Carnet, Codigo, FDevolucion)
    VALUES ('2009-01-26 12:27:48', 29907814131578467501, 45166485, '2009-01-26 20:02:48');
INSERT INTO ASCII_Prestamos (FPrestamo, Carnet, Codigo, FDevolucion)
    VALUES ('2013-04-02 14:59:38', 29907814131578467501, 604208493, '2013-04-02 16:03:01');
INSERT INTO ASCII_Prestamos (FPrestamo, Carnet, Codigo, FDevolucion)
    VALUES ('2008-12-13 13:00:39', 29907814131578467501, 195144846, '2008-12-13 14:04:00');
INSERT INTO ASCII_Recomendaciones (Carnet, Base, Recomendacion)
 VALUES (29907814131578467501, 196486656, 195144846);
INSERT INTO ASCII_Prestamos (FPrestamo, Carnet, Codigo, FDevolucion)
    VALUES ('2004-04-14 16:25:59', 29907814131578467501, 954808125, '2004-04-14 20:03:18');
INSERT INTO ASCII_Prestamos (FPrestamo, Carnet, Codigo, FDevolucion)
    VALUES ('2004-01-14 14:36:12', 29907814131578467501, 265953115, '2004-01-14 17:44:04');
INSERT INTO ASCII_Prestamos (FPrestamo, Carnet, Codigo, FDevolucion)
    VALUES ('2008-07-22 14:25:48', 29907814131578467501, 685941400, '2008-07-22 16:56:21');
INSERT INTO ASCII_Prestamos (FPrestamo, Carnet, Codigo, FDevolucion)
    VALUES ('2003-02-19 11:02:47', 29907814131578467501, 862290062, '2003-02-19 19:02:30');
INSERT INTO ASCII_Recomendaciones (Carnet, Base, Recomendacion)
 VALUES (29907814131578467501, 672049130, 862290062);
INSERT INTO ASCII_Prestamos (FPrestamo, Carnet, Codigo, FDevolucion)
    VALUES ('2016-08-08 17:21:04', 29907814131578467501, 361185658, '2016-08-08 19:44:28');
INSERT INTO ASCII_Prestamos (FPrestamo, Carnet, Codigo, FDevolucion)
    VALUES ('2005-03-23 13:43:19', 29907814131578467501, 409476072, '2005-03-23 19:15:40');
INSERT INTO ASCII_Prestamos (FPrestamo, Carnet, Codigo, FDevolucion)
    VALUES ('2013-12-01 15:18:35', 29907814131578467501, 647931245, '2013-12-01 15:35:25');
INSERT INTO ASCII_Prestamos (FPrestamo, Carnet, Codigo, FDevolucion)
    VALUES ('2015-02-12 16:29:24', 29907814131578467501, 84694334, '2015-02-12 17:24:08');
INSERT INTO ASCII_Prestamos (FPrestamo, Carnet, Codigo, FDevolucion)
    VALUES ('2016-06-30 12:06:31', 29907814131578467501, 659625461, '2016-06-30 15:06:13');
INSERT INTO ASCII_Prestamos (FPrestamo, Carnet, Codigo, FDevolucion)
    VALUES ('2009-06-07 16:51:58', 29907814131578467501, 561655840, '2009-06-07 18:38:50');
INSERT INTO ASCII_Prestamos (FPrestamo, Carnet, Codigo, FDevolucion)
    VALUES ('2008-08-21 09:15:37', 29907814131578467501, 991317338, '2008-08-21 12:13:42');
INSERT INTO ASCII_Prestamos (FPrestamo, Carnet, Codigo, FDevolucion)
    VALUES ('2017-03-16 17:09:20', 29907814131578467501, 571247667, '2017-03-16 19:37:51');
INSERT INTO ASCII_Prestamos (FPrestamo, Carnet, Codigo, FDevolucion)
    VALUES ('2006-11-30 17:27:42', 29907814131578467501, 481287493, '2006-11-30 18:03:27');
INSERT INTO ASCII_Recomendaciones (Carnet, Base, Recomendacion)
 VALUES (29907814131578467501, 435077835, 481287493);
INSERT INTO ASCII_Prestamos (FPrestamo, Carnet, Codigo, FDevolucion)
    VALUES ('2014-07-10 11:28:11', 29907814131578467501, 37958394, '2014-07-10 11:54:14');
INSERT INTO ASCII_Prestamos (FPrestamo, Carnet, Codigo, FDevolucion)
    VALUES ('2002-06-10 09:18:16', 29907814131578467501, 85574695, '2002-06-10 17:48:32');
INSERT INTO ASCII_Prestamos (FPrestamo, Carnet, Codigo, FDevolucion)
    VALUES ('2014-09-03 16:51:55', 29907814131578467501, 700258093, '2014-09-03 17:39:58');
INSERT INTO ASCII_Prestamos (FPrestamo, Carnet, Codigo, FDevolucion)
    VALUES ('2017-08-05 19:28:31', 29907814131578467501, 524284071, '2017-08-05 20:05:38');
INSERT INTO ASCII_Prestamos (FPrestamo, Carnet, Codigo, FDevolucion)
    VALUES ('2003-03-31 12:44:37', 29907814131578467501, 682329074, '2003-03-31 13:00:42');
INSERT INTO ASCII_Prestamos (FPrestamo, Carnet, Codigo, FDevolucion)
    VALUES ('2007-10-11 15:48:47', 29907814131578467501, 428001381, '2007-10-11 16:20:42');
INSERT INTO ASCII_Prestamos (FPrestamo, Carnet, Codigo, FDevolucion)
    VALUES ('2011-02-02 09:03:54', 29907814131578467501, 9966371, '2011-02-02 16:04:28');
INSERT INTO ASCII_Prestamos (FPrestamo, Carnet, Codigo, FDevolucion)
    VALUES ('2013-08-02 16:54:29', 29907814131578467501, 18635348, '2013-08-02 17:27:58');
INSERT INTO ASCII_Prestamos (FPrestamo, Carnet, Codigo, FDevolucion)
    VALUES ('2014-11-18 19:57:20', 29907814131578467501, 438834923, '2014-11-18 20:05:08');
INSERT INTO ASCII_Prestamos (FPrestamo, Carnet, Codigo, FDevolucion)
    VALUES ('2012-09-28 17:51:02', 29907814131578467501, 682329074, '2012-09-28 18:06:58');
INSERT INTO ASCII_Prestamos (FPrestamo, Carnet, Codigo, FDevolucion)
    VALUES ('2016-05-22 10:22:23', 29907814131578467501, 45166485, '2016-05-22 15:08:15');
INSERT INTO ASCII_Prestamos (FPrestamo, Carnet, Codigo, FDevolucion)
    VALUES ('2007-01-16 11:01:50', 29907814131578467501, 838188769, '2007-01-16 19:42:32');
INSERT INTO ASCII_Prestamos (FPrestamo, Carnet, Codigo, FDevolucion)
    VALUES ('2009-08-22 19:05:11', 29907814131578467501, 887208567, '2009-08-22 19:16:34');
INSERT INTO ASCII_Prestamos (FPrestamo, Carnet, Codigo, FDevolucion)
    VALUES ('2014-03-22 19:17:10', 29907814131578467501, 430588711, '2014-03-22 19:53:43');
INSERT INTO ASCII_Prestamos (FPrestamo, Carnet, Codigo, FDevolucion)
    VALUES ('2012-12-08 18:15:16', 29907814131578467501, 360700172, '2012-12-08 20:04:21');
INSERT INTO ASCII_Prestamos (FPrestamo, Carnet, Codigo, FDevolucion)
    VALUES ('2005-04-15 09:32:45', 29907814131578467501, 758589576, '2005-04-15 19:30:56');
INSERT INTO ASCII_Prestamos (FPrestamo, Carnet, Codigo, FDevolucion)
    VALUES ('2015-06-25 09:55:48', 29907814131578467501, 950526760, '2015-06-25 18:06:09');
INSERT INTO ASCII_Prestamos (FPrestamo, Carnet, Codigo, FDevolucion)
    VALUES ('2002-03-21 10:01:06', 29907814131578467501, 481287493, '2002-03-21 17:04:02');
INSERT INTO ASCII_Prestamos (FPrestamo, Carnet, Codigo, FDevolucion)
    VALUES ('2003-03-02 12:43:03', 29907814131578467501, 727226330, '2003-03-02 14:01:58');
INSERT INTO ASCII_Prestamos (FPrestamo, Carnet, Codigo, FDevolucion)
    VALUES ('2011-06-05 16:11:15', 29907814131578467501, 18635348, '2011-06-05 16:39:23');
INSERT INTO ASCII_Prestamos (FPrestamo, Carnet, Codigo, FDevolucion)
    VALUES ('2018-01-04 10:56:34', 29907814131578467501, 85574695, '2018-01-04 14:29:00');
INSERT INTO ASCII_Prestamos (FPrestamo, Carnet, Codigo, FDevolucion)
    VALUES ('2016-03-28 10:56:04', 29907814131578467501, 524284071, '2016-03-28 19:53:16');
INSERT INTO ASCII_Prestamos (FPrestamo, Carnet, Codigo, FDevolucion)
    VALUES ('2018-11-18 12:17:29', 29907814131578467501, 677770956, '2018-11-18 14:33:36');
INSERT INTO ASCII_Prestamos (FPrestamo, Carnet, Codigo, FDevolucion)
    VALUES ('2011-08-26 12:01:58', 29907814131578467501, 758589576, '2011-08-26 15:02:40');
INSERT INTO ASCII_Prestamos (FPrestamo, Carnet, Codigo, FDevolucion)
    VALUES ('2008-09-03 11:18:52', 29907814131578467501, 851235196, '2008-09-03 15:08:04');
INSERT INTO ASCII_Recomendaciones (Carnet, Base, Recomendacion)
 VALUES (29907814131578467501, 964977585, 851235196);
INSERT INTO ASCII_Prestamos (FPrestamo, Carnet, Codigo, FDevolucion)
    VALUES ('2016-11-13 13:16:42', 29907814131578467501, 480674548, '2016-11-13 17:28:58');
INSERT INTO ASCII_Prestamos (FPrestamo, Carnet, Codigo, FDevolucion)
    VALUES ('2008-02-02 18:52:45', 29907814131578467501, 331049936, '2008-02-02 20:35:56');
INSERT INTO ASCII_Prestamos (FPrestamo, Carnet, Codigo, FDevolucion)
    VALUES ('2015-03-10 15:01:36', 29907814131578467501, 980789108, '2015-03-10 15:06:59');
INSERT INTO ASCII_Prestamos (FPrestamo, Carnet, Codigo, FDevolucion)
    VALUES ('2002-06-18 16:17:09', 29907814131578467501, 927955996, '2002-06-18 18:47:06');
INSERT INTO ASCII_Prestamos (FPrestamo, Carnet, Codigo, FDevolucion)
    VALUES ('2005-09-22 13:48:34', 29907814131578467501, 518990411, '2005-09-22 18:33:41');
INSERT INTO ASCII_Prestamos (FPrestamo, Carnet, Codigo, FDevolucion)
    VALUES ('2018-11-19 17:55:10', 29907814131578467501, 682329074, '2018-11-19 20:13:19');
INSERT INTO ASCII_Prestamos (FPrestamo, Carnet, Codigo, FDevolucion)
    VALUES ('2008-10-26 10:32:07', 29907814131578467501, 677770956, '2008-10-26 13:10:09');
INSERT INTO ASCII_Prestamos (FPrestamo, Carnet, Codigo, FDevolucion)
    VALUES ('2011-03-19 17:27:54', 29907814131578467501, 703854585, '2011-03-19 20:20:46');
INSERT INTO ASCII_Prestamos (FPrestamo, Carnet, Codigo, FDevolucion)
    VALUES ('2015-04-02 17:43:39', 29907814131578467501, 195144846, '2015-04-02 18:51:13');
INSERT INTO ASCII_Prestamos (FPrestamo, Carnet, Codigo, FDevolucion)
    VALUES ('2010-09-15 13:56:30', 29907814131578467501, 428001381, '2010-09-15 18:18:55');
INSERT INTO ASCII_Prestamos (FPrestamo, Carnet, Codigo, FDevolucion)
    VALUES ('2018-03-22 19:23:38', 29907814131578467501, 195144846, '2018-03-22 20:08:52');
INSERT INTO ASCII_Prestamos (FPrestamo, Carnet, Codigo, FDevolucion)
    VALUES ('2014-10-30 15:03:15', 29907814131578467501, 973769009, '2014-10-30 18:57:55');
INSERT INTO ASCII_Recomendaciones (Carnet, Base, Recomendacion)
 VALUES (29907814131578467501, 411723132, 973769009);
INSERT INTO ASCII_Prestamos (FPrestamo, Carnet, Codigo, FDevolucion)
    VALUES ('2016-08-05 10:01:17', 29907814131578467501, 669879732, '2016-08-05 18:32:37');
INSERT INTO ASCII_Prestamos (FPrestamo, Carnet, Codigo, FDevolucion)
    VALUES ('2018-12-20 16:17:04', 29907814131578467501, 937697389, '2018-12-20 19:55:26');
INSERT INTO ASCII_Prestamos (FPrestamo, Carnet, Codigo, FDevolucion)
    VALUES ('2014-07-30 19:19:47', 29907814131578467501, 862290062, '2014-07-30 19:45:31');
INSERT INTO ASCII_Prestamos (FPrestamo, Carnet, Codigo, FDevolucion)
    VALUES ('2010-01-26 17:24:04', 29907814131578467501, 268609271, '2010-01-26 17:35:36');
INSERT INTO ASCII_Recomendaciones (Carnet, Base, Recomendacion)
 VALUES (29907814131578467501, 271974491, 268609271);
INSERT INTO ASCII_Prestamos (FPrestamo, Carnet, Codigo, FDevolucion)
    VALUES ('2007-10-31 14:56:10', 29907814131578467501, 308179286, '2007-10-31 16:11:07');
INSERT INTO ASCII_Prestamos (FPrestamo, Carnet, Codigo, FDevolucion)
    VALUES ('2002-12-12 09:51:34', 29907814131578467501, 925327567, '2002-12-12 19:01:09');
INSERT INTO ASCII_Prestamos (FPrestamo, Carnet, Codigo, FDevolucion)
    VALUES ('2011-04-22 12:35:59', 29907814131578467501, 982622725, '2011-04-22 17:39:09');
INSERT INTO ASCII_Prestamos (FPrestamo, Carnet, Codigo, FDevolucion)
    VALUES ('2007-09-16 11:45:09', 29907814131578467501, 838188769, '2007-09-16 13:06:10');
INSERT INTO ASCII_Prestamos (FPrestamo, Carnet, Codigo, FDevolucion)
    VALUES ('2008-01-30 11:43:37', 29907814131578467501, 270103881, '2008-01-30 15:54:57');
INSERT INTO ASCII_Prestamos (FPrestamo, Carnet, Codigo, FDevolucion)
    VALUES ('2016-02-23 18:13:17', 29907814131578467501, 903717553, '2016-02-23 19:28:34');
INSERT INTO ASCII_Prestamos (FPrestamo, Carnet, Codigo, FDevolucion)
    VALUES ('2010-02-15 13:39:59', 29907814131578467501, 45166485, '2010-02-15 15:35:09');
INSERT INTO ASCII_Prestamos (FPrestamo, Carnet, Codigo, FDevolucion)
    VALUES ('2002-04-23 11:17:41', 29907814131578467501, 409476072, '2002-04-23 18:29:54');
INSERT INTO ASCII_Prestamos (FPrestamo, Carnet, Codigo, FDevolucion)
    VALUES ('2012-03-29 18:46:55', 29907814131578467501, 850083148, '2012-03-29 19:43:48');
INSERT INTO ASCII_Prestamos (FPrestamo, Carnet, Codigo, FDevolucion)
    VALUES ('2015-12-24 09:37:29', 29907814131578467501, 672049130, '2015-12-24 16:14:15');
INSERT INTO ASCII_Prestamos (FPrestamo, Carnet, Codigo, FDevolucion)
    VALUES ('2003-01-11 10:48:51', 29907814131578467501, 527398674, '2003-01-11 13:29:00');
INSERT INTO ASCII_Prestamos (FPrestamo, Carnet, Codigo, FDevolucion)
    VALUES ('2016-11-10 14:21:55', 29907814131578467501, 9966371, '2016-11-10 19:22:58');
INSERT INTO ASCII_Prestamos (FPrestamo, Carnet, Codigo, FDevolucion)
    VALUES ('2002-12-15 17:32:00', 29907814131578467501, 131733386, '2002-12-15 18:33:13');
INSERT INTO ASCII_Prestamos (FPrestamo, Carnet, Codigo, FDevolucion)
    VALUES ('2015-03-06 16:59:29', 29907814131578467501, 467479744, '2015-03-06 18:38:49');
INSERT INTO ASCII_Prestamos (FPrestamo, Carnet, Codigo, FDevolucion)
    VALUES ('2009-01-03 18:21:29', 29907814131578467501, 647931245, '2009-01-03 20:11:33');
INSERT INTO ASCII_Prestamos (FPrestamo, Carnet, Codigo, FDevolucion)
    VALUES ('2018-05-24 14:56:58', 29907814131578467501, 201222074, '2018-05-24 19:08:32');
INSERT INTO ASCII_Prestamos (FPrestamo, Carnet, Codigo, FDevolucion)
    VALUES ('2008-07-07 15:42:29', 29907814131578467501, 617920706, '2008-07-07 16:02:00');
INSERT INTO ASCII_Prestamos (FPrestamo, Carnet, Codigo, FDevolucion)
    VALUES ('2016-08-24 18:37:20', 29907814131578467501, 37958394, '2016-08-24 18:59:10');
INSERT INTO ASCII_Recomendaciones (Carnet, Base, Recomendacion)
 VALUES (29907814131578467501, 250884700, 37958394);
INSERT INTO ASCII_Prestamos (FPrestamo, Carnet, Codigo, FDevolucion)
    VALUES ('2009-04-20 14:50:59', 29907814131578467501, 727226330, '2009-04-20 19:23:30');
INSERT INTO ASCII_Prestamos (FPrestamo, Carnet, Codigo, FDevolucion)
    VALUES ('2016-02-07 11:44:23', 29907814131578467501, 758589576, '2016-02-07 20:17:29');
INSERT INTO ASCII_Prestamos (FPrestamo, Carnet, Codigo, FDevolucion)
    VALUES ('2018-12-23 18:01:47', 29907814131578467501, 964977585, '2018-12-23 19:58:45');
INSERT INTO ASCII_Prestamos (FPrestamo, Carnet, Codigo, FDevolucion)
    VALUES ('2015-03-10 14:12:19', 29907814131578467501, 954808125, '2015-03-10 16:25:55');
INSERT INTO ASCII_Prestamos (FPrestamo, Carnet, Codigo, FDevolucion)
    VALUES ('2003-01-09 10:19:29', 29907814131578467501, 480674548, '2003-01-09 18:10:37');
INSERT INTO ASCII_Prestamos (FPrestamo, Carnet, Codigo, FDevolucion)
    VALUES ('2007-03-27 15:33:40', 29907814131578467501, 837424856, '2007-03-27 19:39:14');
INSERT INTO ASCII_Recomendaciones (Carnet, Base, Recomendacion)
 VALUES (29907814131578467501, 758589576, 837424856);
INSERT INTO ASCII_Prestamos (FPrestamo, Carnet, Codigo, FDevolucion)
    VALUES ('2008-07-25 19:47:29', 29907814131578467501, 481287493, '2008-07-25 20:09:46');
INSERT INTO ASCII_Prestamos (FPrestamo, Carnet, Codigo, FDevolucion)
    VALUES ('2014-01-23 17:35:37', 29907814131578467501, 566157944, '2014-01-23 18:43:44');
INSERT INTO ASCII_Prestamos (FPrestamo, Carnet, Codigo, FDevolucion)
    VALUES ('2013-06-24 12:01:49', 29907814131578467501, 857051941, '2013-06-24 13:28:00');
INSERT INTO ASCII_Recomendaciones (Carnet, Base, Recomendacion)
 VALUES (29907814131578467501, 950526760, 857051941);
INSERT INTO ASCII_Prestamos (FPrestamo, Carnet, Codigo, FDevolucion)
    VALUES ('2014-05-22 14:59:09', 29907814131578467501, 879139789, '2014-05-22 18:57:13');
INSERT INTO ASCII_Prestamos (FPrestamo, Carnet, Codigo, FDevolucion)
    VALUES ('2012-10-07 14:36:56', 29907814131578467501, 689302586, '2012-10-07 18:03:56');
INSERT INTO ASCII_Prestamos (FPrestamo, Carnet, Codigo, FDevolucion)
    VALUES ('2008-09-15 09:06:17', 29907814131578467501, 155192418, '2008-09-15 17:31:17');
INSERT INTO ASCII_Recomendaciones (Carnet, Base, Recomendacion)
 VALUES (29907814131578467501, 409476072, 155192418);


---------------- NEW USER asuncioncolom
INSERT INTO ASCII_Usuarios (Carnet, FAlta, Nombre, Apellidos, Apodo)
    VALUES (49853139243281725976, '1997-10-06 14:27:04', 'Fernando', 'Larrañaga', 'asuncioncolom');

INSERT INTO ASCII_Prestamos (FPrestamo, Carnet, Codigo, FDevolucion)
    VALUES ('1999-08-16 09:01:39', 49853139243281725976, 585707220, '1999-08-16 11:21:47');
INSERT INTO ASCII_Prestamos (FPrestamo, Carnet, Codigo, FDevolucion)
    VALUES ('2004-07-31 13:07:26', 49853139243281725976, 903717553, '2004-07-31 15:00:38');
INSERT INTO ASCII_Recomendaciones (Carnet, Base, Recomendacion)
 VALUES (49853139243281725976, 659625461, 903717553);
INSERT INTO ASCII_Prestamos (FPrestamo, Carnet, Codigo, FDevolucion)
    VALUES ('2004-01-17 14:41:06', 49853139243281725976, 930265900, '2004-01-17 17:09:27');
INSERT INTO ASCII_Recomendaciones (Carnet, Base, Recomendacion)
 VALUES (49853139243281725976, 156146678, 930265900);
INSERT INTO ASCII_Prestamos (FPrestamo, Carnet, Codigo, FDevolucion)
    VALUES ('2006-09-07 11:25:43', 49853139243281725976, 419138522, '2006-09-07 15:40:47');
INSERT INTO ASCII_Prestamos (FPrestamo, Carnet, Codigo, FDevolucion)
    VALUES ('1999-10-17 10:13:07', 49853139243281725976, 170880022, '1999-10-17 18:25:20');
INSERT INTO ASCII_Prestamos (FPrestamo, Carnet, Codigo, FDevolucion)
    VALUES ('2010-11-13 10:48:18', 49853139243281725976, 230128811, '2010-11-13 18:17:43');
INSERT INTO ASCII_Recomendaciones (Carnet, Base, Recomendacion)
 VALUES (49853139243281725976, 47554194, 230128811);
INSERT INTO ASCII_Prestamos (FPrestamo, Carnet, Codigo, FDevolucion)
    VALUES ('2018-06-13 10:58:56', 49853139243281725976, 585184362, '2018-06-13 11:59:53');
INSERT INTO ASCII_Prestamos (FPrestamo, Carnet, Codigo, FDevolucion)
    VALUES ('2017-11-21 17:23:10', 49853139243281725976, 758589576, '2017-11-21 19:31:35');
INSERT INTO ASCII_Prestamos (FPrestamo, Carnet, Codigo, FDevolucion)
    VALUES ('2003-06-06 10:39:50', 49853139243281725976, 868808044, '2003-06-06 13:06:30');
INSERT INTO ASCII_Recomendaciones (Carnet, Base, Recomendacion)
 VALUES (49853139243281725976, 180014736, 868808044);
INSERT INTO ASCII_Prestamos (FPrestamo, Carnet, Codigo, FDevolucion)
    VALUES ('2010-01-28 10:56:47', 49853139243281725976, 689302586, '2010-01-28 19:38:58');
INSERT INTO ASCII_Prestamos (FPrestamo, Carnet, Codigo, FDevolucion)
    VALUES ('2001-06-05 12:24:33', 49853139243281725976, 703854585, '2001-06-05 16:32:21');
INSERT INTO ASCII_Prestamos (FPrestamo, Carnet, Codigo, FDevolucion)
    VALUES ('2005-07-16 16:36:38', 49853139243281725976, 930265900, '2005-07-16 19:12:13');
INSERT INTO ASCII_Recomendaciones (Carnet, Base, Recomendacion)
 VALUES (49853139243281725976, 838188769, 930265900);
INSERT INTO ASCII_Prestamos (FPrestamo, Carnet, Codigo, FDevolucion)
    VALUES ('1999-04-19 19:56:56', 49853139243281725976, 335793936, '1999-04-19 20:22:51');
INSERT INTO ASCII_Prestamos (FPrestamo, Carnet, Codigo, FDevolucion)
    VALUES ('2016-02-03 13:20:19', 49853139243281725976, 268609271, '2016-02-03 19:49:09');
INSERT INTO ASCII_Prestamos (FPrestamo, Carnet, Codigo, FDevolucion)
    VALUES ('2003-10-16 16:45:14', 49853139243281725976, 599287974, '2003-10-16 17:02:26');
INSERT INTO ASCII_Prestamos (FPrestamo, Carnet, Codigo, FDevolucion)
    VALUES ('2007-09-30 13:32:05', 49853139243281725976, 685941400, '2007-09-30 20:21:18');
INSERT INTO ASCII_Prestamos (FPrestamo, Carnet, Codigo, FDevolucion)
    VALUES ('1999-05-06 11:14:48', 49853139243281725976, 170880022, '1999-05-06 12:56:09');
INSERT INTO ASCII_Prestamos (FPrestamo, Carnet, Codigo, FDevolucion)
    VALUES ('2010-01-25 14:55:56', 49853139243281725976, 566157944, '2010-01-25 16:42:20');
INSERT INTO ASCII_Prestamos (FPrestamo, Carnet, Codigo, FDevolucion)
    VALUES ('2008-04-27 19:45:47', 49853139243281725976, 419138522, '2008-04-27 20:08:01');
INSERT INTO ASCII_Prestamos (FPrestamo, Carnet, Codigo, FDevolucion)
    VALUES ('2006-03-16 19:48:04', 49853139243281725976, 411723132, '2006-03-16 20:10:11');
INSERT INTO ASCII_Prestamos (FPrestamo, Carnet, Codigo, FDevolucion)
    VALUES ('2010-01-13 14:37:09', 49853139243281725976, 206123333, '2010-01-13 16:19:26');
INSERT INTO ASCII_Prestamos (FPrestamo, Carnet, Codigo, FDevolucion)
    VALUES ('2003-12-19 14:19:53', 49853139243281725976, 566157944, '2003-12-19 19:28:00');
INSERT INTO ASCII_Prestamos (FPrestamo, Carnet, Codigo, FDevolucion)
    VALUES ('2015-03-23 12:14:41', 49853139243281725976, 510980242, '2015-03-23 20:00:36');
INSERT INTO ASCII_Prestamos (FPrestamo, Carnet, Codigo, FDevolucion)
    VALUES ('2011-04-04 15:42:46', 49853139243281725976, 930265900, '2011-04-04 17:26:31');
INSERT INTO ASCII_Prestamos (FPrestamo, Carnet, Codigo, FDevolucion)
    VALUES ('2014-02-26 12:51:14', 49853139243281725976, 703854585, '2014-02-26 18:54:03');
INSERT INTO ASCII_Prestamos (FPrestamo, Carnet, Codigo, FDevolucion)
    VALUES ('1998-11-27 17:30:06', 49853139243281725976, 672049130, '1998-11-27 18:05:22');
INSERT INTO ASCII_Recomendaciones (Carnet, Base, Recomendacion)
 VALUES (49853139243281725976, 467479744, 672049130);
INSERT INTO ASCII_Prestamos (FPrestamo, Carnet, Codigo, FDevolucion)
    VALUES ('2009-08-12 11:23:21', 49853139243281725976, 201222074, '2009-08-12 17:59:26');
INSERT INTO ASCII_Prestamos (FPrestamo, Carnet, Codigo, FDevolucion)
    VALUES ('2004-06-21 17:55:06', 49853139243281725976, 887208567, '2004-06-21 19:44:55');
INSERT INTO ASCII_Prestamos (FPrestamo, Carnet, Codigo, FDevolucion)
    VALUES ('2013-04-10 11:35:18', 49853139243281725976, 430588711, '2013-04-10 13:13:14');
INSERT INTO ASCII_Prestamos (FPrestamo, Carnet, Codigo, FDevolucion)
    VALUES ('1998-11-12 13:05:25', 49853139243281725976, 481287493, '1998-11-12 19:45:32');
INSERT INTO ASCII_Prestamos (FPrestamo, Carnet, Codigo, FDevolucion)
    VALUES ('2009-02-01 18:19:23', 49853139243281725976, 268609271, '2009-02-01 19:49:04');
INSERT INTO ASCII_Prestamos (FPrestamo, Carnet, Codigo, FDevolucion)
    VALUES ('2013-12-03 13:42:56', 49853139243281725976, 839730706, '2013-12-03 18:37:58');
INSERT INTO ASCII_Prestamos (FPrestamo, Carnet, Codigo, FDevolucion)
    VALUES ('2008-01-27 10:55:39', 49853139243281725976, 467479744, '2008-01-27 18:05:31');
INSERT INTO ASCII_Prestamos (FPrestamo, Carnet, Codigo, FDevolucion)
    VALUES ('2008-06-12 09:39:51', 49853139243281725976, 360700172, '2008-06-12 12:52:46');
INSERT INTO ASCII_Prestamos (FPrestamo, Carnet, Codigo, FDevolucion)
    VALUES ('2016-06-16 14:49:18', 49853139243281725976, 488201605, '2016-06-16 20:04:06');
INSERT INTO ASCII_Prestamos (FPrestamo, Carnet, Codigo, FDevolucion)
    VALUES ('2012-12-31 09:36:09', 49853139243281725976, 840655483, '2012-12-31 13:50:24');
INSERT INTO ASCII_Prestamos (FPrestamo, Carnet, Codigo, FDevolucion)
    VALUES ('2017-08-08 13:15:47', 49853139243281725976, 585184362, '2017-08-08 15:05:11');
INSERT INTO ASCII_Prestamos (FPrestamo, Carnet, Codigo, FDevolucion)
    VALUES ('2010-03-09 09:10:20', 49853139243281725976, 253994868, '2010-03-09 10:31:52');
INSERT INTO ASCII_Prestamos (FPrestamo, Carnet, Codigo, FDevolucion)
    VALUES ('2014-10-26 17:24:31', 49853139243281725976, 669879732, '2014-10-26 20:02:00');
INSERT INTO ASCII_Prestamos (FPrestamo, Carnet, Codigo, FDevolucion)
    VALUES ('2005-10-29 17:27:03', 49853139243281725976, 230128811, '2005-10-29 19:01:25');
INSERT INTO ASCII_Prestamos (FPrestamo, Carnet, Codigo, FDevolucion)
    VALUES ('2003-05-31 10:26:08', 49853139243281725976, 862290062, '2003-05-31 11:50:11');
INSERT INTO ASCII_Prestamos (FPrestamo, Carnet, Codigo, FDevolucion)
    VALUES ('2002-12-03 18:26:40', 49853139243281725976, 156146678, '2002-12-03 20:21:10');
INSERT INTO ASCII_Recomendaciones (Carnet, Base, Recomendacion)
 VALUES (49853139243281725976, 307357928, 156146678);
INSERT INTO ASCII_Prestamos (FPrestamo, Carnet, Codigo, FDevolucion)
    VALUES ('2016-05-27 16:56:56', 49853139243281725976, 201222074, '2016-05-27 19:41:08');
INSERT INTO ASCII_Prestamos (FPrestamo, Carnet, Codigo, FDevolucion)
    VALUES ('2001-05-31 14:02:49', 49853139243281725976, 927955996, '2001-05-31 17:30:40');
INSERT INTO ASCII_Prestamos (FPrestamo, Carnet, Codigo, FDevolucion)
    VALUES ('2009-12-27 18:49:45', 49853139243281725976, 952346420, '2009-12-27 20:30:05');
INSERT INTO ASCII_Prestamos (FPrestamo, Carnet, Codigo, FDevolucion)
    VALUES ('2013-10-17 13:19:57', 49853139243281725976, 542097873, '2013-10-17 17:16:01');
INSERT INTO ASCII_Prestamos (FPrestamo, Carnet, Codigo, FDevolucion)
    VALUES ('2012-08-24 15:05:45', 49853139243281725976, 838188769, '2012-08-24 16:53:33');
INSERT INTO ASCII_Prestamos (FPrestamo, Carnet, Codigo, FDevolucion)
    VALUES ('2017-09-27 12:54:04', 49853139243281725976, 510980242, '2017-09-27 20:39:24');
INSERT INTO ASCII_Prestamos (FPrestamo, Carnet, Codigo, FDevolucion)
    VALUES ('2004-04-09 18:18:46', 49853139243281725976, 360700172, '2004-04-09 19:30:44');
INSERT INTO ASCII_Prestamos (FPrestamo, Carnet, Codigo, FDevolucion)
    VALUES ('2013-06-19 09:09:53', 49853139243281725976, 862290062, '2013-06-19 14:29:33');
INSERT INTO ASCII_Prestamos (FPrestamo, Carnet, Codigo, FDevolucion)
    VALUES ('2000-03-06 18:20:37', 49853139243281725976, 621287267, '2000-03-06 19:24:09');
INSERT INTO ASCII_Prestamos (FPrestamo, Carnet, Codigo, FDevolucion)
    VALUES ('2018-12-17 19:56:12', 49853139243281725976, 286701931, '2018-12-17 20:37:14');
INSERT INTO ASCII_Prestamos (FPrestamo, Carnet, Codigo, FDevolucion)
    VALUES ('2003-08-15 17:02:32', 49853139243281725976, 180014736, '2003-08-15 18:07:07');
INSERT INTO ASCII_Prestamos (FPrestamo, Carnet, Codigo, FDevolucion)
    VALUES ('2018-04-12 13:26:08', 49853139243281725976, 127915210, '2018-04-12 18:18:16');
INSERT INTO ASCII_Recomendaciones (Carnet, Base, Recomendacion)
 VALUES (49853139243281725976, 864419312, 127915210);
INSERT INTO ASCII_Prestamos (FPrestamo, Carnet, Codigo, FDevolucion)
    VALUES ('2001-04-04 19:38:11', 49853139243281725976, 890814220, '2001-04-04 19:46:17');
INSERT INTO ASCII_Prestamos (FPrestamo, Carnet, Codigo, FDevolucion)
    VALUES ('2014-08-11 13:21:18', 49853139243281725976, 37958394, '2014-08-11 18:33:45');
INSERT INTO ASCII_Prestamos (FPrestamo, Carnet, Codigo, FDevolucion)
    VALUES ('2006-03-11 11:53:31', 49853139243281725976, 430588711, '2006-03-11 16:44:27');
INSERT INTO ASCII_Prestamos (FPrestamo, Carnet, Codigo, FDevolucion)
    VALUES ('2008-04-05 14:46:50', 49853139243281725976, 128859739, '2008-04-05 15:47:38');
INSERT INTO ASCII_Prestamos (FPrestamo, Carnet, Codigo, FDevolucion)
    VALUES ('2009-07-20 11:00:03', 49853139243281725976, 758589576, '2009-07-20 11:14:35');
INSERT INTO ASCII_Prestamos (FPrestamo, Carnet, Codigo, FDevolucion)
    VALUES ('2002-04-09 18:11:33', 49853139243281725976, 670546869, '2002-04-09 18:37:13');
INSERT INTO ASCII_Prestamos (FPrestamo, Carnet, Codigo, FDevolucion)
    VALUES ('1998-09-18 12:18:51', 49853139243281725976, 837424856, '1998-09-18 19:05:32');
INSERT INTO ASCII_Prestamos (FPrestamo, Carnet, Codigo, FDevolucion)
    VALUES ('1998-10-11 12:36:17', 49853139243281725976, 201222074, '1998-10-11 17:40:41');
INSERT INTO ASCII_Prestamos (FPrestamo, Carnet, Codigo, FDevolucion)
    VALUES ('2018-08-01 13:37:00', 49853139243281725976, 670546869, '2018-08-01 19:50:47');
INSERT INTO ASCII_Prestamos (FPrestamo, Carnet, Codigo, FDevolucion)
    VALUES ('2005-06-02 10:47:44', 49853139243281725976, 561655840, '2005-06-02 11:35:22');
INSERT INTO ASCII_Prestamos (FPrestamo, Carnet, Codigo, FDevolucion)
    VALUES ('2007-02-25 14:17:38', 49853139243281725976, 700258093, '2007-02-25 15:18:37');
INSERT INTO ASCII_Prestamos (FPrestamo, Carnet, Codigo, FDevolucion)
    VALUES ('1998-02-26 15:22:00', 49853139243281725976, 685941400, '1998-02-26 15:26:07');
INSERT INTO ASCII_Prestamos (FPrestamo, Carnet, Codigo, FDevolucion)
    VALUES ('1999-08-02 19:12:21', 49853139243281725976, 314225902, '1999-08-02 19:30:14');
INSERT INTO ASCII_Prestamos (FPrestamo, Carnet, Codigo, FDevolucion)
    VALUES ('2009-05-31 13:23:58', 49853139243281725976, 9966371, '2009-05-31 16:26:39');
INSERT INTO ASCII_Prestamos (FPrestamo, Carnet, Codigo, FDevolucion)
    VALUES ('2006-02-26 14:56:13', 49853139243281725976, 314225902, '2006-02-26 18:00:29');
INSERT INTO ASCII_Prestamos (FPrestamo, Carnet, Codigo, FDevolucion)
    VALUES ('2013-07-18 17:13:10', 49853139243281725976, 85574695, '2013-07-18 20:06:40');
INSERT INTO ASCII_Prestamos (FPrestamo, Carnet, Codigo, FDevolucion)
    VALUES ('2018-03-08 09:35:02', 49853139243281725976, 758589576, '2018-03-08 10:56:20');
INSERT INTO ASCII_Prestamos (FPrestamo, Carnet, Codigo, FDevolucion)
    VALUES ('2015-10-30 16:16:32', 49853139243281725976, 758589576, '2015-10-30 18:43:19');
INSERT INTO ASCII_Prestamos (FPrestamo, Carnet, Codigo, FDevolucion)
    VALUES ('2010-11-16 16:28:02', 49853139243281725976, 925327567, '2010-11-16 18:19:22');
INSERT INTO ASCII_Prestamos (FPrestamo, Carnet, Codigo, FDevolucion)
    VALUES ('2006-01-10 09:03:24', 49853139243281725976, 9966371, '2006-01-10 14:46:23');
INSERT INTO ASCII_Prestamos (FPrestamo, Carnet, Codigo, FDevolucion)
    VALUES ('2002-05-20 11:46:26', 49853139243281725976, 621287267, '2002-05-20 16:21:23');
INSERT INTO ASCII_Recomendaciones (Carnet, Base, Recomendacion)
 VALUES (49853139243281725976, 307357928, 621287267);
INSERT INTO ASCII_Prestamos (FPrestamo, Carnet, Codigo, FDevolucion)
    VALUES ('2010-07-15 11:06:48', 49853139243281725976, 657948358, '2010-07-15 20:04:48');
INSERT INTO ASCII_Prestamos (FPrestamo, Carnet, Codigo, FDevolucion)
    VALUES ('2006-02-14 17:09:01', 49853139243281725976, 341971670, '2006-02-14 18:59:05');
INSERT INTO ASCII_Prestamos (FPrestamo, Carnet, Codigo, FDevolucion)
    VALUES ('2013-09-04 18:52:38', 49853139243281725976, 903717553, '2013-09-04 19:47:01');
INSERT INTO ASCII_Prestamos (FPrestamo, Carnet, Codigo, FDevolucion)
    VALUES ('2002-05-28 12:21:17', 49853139243281725976, 657948358, '2002-05-28 20:04:49');
INSERT INTO ASCII_Prestamos (FPrestamo, Carnet, Codigo, FDevolucion)
    VALUES ('2011-01-26 14:32:53', 49853139243281725976, 9966371, '2011-01-26 15:24:42');
INSERT INTO ASCII_Recomendaciones (Carnet, Base, Recomendacion)
 VALUES (49853139243281725976, 973769009, 9966371);
INSERT INTO ASCII_Prestamos (FPrestamo, Carnet, Codigo, FDevolucion)
    VALUES ('2004-01-29 19:51:31', 49853139243281725976, 837424856, '2004-01-29 20:02:17');
INSERT INTO ASCII_Prestamos (FPrestamo, Carnet, Codigo, FDevolucion)
    VALUES ('2007-12-06 14:29:06', 49853139243281725976, 800955108, '2007-12-06 20:21:34');
INSERT INTO ASCII_Prestamos (FPrestamo, Carnet, Codigo, FDevolucion)
    VALUES ('2007-02-16 18:04:53', 49853139243281725976, 338686884, '2007-02-16 19:25:04');
INSERT INTO ASCII_Prestamos (FPrestamo, Carnet, Codigo, FDevolucion)
    VALUES ('2003-09-27 10:08:51', 49853139243281725976, 18635348, '2003-09-27 20:01:50');
INSERT INTO ASCII_Prestamos (FPrestamo, Carnet, Codigo, FDevolucion)
    VALUES ('2012-02-22 14:37:30', 49853139243281725976, 837424856, '2012-02-22 18:22:25');
INSERT INTO ASCII_Recomendaciones (Carnet, Base, Recomendacion)
 VALUES (49853139243281725976, 393545356, 837424856);
INSERT INTO ASCII_Prestamos (FPrestamo, Carnet, Codigo, FDevolucion)
    VALUES ('2018-02-13 09:57:36', 49853139243281725976, 127915210, '2018-02-13 15:41:35');
INSERT INTO ASCII_Recomendaciones (Carnet, Base, Recomendacion)
 VALUES (49853139243281725976, 902512489, 127915210);
INSERT INTO ASCII_Prestamos (FPrestamo, Carnet, Codigo, FDevolucion)
    VALUES ('2002-02-23 10:47:00', 49853139243281725976, 925327567, '2002-02-23 20:38:30');
INSERT INTO ASCII_Prestamos (FPrestamo, Carnet, Codigo, FDevolucion)
    VALUES ('2007-06-05 19:18:03', 49853139243281725976, 467479744, '2007-06-05 20:16:12');
INSERT INTO ASCII_Prestamos (FPrestamo, Carnet, Codigo, FDevolucion)
    VALUES ('2015-02-09 18:26:58', 49853139243281725976, 980789108, '2015-02-09 18:51:39');
INSERT INTO ASCII_Prestamos (FPrestamo, Carnet, Codigo, FDevolucion)
    VALUES ('2011-04-21 16:21:55', 49853139243281725976, 307357928, '2011-04-22 07:14:35');
INSERT INTO ASCII_Prestamos (FPrestamo, Carnet, Codigo, FDevolucion)
    VALUES ('2015-10-09 14:08:29', 49853139243281725976, 542097873, '2015-10-09 14:41:34');
INSERT INTO ASCII_Prestamos (FPrestamo, Carnet, Codigo, FDevolucion)
    VALUES ('2010-05-05 09:29:20', 49853139243281725976, 703854585, '2010-05-05 10:11:51');
INSERT INTO ASCII_Prestamos (FPrestamo, Carnet, Codigo, FDevolucion)
    VALUES ('2015-07-28 09:59:44', 49853139243281725976, 927955996, '2015-07-28 14:30:05');
INSERT INTO ASCII_Prestamos (FPrestamo, Carnet, Codigo, FDevolucion)
    VALUES ('2015-09-10 13:38:58', 49853139243281725976, 682329074, '2015-09-10 17:55:30');
INSERT INTO ASCII_Prestamos (FPrestamo, Carnet, Codigo, FDevolucion)
    VALUES ('2012-10-08 17:48:38', 49853139243281725976, 251337722, '2012-10-08 19:27:37');
INSERT INTO ASCII_Recomendaciones (Carnet, Base, Recomendacion)
 VALUES (49853139243281725976, 839730706, 251337722);
INSERT INTO ASCII_Prestamos (FPrestamo, Carnet, Codigo, FDevolucion)
    VALUES ('2008-05-03 19:19:27', 49853139243281725976, 435077835, '2008-05-03 19:57:23');
INSERT INTO ASCII_Prestamos (FPrestamo, Carnet, Codigo, FDevolucion)
    VALUES ('2018-10-31 09:30:39', 49853139243281725976, 585707220, '2018-10-31 17:56:47');
INSERT INTO ASCII_Prestamos (FPrestamo, Carnet, Codigo, FDevolucion)
    VALUES ('2018-01-27 18:36:23', 49853139243281725976, 201222074, '2018-01-27 20:13:36');
INSERT INTO ASCII_Prestamos (FPrestamo, Carnet, Codigo, FDevolucion)
    VALUES ('2007-04-24 15:16:16', 49853139243281725976, 669879732, '2007-04-24 15:53:42');
INSERT INTO ASCII_Prestamos (FPrestamo, Carnet, Codigo, FDevolucion)
    VALUES ('2011-08-27 16:38:25', 49853139243281725976, 37958394, '2011-08-27 19:36:57');
INSERT INTO ASCII_Recomendaciones (Carnet, Base, Recomendacion)
 VALUES (49853139243281725976, 685941400, 37958394);
INSERT INTO ASCII_Prestamos (FPrestamo, Carnet, Codigo, FDevolucion)
    VALUES ('2004-10-25 18:37:31', 49853139243281725976, 727226330, '2004-10-25 20:18:02');
INSERT INTO ASCII_Prestamos (FPrestamo, Carnet, Codigo, FDevolucion)
    VALUES ('2005-05-28 17:55:42', 49853139243281725976, 617920706, '2005-05-28 19:16:35');
INSERT INTO ASCII_Prestamos (FPrestamo, Carnet, Codigo, FDevolucion)
    VALUES ('2009-09-13 15:26:26', 49853139243281725976, 621287267, '2009-09-13 15:59:59');
INSERT INTO ASCII_Prestamos (FPrestamo, Carnet, Codigo, FDevolucion)
    VALUES ('2003-03-14 14:14:59', 49853139243281725976, 604208493, '2003-03-14 14:42:23');
INSERT INTO ASCII_Prestamos (FPrestamo, Carnet, Codigo, FDevolucion)
    VALUES ('2001-07-08 12:53:51', 49853139243281725976, 518990411, '2001-07-08 13:17:12');
INSERT INTO ASCII_Prestamos (FPrestamo, Carnet, Codigo, FDevolucion)
    VALUES ('2003-10-22 11:23:52', 49853139243281725976, 131733386, '2003-10-22 17:00:05');
INSERT INTO ASCII_Prestamos (FPrestamo, Carnet, Codigo, FDevolucion)
    VALUES ('2016-10-12 16:36:12', 49853139243281725976, 428001381, '2016-10-12 17:27:31');
INSERT INTO ASCII_Prestamos (FPrestamo, Carnet, Codigo, FDevolucion)
    VALUES ('2008-01-03 16:33:05', 49853139243281725976, 868808044, '2008-01-03 19:35:39');
INSERT INTO ASCII_Prestamos (FPrestamo, Carnet, Codigo, FDevolucion)
    VALUES ('2003-05-07 19:29:41', 49853139243281725976, 428001381, '2003-05-07 19:35:57');
INSERT INTO ASCII_Prestamos (FPrestamo, Carnet, Codigo, FDevolucion)
    VALUES ('2005-12-17 10:51:00', 49853139243281725976, 542097873, '2005-12-17 14:36:30');
INSERT INTO ASCII_Prestamos (FPrestamo, Carnet, Codigo, FDevolucion)
    VALUES ('2001-02-07 09:21:34', 49853139243281725976, 428001381, '2001-02-07 18:16:07');
INSERT INTO ASCII_Prestamos (FPrestamo, Carnet, Codigo, FDevolucion)
    VALUES ('2017-04-04 19:11:29', 49853139243281725976, 727226330, '2017-04-04 20:09:16');
INSERT INTO ASCII_Prestamos (FPrestamo, Carnet, Codigo, FDevolucion)
    VALUES ('2003-12-17 15:26:51', 49853139243281725976, 822999051, '2003-12-17 19:25:11');
INSERT INTO ASCII_Prestamos (FPrestamo, Carnet, Codigo, FDevolucion)
    VALUES ('1999-12-25 13:50:31', 49853139243281725976, 335793936, '1999-12-25 13:51:52');
INSERT INTO ASCII_Recomendaciones (Carnet, Base, Recomendacion)
 VALUES (49853139243281725976, 438834923, 335793936);
INSERT INTO ASCII_Prestamos (FPrestamo, Carnet, Codigo, FDevolucion)
    VALUES ('2014-05-27 09:58:19', 49853139243281725976, 703854585, '2014-05-27 13:08:30');
INSERT INTO ASCII_Prestamos (FPrestamo, Carnet, Codigo, FDevolucion)
    VALUES ('2002-03-17 13:20:16', 49853139243281725976, 925327567, '2002-03-17 19:24:22');
INSERT INTO ASCII_Prestamos (FPrestamo, Carnet, Codigo, FDevolucion)
    VALUES ('2017-03-01 09:48:35', 49853139243281725976, 670546869, '2017-03-01 18:57:58');
INSERT INTO ASCII_Prestamos (FPrestamo, Carnet, Codigo, FDevolucion)
    VALUES ('2018-07-26 10:23:38', 49853139243281725976, 862290062, '2018-07-26 19:57:19');
INSERT INTO ASCII_Prestamos (FPrestamo, Carnet, Codigo, FDevolucion)
    VALUES ('2012-08-07 14:38:27', 49853139243281725976, 131733386, '2012-08-07 14:43:23');
INSERT INTO ASCII_Prestamos (FPrestamo, Carnet, Codigo, FDevolucion)
    VALUES ('2003-02-14 11:54:13', 49853139243281725976, 127915210, '2003-02-14 15:04:40');
INSERT INTO ASCII_Prestamos (FPrestamo, Carnet, Codigo, FDevolucion)
    VALUES ('2000-07-05 09:00:44', 49853139243281725976, 155192418, '2000-07-05 15:48:12');
INSERT INTO ASCII_Prestamos (FPrestamo, Carnet, Codigo, FDevolucion)
    VALUES ('2010-12-11 11:06:02', 49853139243281725976, 369113628, '2010-12-11 17:19:57');
INSERT INTO ASCII_Recomendaciones (Carnet, Base, Recomendacion)
 VALUES (49853139243281725976, 857051941, 369113628);
INSERT INTO ASCII_Prestamos (FPrestamo, Carnet, Codigo, FDevolucion)
    VALUES ('2014-04-11 09:53:03', 49853139243281725976, 106749821, '2014-04-11 09:56:48');


---------------- NEW USER svizcaino
INSERT INTO ASCII_Usuarios (Carnet, FAlta, Nombre, Apellidos, Apodo)
    VALUES (89200084968054004897, '2014-08-13 09:33:29', 'Yolanda', 'Vélez', 'svizcaino');

INSERT INTO ASCII_Prestamos (FPrestamo, Carnet, Codigo, FDevolucion)
    VALUES ('2018-09-19 13:32:46', 89200084968054004897, 201222074, '2018-09-19 13:52:56');
INSERT INTO ASCII_Recomendaciones (Carnet, Base, Recomendacion)
 VALUES (89200084968054004897, 604208493, 201222074);
INSERT INTO ASCII_Prestamos (FPrestamo, Carnet, Codigo, FDevolucion)
    VALUES ('2014-10-06 14:52:07', 89200084968054004897, 170880022, '2014-10-06 18:19:42');
INSERT INTO ASCII_Prestamos (FPrestamo, Carnet, Codigo, FDevolucion)
    VALUES ('2016-01-13 15:35:57', 89200084968054004897, 147729606, '2016-01-13 19:57:58');
INSERT INTO ASCII_Prestamos (FPrestamo, Carnet, Codigo, FDevolucion)
    VALUES ('2015-11-05 11:08:58', 89200084968054004897, 599287974, '2015-11-05 11:44:44');
INSERT INTO ASCII_Prestamos (FPrestamo, Carnet, Codigo, FDevolucion)
    VALUES ('2017-01-28 15:12:52', 89200084968054004897, 41169864, '2017-01-28 18:24:23');
INSERT INTO ASCII_Prestamos (FPrestamo, Carnet, Codigo, FDevolucion)
    VALUES ('2016-08-30 14:55:32', 89200084968054004897, 393545356, '2016-08-30 17:50:30');
INSERT INTO ASCII_Prestamos (FPrestamo, Carnet, Codigo, FDevolucion)
    VALUES ('2017-07-31 14:04:10', 89200084968054004897, 927955996, '2017-07-31 19:12:30');
INSERT INTO ASCII_Prestamos (FPrestamo, Carnet, Codigo, FDevolucion)
    VALUES ('2015-12-09 11:23:22', 89200084968054004897, 930265900, '2015-12-09 15:31:08');
INSERT INTO ASCII_Prestamos (FPrestamo, Carnet, Codigo, FDevolucion)
    VALUES ('2016-01-27 14:06:10', 89200084968054004897, 507490311, '2016-01-27 18:46:27');
INSERT INTO ASCII_Prestamos (FPrestamo, Carnet, Codigo, FDevolucion)
    VALUES ('2017-04-01 19:36:20', 89200084968054004897, 758589576, '2017-04-01 20:35:11');
INSERT INTO ASCII_Recomendaciones (Carnet, Base, Recomendacion)
 VALUES (89200084968054004897, 84694334, 758589576);
INSERT INTO ASCII_Prestamos (FPrestamo, Carnet, Codigo, FDevolucion)
    VALUES ('2017-04-19 18:16:48', 89200084968054004897, 180014736, '2017-04-19 19:19:41');
INSERT INTO ASCII_Prestamos (FPrestamo, Carnet, Codigo, FDevolucion)
    VALUES ('2016-05-25 17:20:17', 89200084968054004897, 689302586, '2016-05-25 19:51:05');
INSERT INTO ASCII_Prestamos (FPrestamo, Carnet, Codigo, FDevolucion)
    VALUES ('2017-01-19 11:38:35', 89200084968054004897, 47554194, '2017-01-19 18:54:17');
INSERT INTO ASCII_Prestamos (FPrestamo, Carnet, Codigo, FDevolucion)
    VALUES ('2016-06-19 11:01:07', 89200084968054004897, 250884700, '2016-06-19 11:34:25');
INSERT INTO ASCII_Prestamos (FPrestamo, Carnet, Codigo, FDevolucion)
    VALUES ('2015-07-08 11:22:28', 89200084968054004897, 307357928, '2015-07-08 12:52:11');
INSERT INTO ASCII_Recomendaciones (Carnet, Base, Recomendacion)
 VALUES (89200084968054004897, 331049936, 307357928);
INSERT INTO ASCII_Prestamos (FPrestamo, Carnet, Codigo, FDevolucion)
    VALUES ('2014-08-19 12:25:12', 89200084968054004897, 670546869, '2014-08-19 18:29:52');
INSERT INTO ASCII_Prestamos (FPrestamo, Carnet, Codigo, FDevolucion)
    VALUES ('2014-10-06 18:35:40', 89200084968054004897, 837424856, '2014-10-06 20:17:11');
INSERT INTO ASCII_Prestamos (FPrestamo, Carnet, Codigo, FDevolucion)
    VALUES ('2014-12-01 19:46:08', 89200084968054004897, 131733386, '2014-12-01 20:22:29');
INSERT INTO ASCII_Prestamos (FPrestamo, Carnet, Codigo, FDevolucion)
    VALUES ('2015-12-25 18:20:40', 89200084968054004897, 195144846, '2015-12-25 19:36:36');
INSERT INTO ASCII_Prestamos (FPrestamo, Carnet, Codigo, FDevolucion)
    VALUES ('2016-04-02 15:32:17', 89200084968054004897, 890814220, '2016-04-02 19:41:06');
INSERT INTO ASCII_Prestamos (FPrestamo, Carnet, Codigo, FDevolucion)
    VALUES ('2018-10-21 18:51:35', 89200084968054004897, 685941400, '2018-10-21 19:43:15');
INSERT INTO ASCII_Prestamos (FPrestamo, Carnet, Codigo, FDevolucion)
    VALUES ('2015-01-04 09:55:02', 89200084968054004897, 862290062, '2015-01-04 19:31:45');
INSERT INTO ASCII_Prestamos (FPrestamo, Carnet, Codigo, FDevolucion)
    VALUES ('2017-01-31 18:48:49', 89200084968054004897, 467479744, '2017-01-31 19:45:30');
INSERT INTO ASCII_Recomendaciones (Carnet, Base, Recomendacion)
 VALUES (89200084968054004897, 672049130, 467479744);
INSERT INTO ASCII_Prestamos (FPrestamo, Carnet, Codigo, FDevolucion)
    VALUES ('2017-08-27 12:07:53', 89200084968054004897, 617920706, '2017-08-27 17:40:38');
INSERT INTO ASCII_Prestamos (FPrestamo, Carnet, Codigo, FDevolucion)
    VALUES ('2018-06-08 16:13:46', 89200084968054004897, 341971670, '2018-06-08 16:15:08');
INSERT INTO ASCII_Prestamos (FPrestamo, Carnet, Codigo, FDevolucion)
    VALUES ('2014-09-08 17:45:33', 89200084968054004897, 937697389, '2014-09-08 18:43:58');
INSERT INTO ASCII_Prestamos (FPrestamo, Carnet, Codigo, FDevolucion)
    VALUES ('2018-02-14 09:54:41', 89200084968054004897, 585184362, '2018-02-14 17:55:59');
INSERT INTO ASCII_Prestamos (FPrestamo, Carnet, Codigo, FDevolucion)
    VALUES ('2014-11-26 18:40:19', 89200084968054004897, 982622725, '2014-11-26 20:23:51');
INSERT INTO ASCII_Prestamos (FPrestamo, Carnet, Codigo, FDevolucion)
    VALUES ('2017-03-21 16:58:15', 89200084968054004897, 127915210, '2017-03-21 19:24:03');
INSERT INTO ASCII_Prestamos (FPrestamo, Carnet, Codigo, FDevolucion)
    VALUES ('2017-10-10 18:07:36', 89200084968054004897, 106749821, '2017-10-10 20:03:07');


---------------- NEW USER joverines
INSERT INTO ASCII_Usuarios (Carnet, FAlta, Nombre, Apellidos, Apodo)
    VALUES (22034112986379399796, '2015-03-06 15:46:44', 'Rosa', 'Barros', 'joverines');

INSERT INTO ASCII_Prestamos (FPrestamo, Carnet, Codigo, FDevolucion)
    VALUES ('2017-03-07 19:57:48', 22034112986379399796, 800955108, '2017-03-07 20:11:42');
INSERT INTO ASCII_Prestamos (FPrestamo, Carnet, Codigo, FDevolucion)
    VALUES ('2017-06-04 14:27:52', 22034112986379399796, 253994868, '2017-06-04 14:32:30');
INSERT INTO ASCII_Prestamos (FPrestamo, Carnet, Codigo, FDevolucion)
    VALUES ('2018-11-13 18:14:08', 22034112986379399796, 838188769, '2018-11-13 20:13:40');
INSERT INTO ASCII_Recomendaciones (Carnet, Base, Recomendacion)
 VALUES (22034112986379399796, 37958394, 838188769);


---------------- NEW USER margarita37
INSERT INTO ASCII_Usuarios (Carnet, FAlta, Nombre, Apellidos, Apodo)
    VALUES (26297264179934555699, '1996-06-12 19:27:42', 'Rodrigo', 'Pozuelo', 'margarita37');

INSERT INTO ASCII_Prestamos (FPrestamo, Carnet, Codigo, FDevolucion)
    VALUES ('2013-02-08 12:48:10', 26297264179934555699, 685941400, '2013-02-08 20:31:10');
INSERT INTO ASCII_Prestamos (FPrestamo, Carnet, Codigo, FDevolucion)
    VALUES ('2008-06-13 10:16:57', 26297264179934555699, 585184362, '2008-06-13 18:35:21');
INSERT INTO ASCII_Prestamos (FPrestamo, Carnet, Codigo, FDevolucion)
    VALUES ('2018-12-11 19:14:29', 26297264179934555699, 766222245, '2018-12-11 19:21:18');
INSERT INTO ASCII_Prestamos (FPrestamo, Carnet, Codigo, FDevolucion)
    VALUES ('2001-10-23 17:40:25', 26297264179934555699, 982622725, '2001-10-23 20:29:20');
INSERT INTO ASCII_Prestamos (FPrestamo, Carnet, Codigo, FDevolucion)
    VALUES ('1999-08-25 09:50:36', 26297264179934555699, 672049130, '1999-08-25 12:17:18');
INSERT INTO ASCII_Prestamos (FPrestamo, Carnet, Codigo, FDevolucion)
    VALUES ('2016-11-06 10:58:33', 26297264179934555699, 804481452, '2016-11-06 19:33:17');
INSERT INTO ASCII_Prestamos (FPrestamo, Carnet, Codigo, FDevolucion)
    VALUES ('2007-02-27 15:55:45', 26297264179934555699, 902512489, '2007-02-27 19:01:41');
INSERT INTO ASCII_Prestamos (FPrestamo, Carnet, Codigo, FDevolucion)
    VALUES ('2009-01-31 10:17:26', 26297264179934555699, 201222074, '2009-01-31 12:57:29');
INSERT INTO ASCII_Prestamos (FPrestamo, Carnet, Codigo, FDevolucion)
    VALUES ('1998-06-21 15:36:16', 26297264179934555699, 331049936, '1998-06-21 20:07:45');
INSERT INTO ASCII_Prestamos (FPrestamo, Carnet, Codigo, FDevolucion)
    VALUES ('1997-05-02 16:09:36', 26297264179934555699, 361185658, '1997-05-02 17:12:21');
INSERT INTO ASCII_Prestamos (FPrestamo, Carnet, Codigo, FDevolucion)
    VALUES ('2003-11-17 17:23:25', 26297264179934555699, 626508891, '2003-11-17 17:37:34');
INSERT INTO ASCII_Prestamos (FPrestamo, Carnet, Codigo, FDevolucion)
    VALUES ('2009-10-18 15:00:16', 26297264179934555699, 467479744, '2009-10-18 17:50:25');
INSERT INTO ASCII_Prestamos (FPrestamo, Carnet, Codigo, FDevolucion)
    VALUES ('2016-04-26 09:39:00', 26297264179934555699, 927955996, '2016-04-26 09:49:19');
INSERT INTO ASCII_Prestamos (FPrestamo, Carnet, Codigo, FDevolucion)
    VALUES ('2017-10-23 11:47:24', 26297264179934555699, 265953115, '2017-10-23 18:30:26');
INSERT INTO ASCII_Prestamos (FPrestamo, Carnet, Codigo, FDevolucion)
    VALUES ('2009-10-13 19:32:00', 26297264179934555699, 128859739, '2009-10-13 19:45:33');
INSERT INTO ASCII_Prestamos (FPrestamo, Carnet, Codigo, FDevolucion)
    VALUES ('2015-12-17 11:24:50', 26297264179934555699, 585707220, '2015-12-17 15:54:37');
INSERT INTO ASCII_Prestamos (FPrestamo, Carnet, Codigo, FDevolucion)
    VALUES ('1999-01-25 15:50:01', 26297264179934555699, 242380829, '1999-01-25 17:03:30');
INSERT INTO ASCII_Prestamos (FPrestamo, Carnet, Codigo, FDevolucion)
    VALUES ('2015-04-05 15:43:01', 26297264179934555699, 331049936, '2015-04-05 17:00:28');
INSERT INTO ASCII_Prestamos (FPrestamo, Carnet, Codigo, FDevolucion)
    VALUES ('2004-02-01 14:30:43', 26297264179934555699, 804481452, '2004-02-01 19:47:30');
INSERT INTO ASCII_Prestamos (FPrestamo, Carnet, Codigo, FDevolucion)
    VALUES ('2011-09-30 18:59:08', 26297264179934555699, 890814220, '2011-09-30 19:02:30');
INSERT INTO ASCII_Prestamos (FPrestamo, Carnet, Codigo, FDevolucion)
    VALUES ('2001-12-10 13:46:54', 26297264179934555699, 561655840, '2001-12-10 18:06:04');
INSERT INTO ASCII_Prestamos (FPrestamo, Carnet, Codigo, FDevolucion)
    VALUES ('2015-05-20 16:11:02', 26297264179934555699, 47554194, '2015-05-20 17:14:55');
INSERT INTO ASCII_Prestamos (FPrestamo, Carnet, Codigo, FDevolucion)
    VALUES ('2015-12-31 17:55:12', 26297264179934555699, 617920706, '2015-12-31 19:34:27');
INSERT INTO ASCII_Prestamos (FPrestamo, Carnet, Codigo, FDevolucion)
    VALUES ('2016-02-29 13:50:47', 26297264179934555699, 839730706, '2016-02-29 17:40:10');
INSERT INTO ASCII_Prestamos (FPrestamo, Carnet, Codigo, FDevolucion)
    VALUES ('1998-04-19 13:22:20', 26297264179934555699, 973769009, '1998-04-19 18:35:43');
INSERT INTO ASCII_Recomendaciones (Carnet, Base, Recomendacion)
 VALUES (26297264179934555699, 480674548, 973769009);
INSERT INTO ASCII_Prestamos (FPrestamo, Carnet, Codigo, FDevolucion)
    VALUES ('2003-10-25 11:38:48', 26297264179934555699, 698357582, '2003-10-25 13:23:49');
INSERT INTO ASCII_Prestamos (FPrestamo, Carnet, Codigo, FDevolucion)
    VALUES ('2001-01-14 18:17:55', 26297264179934555699, 837424856, '2001-01-14 19:59:22');
INSERT INTO ASCII_Prestamos (FPrestamo, Carnet, Codigo, FDevolucion)
    VALUES ('2009-01-04 11:38:02', 26297264179934555699, 518990411, '2009-01-04 17:32:01');
INSERT INTO ASCII_Prestamos (FPrestamo, Carnet, Codigo, FDevolucion)
    VALUES ('2002-02-03 16:28:24', 26297264179934555699, 837424856, '2002-02-03 17:50:21');
INSERT INTO ASCII_Prestamos (FPrestamo, Carnet, Codigo, FDevolucion)
    VALUES ('2013-03-15 16:56:28', 26297264179934555699, 156146678, '2013-03-15 19:47:08');
INSERT INTO ASCII_Prestamos (FPrestamo, Carnet, Codigo, FDevolucion)
    VALUES ('1997-05-02 16:05:51', 26297264179934555699, 84694334, '1997-05-02 16:21:39');
INSERT INTO ASCII_Prestamos (FPrestamo, Carnet, Codigo, FDevolucion)
    VALUES ('2014-08-22 10:48:11', 26297264179934555699, 903717553, '2014-08-22 18:01:47');
INSERT INTO ASCII_Prestamos (FPrestamo, Carnet, Codigo, FDevolucion)
    VALUES ('2010-01-04 16:09:51', 26297264179934555699, 128859739, '2010-01-04 18:39:12');
INSERT INTO ASCII_Prestamos (FPrestamo, Carnet, Codigo, FDevolucion)
    VALUES ('2006-01-09 18:42:52', 26297264179934555699, 822999051, '2006-01-09 20:13:50');
INSERT INTO ASCII_Prestamos (FPrestamo, Carnet, Codigo, FDevolucion)
    VALUES ('1997-09-21 17:30:17', 26297264179934555699, 361185658, '1997-09-21 20:01:48');
INSERT INTO ASCII_Recomendaciones (Carnet, Base, Recomendacion)
 VALUES (26297264179934555699, 430588711, 361185658);
INSERT INTO ASCII_Prestamos (FPrestamo, Carnet, Codigo, FDevolucion)
    VALUES ('2017-03-29 09:53:26', 26297264179934555699, 170880022, '2017-03-29 11:03:40');
INSERT INTO ASCII_Prestamos (FPrestamo, Carnet, Codigo, FDevolucion)
    VALUES ('2018-03-02 11:30:00', 26297264179934555699, 268609271, '2018-03-02 12:39:11');
INSERT INTO ASCII_Prestamos (FPrestamo, Carnet, Codigo, FDevolucion)
    VALUES ('2012-09-03 15:20:12', 26297264179934555699, 971648177, '2012-09-03 18:54:40');
INSERT INTO ASCII_Prestamos (FPrestamo, Carnet, Codigo, FDevolucion)
    VALUES ('2009-04-30 19:52:11', 26297264179934555699, 251337722, '2009-04-30 20:00:26');
INSERT INTO ASCII_Prestamos (FPrestamo, Carnet, Codigo, FDevolucion)
    VALUES ('2016-12-23 10:33:19', 26297264179934555699, 265953115, '2016-12-23 11:16:02');
INSERT INTO ASCII_Prestamos (FPrestamo, Carnet, Codigo, FDevolucion)
    VALUES ('2014-10-22 10:11:28', 26297264179934555699, 314225902, '2014-10-22 17:13:03');
INSERT INTO ASCII_Prestamos (FPrestamo, Carnet, Codigo, FDevolucion)
    VALUES ('2015-12-14 12:08:22', 26297264179934555699, 840655483, '2015-12-14 18:28:05');
INSERT INTO ASCII_Prestamos (FPrestamo, Carnet, Codigo, FDevolucion)
    VALUES ('2018-06-24 17:28:51', 26297264179934555699, 838188769, '2018-06-24 19:43:40');
INSERT INTO ASCII_Prestamos (FPrestamo, Carnet, Codigo, FDevolucion)
    VALUES ('2008-12-31 11:31:08', 26297264179934555699, 879139789, '2008-12-31 12:09:24');
INSERT INTO ASCII_Prestamos (FPrestamo, Carnet, Codigo, FDevolucion)
    VALUES ('2013-01-22 10:30:33', 26297264179934555699, 106749821, '2013-01-22 11:55:59');
INSERT INTO ASCII_Prestamos (FPrestamo, Carnet, Codigo, FDevolucion)
    VALUES ('2014-03-17 14:31:04', 26297264179934555699, 657948358, '2014-03-17 16:01:57');
INSERT INTO ASCII_Prestamos (FPrestamo, Carnet, Codigo, FDevolucion)
    VALUES ('1998-12-20 09:00:28', 26297264179934555699, 156146678, '1998-12-20 12:15:16');
INSERT INTO ASCII_Prestamos (FPrestamo, Carnet, Codigo, FDevolucion)
    VALUES ('2012-06-24 14:07:53', 26297264179934555699, 41169864, '2012-06-24 15:53:51');
INSERT INTO ASCII_Prestamos (FPrestamo, Carnet, Codigo, FDevolucion)
    VALUES ('2008-04-26 14:37:30', 26297264179934555699, 307357928, '2008-04-26 17:49:31');
INSERT INTO ASCII_Prestamos (FPrestamo, Carnet, Codigo, FDevolucion)
    VALUES ('1996-12-22 15:09:12', 26297264179934555699, 230128811, '1996-12-22 19:07:40');
INSERT INTO ASCII_Prestamos (FPrestamo, Carnet, Codigo, FDevolucion)
    VALUES ('1997-07-09 17:33:18', 26297264179934555699, 409476072, '1997-07-09 19:42:14');
INSERT INTO ASCII_Prestamos (FPrestamo, Carnet, Codigo, FDevolucion)
    VALUES ('2017-10-11 17:35:43', 26297264179934555699, 689302586, '2017-10-11 20:08:15');
INSERT INTO ASCII_Prestamos (FPrestamo, Carnet, Codigo, FDevolucion)
    VALUES ('2014-05-03 10:04:21', 26297264179934555699, 868808044, '2014-05-03 15:11:01');
INSERT INTO ASCII_Prestamos (FPrestamo, Carnet, Codigo, FDevolucion)
    VALUES ('2001-03-07 12:43:07', 26297264179934555699, 369113628, '2001-03-07 20:41:07');
INSERT INTO ASCII_Recomendaciones (Carnet, Base, Recomendacion)
 VALUES (26297264179934555699, 411723132, 369113628);
INSERT INTO ASCII_Prestamos (FPrestamo, Carnet, Codigo, FDevolucion)
    VALUES ('1999-04-11 16:07:54', 26297264179934555699, 467479744, '1999-04-11 19:36:52');
INSERT INTO ASCII_Recomendaciones (Carnet, Base, Recomendacion)
 VALUES (26297264179934555699, 462839979, 467479744);
INSERT INTO ASCII_Prestamos (FPrestamo, Carnet, Codigo, FDevolucion)
    VALUES ('2012-02-28 12:31:21', 26297264179934555699, 411723132, '2012-02-28 17:29:02');
INSERT INTO ASCII_Prestamos (FPrestamo, Carnet, Codigo, FDevolucion)
    VALUES ('2006-06-19 17:13:42', 26297264179934555699, 980789108, '2006-06-19 18:51:59');
INSERT INTO ASCII_Prestamos (FPrestamo, Carnet, Codigo, FDevolucion)
    VALUES ('1999-10-28 11:32:14', 26297264179934555699, 857051941, '1999-10-28 20:03:36');
INSERT INTO ASCII_Prestamos (FPrestamo, Carnet, Codigo, FDevolucion)
    VALUES ('2015-10-19 10:30:28', 26297264179934555699, 251337722, '2015-10-19 11:44:18');
INSERT INTO ASCII_Prestamos (FPrestamo, Carnet, Codigo, FDevolucion)
    VALUES ('1999-06-17 13:11:04', 26297264179934555699, 862290062, '1999-06-17 16:19:28');
INSERT INTO ASCII_Prestamos (FPrestamo, Carnet, Codigo, FDevolucion)
    VALUES ('2013-09-24 09:57:22', 26297264179934555699, 672049130, '2013-09-24 16:23:10');
INSERT INTO ASCII_Prestamos (FPrestamo, Carnet, Codigo, FDevolucion)
    VALUES ('2008-04-06 11:29:15', 26297264179934555699, 626508891, '2008-04-06 15:23:35');
INSERT INTO ASCII_Prestamos (FPrestamo, Carnet, Codigo, FDevolucion)
    VALUES ('2010-09-23 16:44:59', 26297264179934555699, 950526760, '2010-09-23 17:56:45');
INSERT INTO ASCII_Prestamos (FPrestamo, Carnet, Codigo, FDevolucion)
    VALUES ('2003-05-15 14:02:29', 26297264179934555699, 527398674, '2003-05-15 18:22:04');
INSERT INTO ASCII_Prestamos (FPrestamo, Carnet, Codigo, FDevolucion)
    VALUES ('2010-04-17 12:17:13', 26297264179934555699, 268609271, '2010-04-17 14:01:52');
INSERT INTO ASCII_Prestamos (FPrestamo, Carnet, Codigo, FDevolucion)
    VALUES ('2010-09-06 19:34:38', 26297264179934555699, 927955996, '2010-09-06 19:43:32');
INSERT INTO ASCII_Prestamos (FPrestamo, Carnet, Codigo, FDevolucion)
    VALUES ('1999-12-17 15:25:15', 26297264179934555699, 599287974, '1999-12-17 16:58:14');
INSERT INTO ASCII_Prestamos (FPrestamo, Carnet, Codigo, FDevolucion)
    VALUES ('2010-11-12 19:59:22', 26297264179934555699, 839730706, '2010-11-12 20:44:37');
INSERT INTO ASCII_Prestamos (FPrestamo, Carnet, Codigo, FDevolucion)
    VALUES ('2010-09-09 19:00:19', 26297264179934555699, 838188769, '2010-09-09 19:28:04');
INSERT INTO ASCII_Prestamos (FPrestamo, Carnet, Codigo, FDevolucion)
    VALUES ('2007-05-17 12:11:14', 26297264179934555699, 242380829, '2007-05-17 17:51:53');
INSERT INTO ASCII_Prestamos (FPrestamo, Carnet, Codigo, FDevolucion)
    VALUES ('2009-01-13 17:53:33', 26297264179934555699, 672049130, '2009-01-13 20:39:11');
INSERT INTO ASCII_Recomendaciones (Carnet, Base, Recomendacion)
 VALUES (26297264179934555699, 45166485, 672049130);
INSERT INTO ASCII_Prestamos (FPrestamo, Carnet, Codigo, FDevolucion)
    VALUES ('2017-01-26 09:21:58', 26297264179934555699, 953850576, '2017-01-26 17:29:50');
INSERT INTO ASCII_Prestamos (FPrestamo, Carnet, Codigo, FDevolucion)
    VALUES ('1998-08-18 13:45:51', 26297264179934555699, 868808044, '1998-08-18 16:04:38');
INSERT INTO ASCII_Prestamos (FPrestamo, Carnet, Codigo, FDevolucion)
    VALUES ('2017-12-17 11:16:45', 26297264179934555699, 903717553, '2017-12-17 16:41:39');
INSERT INTO ASCII_Prestamos (FPrestamo, Carnet, Codigo, FDevolucion)
    VALUES ('2011-09-20 16:13:06', 26297264179934555699, 964977585, '2011-09-20 17:58:27');
INSERT INTO ASCII_Prestamos (FPrestamo, Carnet, Codigo, FDevolucion)
    VALUES ('1999-11-03 13:12:20', 26297264179934555699, 131733386, '1999-11-03 14:50:57');
INSERT INTO ASCII_Prestamos (FPrestamo, Carnet, Codigo, FDevolucion)
    VALUES ('2006-12-25 17:19:16', 26297264179934555699, 682329074, '2006-12-25 19:02:25');
INSERT INTO ASCII_Prestamos (FPrestamo, Carnet, Codigo, FDevolucion)
    VALUES ('2017-09-05 19:52:37', 26297264179934555699, 18635348, '2017-09-05 20:18:51');
INSERT INTO ASCII_Prestamos (FPrestamo, Carnet, Codigo, FDevolucion)
    VALUES ('2018-05-28 14:33:41', 26297264179934555699, 335793936, '2018-05-28 15:39:13');
INSERT INTO ASCII_Prestamos (FPrestamo, Carnet, Codigo, FDevolucion)
    VALUES ('2018-05-01 09:22:10', 26297264179934555699, 766222245, '2018-05-01 10:05:39');
INSERT INTO ASCII_Prestamos (FPrestamo, Carnet, Codigo, FDevolucion)
    VALUES ('2009-06-19 17:25:02', 26297264179934555699, 9966371, '2009-06-19 19:46:26');
INSERT INTO ASCII_Prestamos (FPrestamo, Carnet, Codigo, FDevolucion)
    VALUES ('2009-11-20 18:35:36', 26297264179934555699, 621287267, '2009-11-20 20:00:46');
INSERT INTO ASCII_Prestamos (FPrestamo, Carnet, Codigo, FDevolucion)
    VALUES ('2012-04-28 12:31:20', 26297264179934555699, 361185658, '2012-04-28 12:55:49');
INSERT INTO ASCII_Prestamos (FPrestamo, Carnet, Codigo, FDevolucion)
    VALUES ('2007-08-29 16:42:41', 26297264179934555699, 685941400, '2007-08-29 20:09:09');
INSERT INTO ASCII_Prestamos (FPrestamo, Carnet, Codigo, FDevolucion)
    VALUES ('2004-06-24 10:37:58', 26297264179934555699, 857051941, '2004-06-24 13:37:07');
INSERT INTO ASCII_Recomendaciones (Carnet, Base, Recomendacion)
 VALUES (26297264179934555699, 286701931, 857051941);
INSERT INTO ASCII_Prestamos (FPrestamo, Carnet, Codigo, FDevolucion)
    VALUES ('2002-06-02 18:18:51', 26297264179934555699, 524284071, '2002-06-02 19:17:43');
INSERT INTO ASCII_Prestamos (FPrestamo, Carnet, Codigo, FDevolucion)
    VALUES ('1996-08-22 16:57:39', 26297264179934555699, 937697389, '1996-08-22 18:57:29');
INSERT INTO ASCII_Prestamos (FPrestamo, Carnet, Codigo, FDevolucion)
    VALUES ('2011-06-29 12:28:28', 26297264179934555699, 37958394, '2011-06-29 14:28:33');
INSERT INTO ASCII_Prestamos (FPrestamo, Carnet, Codigo, FDevolucion)
    VALUES ('2012-03-13 14:33:32', 26297264179934555699, 242380829, '2012-03-13 19:23:24');
INSERT INTO ASCII_Prestamos (FPrestamo, Carnet, Codigo, FDevolucion)
    VALUES ('2014-11-18 17:49:18', 26297264179934555699, 308179286, '2014-11-18 19:23:46');
INSERT INTO ASCII_Prestamos (FPrestamo, Carnet, Codigo, FDevolucion)
    VALUES ('2015-06-13 19:46:13', 26297264179934555699, 250884700, '2015-06-13 20:21:33');
INSERT INTO ASCII_Prestamos (FPrestamo, Carnet, Codigo, FDevolucion)
    VALUES ('2005-01-10 11:16:56', 26297264179934555699, 271974491, '2005-01-10 13:44:41');
INSERT INTO ASCII_Prestamos (FPrestamo, Carnet, Codigo, FDevolucion)
    VALUES ('2014-12-27 18:42:43', 26297264179934555699, 37958394, '2014-12-27 19:02:52');
INSERT INTO ASCII_Prestamos (FPrestamo, Carnet, Codigo, FDevolucion)
    VALUES ('2015-08-07 15:00:51', 26297264179934555699, 428001381, '2015-08-07 15:54:16');
INSERT INTO ASCII_Prestamos (FPrestamo, Carnet, Codigo, FDevolucion)
    VALUES ('2004-01-26 11:59:49', 26297264179934555699, 84694334, '2004-01-26 16:21:50');
INSERT INTO ASCII_Prestamos (FPrestamo, Carnet, Codigo, FDevolucion)
    VALUES ('2000-04-28 19:23:49', 26297264179934555699, 840655483, '2000-04-28 19:59:18');
INSERT INTO ASCII_Prestamos (FPrestamo, Carnet, Codigo, FDevolucion)
    VALUES ('1997-11-13 14:32:20', 26297264179934555699, 838188769, '1997-11-13 18:54:10');
INSERT INTO ASCII_Prestamos (FPrestamo, Carnet, Codigo, FDevolucion)
    VALUES ('2005-01-01 14:02:24', 26297264179934555699, 270103881, '2005-01-01 18:48:16');
INSERT INTO ASCII_Prestamos (FPrestamo, Carnet, Codigo, FDevolucion)
    VALUES ('2011-05-26 11:45:18', 26297264179934555699, 230128811, '2011-05-26 12:25:06');
INSERT INTO ASCII_Recomendaciones (Carnet, Base, Recomendacion)
 VALUES (26297264179934555699, 527398674, 230128811);
INSERT INTO ASCII_Prestamos (FPrestamo, Carnet, Codigo, FDevolucion)
    VALUES ('2018-12-14 11:04:27', 26297264179934555699, 870139361, '2018-12-14 13:22:40');
INSERT INTO ASCII_Prestamos (FPrestamo, Carnet, Codigo, FDevolucion)
    VALUES ('1998-05-24 16:23:17', 26297264179934555699, 128859739, '1998-05-24 19:34:49');
INSERT INTO ASCII_Prestamos (FPrestamo, Carnet, Codigo, FDevolucion)
    VALUES ('1996-07-30 12:11:18', 26297264179934555699, 677770956, '1996-07-30 15:03:43');
INSERT INTO ASCII_Prestamos (FPrestamo, Carnet, Codigo, FDevolucion)
    VALUES ('2006-06-22 17:47:51', 26297264179934555699, 727226330, '2006-06-22 17:48:13');
INSERT INTO ASCII_Prestamos (FPrestamo, Carnet, Codigo, FDevolucion)
    VALUES ('2016-05-13 11:50:55', 26297264179934555699, 462839979, '2016-05-13 15:10:53');
INSERT INTO ASCII_Recomendaciones (Carnet, Base, Recomendacion)
 VALUES (26297264179934555699, 409476072, 462839979);
INSERT INTO ASCII_Prestamos (FPrestamo, Carnet, Codigo, FDevolucion)
    VALUES ('2013-12-18 11:42:54', 26297264179934555699, 314225902, '2013-12-18 17:03:33');
INSERT INTO ASCII_Prestamos (FPrestamo, Carnet, Codigo, FDevolucion)
    VALUES ('1996-06-26 10:52:44', 26297264179934555699, 653241348, '1996-06-26 20:05:37');
INSERT INTO ASCII_Prestamos (FPrestamo, Carnet, Codigo, FDevolucion)
    VALUES ('2008-11-06 18:46:49', 26297264179934555699, 980789108, '2008-11-06 20:33:12');
INSERT INTO ASCII_Prestamos (FPrestamo, Carnet, Codigo, FDevolucion)
    VALUES ('1997-09-20 15:29:01', 26297264179934555699, 180014736, '1997-09-20 18:27:11');
INSERT INTO ASCII_Prestamos (FPrestamo, Carnet, Codigo, FDevolucion)
    VALUES ('2009-06-24 11:51:18', 26297264179934555699, 411723132, '2009-06-24 13:43:44');
INSERT INTO ASCII_Prestamos (FPrestamo, Carnet, Codigo, FDevolucion)
    VALUES ('2005-10-11 09:31:14', 26297264179934555699, 488201605, '2005-10-11 12:16:07');
INSERT INTO ASCII_Prestamos (FPrestamo, Carnet, Codigo, FDevolucion)
    VALUES ('2008-11-11 11:41:51', 26297264179934555699, 982622725, '2008-11-11 16:43:39');
INSERT INTO ASCII_Recomendaciones (Carnet, Base, Recomendacion)
 VALUES (26297264179934555699, 617920706, 982622725);
INSERT INTO ASCII_Prestamos (FPrestamo, Carnet, Codigo, FDevolucion)
    VALUES ('2015-03-28 17:54:46', 26297264179934555699, 131733386, '2015-03-28 18:01:00');
INSERT INTO ASCII_Prestamos (FPrestamo, Carnet, Codigo, FDevolucion)
    VALUES ('2018-09-22 16:39:59', 26297264179934555699, 838188769, '2018-09-22 18:33:45');
INSERT INTO ASCII_Prestamos (FPrestamo, Carnet, Codigo, FDevolucion)
    VALUES ('2014-11-13 14:56:58', 26297264179934555699, 804481452, '2014-11-13 16:51:38');
INSERT INTO ASCII_Prestamos (FPrestamo, Carnet, Codigo, FDevolucion)
    VALUES ('1999-06-27 18:12:57', 26297264179934555699, 669879732, '1999-06-27 19:29:13');
INSERT INTO ASCII_Prestamos (FPrestamo, Carnet, Codigo, FDevolucion)
    VALUES ('1999-11-15 14:56:11', 26297264179934555699, 982622725, '1999-11-15 20:39:03');
INSERT INTO ASCII_Prestamos (FPrestamo, Carnet, Codigo, FDevolucion)
    VALUES ('2005-04-15 11:48:58', 26297264179934555699, 685941400, '2005-04-15 16:28:05');
INSERT INTO ASCII_Prestamos (FPrestamo, Carnet, Codigo, FDevolucion)
    VALUES ('2004-09-10 18:47:56', 26297264179934555699, 903717553, '2004-09-10 20:27:30');
INSERT INTO ASCII_Prestamos (FPrestamo, Carnet, Codigo, FDevolucion)
    VALUES ('2016-05-13 16:04:37', 26297264179934555699, 253994868, '2016-05-13 17:18:57');
INSERT INTO ASCII_Prestamos (FPrestamo, Carnet, Codigo, FDevolucion)
    VALUES ('2000-07-09 14:57:01', 26297264179934555699, 147729606, '2000-07-09 16:07:55');
INSERT INTO ASCII_Prestamos (FPrestamo, Carnet, Codigo, FDevolucion)
    VALUES ('1998-02-22 09:03:53', 26297264179934555699, 952346420, '1998-02-22 09:06:12');
INSERT INTO ASCII_Prestamos (FPrestamo, Carnet, Codigo, FDevolucion)
    VALUES ('2010-06-23 10:19:49', 26297264179934555699, 958333580, '2010-06-23 19:46:23');
INSERT INTO ASCII_Prestamos (FPrestamo, Carnet, Codigo, FDevolucion)
    VALUES ('1996-06-16 11:09:21', 26297264179934555699, 270103881, '1996-06-16 19:20:53');
INSERT INTO ASCII_Prestamos (FPrestamo, Carnet, Codigo, FDevolucion)
    VALUES ('2015-11-07 12:48:41', 26297264179934555699, 953850576, '2015-11-07 19:06:55');
INSERT INTO ASCII_Prestamos (FPrestamo, Carnet, Codigo, FDevolucion)
    VALUES ('2013-06-12 09:59:34', 26297264179934555699, 670546869, '2013-06-12 16:10:24');
INSERT INTO ASCII_Prestamos (FPrestamo, Carnet, Codigo, FDevolucion)
    VALUES ('1998-08-28 13:40:58', 26297264179934555699, 626508891, '1998-08-28 15:56:59');
INSERT INTO ASCII_Prestamos (FPrestamo, Carnet, Codigo, FDevolucion)
    VALUES ('2018-04-01 15:50:40', 26297264179934555699, 242380829, '2018-04-01 17:11:02');
INSERT INTO ASCII_Prestamos (FPrestamo, Carnet, Codigo, FDevolucion)
    VALUES ('1998-11-19 10:52:26', 26297264179934555699, 170880022, '1998-11-19 16:24:03');
INSERT INTO ASCII_Prestamos (FPrestamo, Carnet, Codigo, FDevolucion)
    VALUES ('2011-07-26 11:34:37', 26297264179934555699, 647931245, '2011-07-26 13:01:21');
INSERT INTO ASCII_Recomendaciones (Carnet, Base, Recomendacion)
 VALUES (26297264179934555699, 196486656, 647931245);
INSERT INTO ASCII_Prestamos (FPrestamo, Carnet, Codigo, FDevolucion)
    VALUES ('2016-03-11 09:34:13', 26297264179934555699, 903717553, '2016-03-11 17:06:13');
INSERT INTO ASCII_Prestamos (FPrestamo, Carnet, Codigo, FDevolucion)
    VALUES ('2010-05-09 15:00:20', 26297264179934555699, 657948358, '2010-05-09 17:32:25');
INSERT INTO ASCII_Prestamos (FPrestamo, Carnet, Codigo, FDevolucion)
    VALUES ('2009-10-26 09:10:49', 26297264179934555699, 952346420, '2009-10-26 18:21:20');
INSERT INTO ASCII_Prestamos (FPrestamo, Carnet, Codigo, FDevolucion)
    VALUES ('1997-09-11 16:10:35', 26297264179934555699, 510980242, '1997-09-11 16:55:11');
INSERT INTO ASCII_Recomendaciones (Carnet, Base, Recomendacion)
 VALUES (26297264179934555699, 360700172, 510980242);
INSERT INTO ASCII_Prestamos (FPrestamo, Carnet, Codigo, FDevolucion)
    VALUES ('2014-11-05 17:18:51', 26297264179934555699, 930265900, '2014-11-05 18:30:22');
INSERT INTO ASCII_Prestamos (FPrestamo, Carnet, Codigo, FDevolucion)
    VALUES ('2010-03-11 11:03:32', 26297264179934555699, 838188769, '2010-03-11 12:23:34');
INSERT INTO ASCII_Prestamos (FPrestamo, Carnet, Codigo, FDevolucion)
    VALUES ('2001-11-22 15:28:56', 26297264179934555699, 845078739, '2001-11-22 17:24:58');
INSERT INTO ASCII_Prestamos (FPrestamo, Carnet, Codigo, FDevolucion)
    VALUES ('2012-08-29 16:04:32', 26297264179934555699, 131733386, '2012-08-29 18:04:47');
INSERT INTO ASCII_Prestamos (FPrestamo, Carnet, Codigo, FDevolucion)
    VALUES ('2016-03-12 14:11:27', 26297264179934555699, 242380829, '2016-03-12 14:28:19');
INSERT INTO ASCII_Recomendaciones (Carnet, Base, Recomendacion)
 VALUES (26297264179934555699, 937697389, 242380829);
INSERT INTO ASCII_Prestamos (FPrestamo, Carnet, Codigo, FDevolucion)
    VALUES ('2003-10-07 16:43:15', 26297264179934555699, 507490311, '2003-10-07 19:41:00');
INSERT INTO ASCII_Prestamos (FPrestamo, Carnet, Codigo, FDevolucion)
    VALUES ('2000-06-12 19:38:10', 26297264179934555699, 571247667, '2000-06-12 19:39:29');
INSERT INTO ASCII_Recomendaciones (Carnet, Base, Recomendacion)
 VALUES (26297264179934555699, 964977585, 571247667);
INSERT INTO ASCII_Prestamos (FPrestamo, Carnet, Codigo, FDevolucion)
    VALUES ('2005-12-17 10:23:51', 26297264179934555699, 393545356, '2005-12-17 19:45:21');
INSERT INTO ASCII_Prestamos (FPrestamo, Carnet, Codigo, FDevolucion)
    VALUES ('2005-06-29 09:59:48', 26297264179934555699, 653241348, '2005-06-29 12:10:31');
INSERT INTO ASCII_Recomendaciones (Carnet, Base, Recomendacion)
 VALUES (26297264179934555699, 604208493, 653241348);
INSERT INTO ASCII_Prestamos (FPrestamo, Carnet, Codigo, FDevolucion)
    VALUES ('2012-12-04 16:33:50', 26297264179934555699, 950526760, '2012-12-04 18:17:28');
INSERT INTO ASCII_Prestamos (FPrestamo, Carnet, Codigo, FDevolucion)
    VALUES ('2002-06-13 18:40:12', 26297264179934555699, 41169864, '2002-06-13 18:57:30');
INSERT INTO ASCII_Prestamos (FPrestamo, Carnet, Codigo, FDevolucion)
    VALUES ('2009-07-23 09:00:49', 26297264179934555699, 703854585, '2009-07-23 16:12:44');
INSERT INTO ASCII_Prestamos (FPrestamo, Carnet, Codigo, FDevolucion)
    VALUES ('1999-01-20 16:46:46', 26297264179934555699, 971648177, '1999-01-20 18:55:49');
INSERT INTO ASCII_Prestamos (FPrestamo, Carnet, Codigo, FDevolucion)
    VALUES ('2011-05-07 14:15:45', 26297264179934555699, 170880022, '2011-05-07 17:08:44');
INSERT INTO ASCII_Prestamos (FPrestamo, Carnet, Codigo, FDevolucion)
    VALUES ('2006-12-18 19:07:37', 26297264179934555699, 438834923, '2006-12-18 19:27:41');
INSERT INTO ASCII_Prestamos (FPrestamo, Carnet, Codigo, FDevolucion)
    VALUES ('2010-08-25 11:20:47', 26297264179934555699, 561655840, '2010-08-25 13:09:26');
INSERT INTO ASCII_Prestamos (FPrestamo, Carnet, Codigo, FDevolucion)
    VALUES ('2010-02-26 14:31:56', 26297264179934555699, 170880022, '2010-02-26 18:38:17');
INSERT INTO ASCII_Recomendaciones (Carnet, Base, Recomendacion)
 VALUES (26297264179934555699, 643443091, 170880022);
INSERT INTO ASCII_Prestamos (FPrestamo, Carnet, Codigo, FDevolucion)
    VALUES ('2004-04-28 15:30:39', 26297264179934555699, 950526760, '2004-04-28 19:21:49');
INSERT INTO ASCII_Prestamos (FPrestamo, Carnet, Codigo, FDevolucion)
    VALUES ('2010-08-24 10:07:18', 26297264179934555699, 155192418, '2010-08-24 13:43:47');
INSERT INTO ASCII_Prestamos (FPrestamo, Carnet, Codigo, FDevolucion)
    VALUES ('2000-02-15 11:42:47', 26297264179934555699, 314225902, '2000-02-15 20:19:08');
INSERT INTO ASCII_Prestamos (FPrestamo, Carnet, Codigo, FDevolucion)
    VALUES ('2009-12-01 18:32:03', 26297264179934555699, 106749821, '2009-12-01 20:06:41');
INSERT INTO ASCII_Prestamos (FPrestamo, Carnet, Codigo, FDevolucion)
    VALUES ('1999-09-03 19:05:06', 26297264179934555699, 659625461, '1999-09-03 19:11:31');
INSERT INTO ASCII_Prestamos (FPrestamo, Carnet, Codigo, FDevolucion)
    VALUES ('2012-03-28 15:19:03', 26297264179934555699, 180014736, '2012-03-29 19:52:35');
INSERT INTO ASCII_Prestamos (FPrestamo, Carnet, Codigo, FDevolucion)
    VALUES ('2009-01-18 09:42:14', 26297264179934555699, 647931245, '2009-01-18 16:20:53');
INSERT INTO ASCII_Prestamos (FPrestamo, Carnet, Codigo, FDevolucion)
    VALUES ('2016-11-19 09:10:49', 26297264179934555699, 435077835, '2016-11-19 13:44:48');
INSERT INTO ASCII_Prestamos (FPrestamo, Carnet, Codigo, FDevolucion)
    VALUES ('2013-08-15 14:06:12', 26297264179934555699, 864419312, '2013-08-15 16:39:57');
INSERT INTO ASCII_Prestamos (FPrestamo, Carnet, Codigo, FDevolucion)
    VALUES ('2014-12-31 18:28:13', 26297264179934555699, 430588711, '2014-12-31 18:57:13');
INSERT INTO ASCII_Prestamos (FPrestamo, Carnet, Codigo, FDevolucion)
    VALUES ('2018-10-27 14:54:49', 26297264179934555699, 438834923, '2018-10-27 20:46:15');
INSERT INTO ASCII_Prestamos (FPrestamo, Carnet, Codigo, FDevolucion)
    VALUES ('2005-02-22 16:57:14', 26297264179934555699, 127915210, '2005-02-22 20:02:14');
INSERT INTO ASCII_Prestamos (FPrestamo, Carnet, Codigo, FDevolucion)
    VALUES ('2017-08-31 15:06:26', 26297264179934555699, 147729606, '2017-08-31 16:45:13');
INSERT INTO ASCII_Prestamos (FPrestamo, Carnet, Codigo, FDevolucion)
    VALUES ('2006-02-26 15:08:32', 26297264179934555699, 331049936, '2006-02-26 17:59:23');
INSERT INTO ASCII_Recomendaciones (Carnet, Base, Recomendacion)
 VALUES (26297264179934555699, 980789108, 331049936);
INSERT INTO ASCII_Prestamos (FPrestamo, Carnet, Codigo, FDevolucion)
    VALUES ('2003-10-04 12:35:03', 26297264179934555699, 196486656, '2003-10-04 17:12:31');
INSERT INTO ASCII_Prestamos (FPrestamo, Carnet, Codigo, FDevolucion)
    VALUES ('2010-09-01 16:32:55', 26297264179934555699, 845078739, '2010-09-01 19:12:42');
INSERT INTO ASCII_Prestamos (FPrestamo, Carnet, Codigo, FDevolucion)
    VALUES ('2002-07-21 09:08:04', 26297264179934555699, 270103881, '2002-07-21 10:33:22');
INSERT INTO ASCII_Prestamos (FPrestamo, Carnet, Codigo, FDevolucion)
    VALUES ('2002-01-16 12:22:52', 26297264179934555699, 106749821, '2002-01-16 19:30:02');
INSERT INTO ASCII_Prestamos (FPrestamo, Carnet, Codigo, FDevolucion)
    VALUES ('2006-02-19 14:54:40', 26297264179934555699, 930265900, '2006-02-19 15:19:13');
INSERT INTO ASCII_Prestamos (FPrestamo, Carnet, Codigo, FDevolucion)
    VALUES ('1997-02-24 12:33:41', 26297264179934555699, 838188769, '1997-02-24 13:57:11');
INSERT INTO ASCII_Prestamos (FPrestamo, Carnet, Codigo, FDevolucion)
    VALUES ('2017-06-22 16:11:43', 26297264179934555699, 507490311, '2017-06-22 17:42:37');
INSERT INTO ASCII_Prestamos (FPrestamo, Carnet, Codigo, FDevolucion)
    VALUES ('2014-11-17 09:48:46', 26297264179934555699, 925327567, '2014-11-17 15:38:31');
INSERT INTO ASCII_Prestamos (FPrestamo, Carnet, Codigo, FDevolucion)
    VALUES ('2005-06-24 16:50:42', 26297264179934555699, 250884700, '2005-06-24 18:40:59');
INSERT INTO ASCII_Prestamos (FPrestamo, Carnet, Codigo, FDevolucion)
    VALUES ('2006-08-14 09:27:44', 26297264179934555699, 18635348, '2006-08-14 10:09:36');
INSERT INTO ASCII_Prestamos (FPrestamo, Carnet, Codigo, FDevolucion)
    VALUES ('2009-09-07 10:49:24', 26297264179934555699, 982622725, '2009-09-07 19:50:04');
INSERT INTO ASCII_Prestamos (FPrestamo, Carnet, Codigo, FDevolucion)
    VALUES ('1999-01-20 18:53:52', 26297264179934555699, 331049936, '1999-01-20 20:45:56');
INSERT INTO ASCII_Prestamos (FPrestamo, Carnet, Codigo, FDevolucion)
    VALUES ('2011-10-21 18:27:11', 26297264179934555699, 341971670, '2011-10-21 19:19:14');
INSERT INTO ASCII_Prestamos (FPrestamo, Carnet, Codigo, FDevolucion)
    VALUES ('2010-12-13 13:55:45', 26297264179934555699, 488201605, '2010-12-13 20:33:44');
INSERT INTO ASCII_Prestamos (FPrestamo, Carnet, Codigo, FDevolucion)
    VALUES ('2012-07-07 14:49:51', 26297264179934555699, 196486656, '2012-07-07 15:20:03');
INSERT INTO ASCII_Prestamos (FPrestamo, Carnet, Codigo, FDevolucion)
    VALUES ('2011-07-07 15:58:40', 26297264179934555699, 507490311, '2011-07-07 19:11:29');
INSERT INTO ASCII_Prestamos (FPrestamo, Carnet, Codigo, FDevolucion)
    VALUES ('2015-10-29 17:51:56', 26297264179934555699, 604208493, '2015-10-29 18:03:43');
INSERT INTO ASCII_Prestamos (FPrestamo, Carnet, Codigo, FDevolucion)
    VALUES ('2016-03-13 11:09:23', 26297264179934555699, 268609271, '2016-03-13 12:57:04');
INSERT INTO ASCII_Prestamos (FPrestamo, Carnet, Codigo, FDevolucion)
    VALUES ('2005-03-25 16:35:09', 26297264179934555699, 837424856, '2005-03-25 18:01:08');
INSERT INTO ASCII_Prestamos (FPrestamo, Carnet, Codigo, FDevolucion)
    VALUES ('2004-10-20 14:15:27', 26297264179934555699, 973769009, '2004-10-20 14:45:02');
INSERT INTO ASCII_Prestamos (FPrestamo, Carnet, Codigo, FDevolucion)
    VALUES ('2016-07-05 15:44:22', 26297264179934555699, 670546869, '2016-07-05 16:27:17');
INSERT INTO ASCII_Prestamos (FPrestamo, Carnet, Codigo, FDevolucion)
    VALUES ('2013-02-13 15:01:52', 26297264179934555699, 626508891, '2013-02-13 19:43:34');
INSERT INTO ASCII_Prestamos (FPrestamo, Carnet, Codigo, FDevolucion)
    VALUES ('1996-06-18 17:52:10', 26297264179934555699, 435077835, '1996-06-18 19:29:46');
INSERT INTO ASCII_Prestamos (FPrestamo, Carnet, Codigo, FDevolucion)
    VALUES ('1999-05-31 16:31:28', 26297264179934555699, 270103881, '1999-05-31 16:46:28');
INSERT INTO ASCII_Prestamos (FPrestamo, Carnet, Codigo, FDevolucion)
    VALUES ('2006-12-13 13:27:17', 26297264179934555699, 286701931, '2006-12-13 15:44:49');
INSERT INTO ASCII_Prestamos (FPrestamo, Carnet, Codigo, FDevolucion)
    VALUES ('2007-11-21 14:42:20', 26297264179934555699, 621287267, '2007-11-21 15:55:42');
INSERT INTO ASCII_Prestamos (FPrestamo, Carnet, Codigo, FDevolucion)
    VALUES ('2014-08-28 14:31:06', 26297264179934555699, 698357582, '2014-08-28 19:50:12');
INSERT INTO ASCII_Prestamos (FPrestamo, Carnet, Codigo, FDevolucion)
    VALUES ('2006-02-06 17:47:48', 26297264179934555699, 927955996, '2006-02-06 18:28:36');
INSERT INTO ASCII_Recomendaciones (Carnet, Base, Recomendacion)
 VALUES (26297264179934555699, 887208567, 927955996);
INSERT INTO ASCII_Prestamos (FPrestamo, Carnet, Codigo, FDevolucion)
    VALUES ('2018-10-15 14:08:48', 26297264179934555699, 964977585, '2018-10-15 19:15:09');
INSERT INTO ASCII_Prestamos (FPrestamo, Carnet, Codigo, FDevolucion)
    VALUES ('2012-12-11 18:30:35', 26297264179934555699, 672049130, '2012-12-11 18:31:37');
INSERT INTO ASCII_Prestamos (FPrestamo, Carnet, Codigo, FDevolucion)
    VALUES ('2009-07-30 10:30:30', 26297264179934555699, 338686884, '2009-07-30 16:32:24');
INSERT INTO ASCII_Prestamos (FPrestamo, Carnet, Codigo, FDevolucion)
    VALUES ('2014-09-18 18:44:56', 26297264179934555699, 430588711, '2014-09-18 19:47:58');
INSERT INTO ASCII_Prestamos (FPrestamo, Carnet, Codigo, FDevolucion)
    VALUES ('2005-07-07 19:07:54', 26297264179934555699, 250884700, '2005-07-07 19:42:10');
INSERT INTO ASCII_Prestamos (FPrestamo, Carnet, Codigo, FDevolucion)
    VALUES ('2017-06-06 14:37:27', 26297264179934555699, 361185658, '2017-06-06 16:39:49');
INSERT INTO ASCII_Prestamos (FPrestamo, Carnet, Codigo, FDevolucion)
    VALUES ('2008-10-07 13:21:17', 26297264179934555699, 419138522, '2008-10-07 13:27:07');
INSERT INTO ASCII_Prestamos (FPrestamo, Carnet, Codigo, FDevolucion)
    VALUES ('2012-10-27 10:09:52', 26297264179934555699, 964977585, '2012-10-27 17:53:33');
INSERT INTO ASCII_Prestamos (FPrestamo, Carnet, Codigo, FDevolucion)
    VALUES ('2003-08-02 17:08:35', 26297264179934555699, 467479744, '2003-08-02 19:05:47');
INSERT INTO ASCII_Prestamos (FPrestamo, Carnet, Codigo, FDevolucion)
    VALUES ('2017-12-10 13:41:30', 26297264179934555699, 670546869, '2017-12-10 19:50:34');
INSERT INTO ASCII_Prestamos (FPrestamo, Carnet, Codigo, FDevolucion)
    VALUES ('2016-10-03 19:47:52', 26297264179934555699, 18635348, '2016-10-03 19:48:22');
INSERT INTO ASCII_Recomendaciones (Carnet, Base, Recomendacion)
 VALUES (26297264179934555699, 659625461, 18635348);
INSERT INTO ASCII_Prestamos (FPrestamo, Carnet, Codigo, FDevolucion)
    VALUES ('2008-01-12 09:37:26', 26297264179934555699, 128859739, '2008-01-12 13:48:22');
INSERT INTO ASCII_Prestamos (FPrestamo, Carnet, Codigo, FDevolucion)
    VALUES ('1998-06-19 10:13:02', 26297264179934555699, 840655483, '1998-06-19 15:28:16');
INSERT INTO ASCII_Prestamos (FPrestamo, Carnet, Codigo, FDevolucion)
    VALUES ('2011-09-13 19:02:38', 26297264179934555699, 338686884, '2011-09-13 19:49:19');
INSERT INTO ASCII_Prestamos (FPrestamo, Carnet, Codigo, FDevolucion)
    VALUES ('2005-09-02 09:20:37', 26297264179934555699, 585184362, '2005-09-02 13:31:08');
INSERT INTO ASCII_Prestamos (FPrestamo, Carnet, Codigo, FDevolucion)
    VALUES ('2003-08-09 15:17:27', 26297264179934555699, 682329074, '2003-08-09 16:21:07');
INSERT INTO ASCII_Prestamos (FPrestamo, Carnet, Codigo, FDevolucion)
    VALUES ('2004-06-16 14:34:30', 26297264179934555699, 467479744, '2004-06-16 20:31:09');
INSERT INTO ASCII_Prestamos (FPrestamo, Carnet, Codigo, FDevolucion)
    VALUES ('2002-09-06 19:27:31', 26297264179934555699, 669879732, '2002-09-06 19:45:37');
INSERT INTO ASCII_Prestamos (FPrestamo, Carnet, Codigo, FDevolucion)
    VALUES ('2008-04-02 10:00:35', 26297264179934555699, 840655483, '2008-04-02 15:33:00');
INSERT INTO ASCII_Prestamos (FPrestamo, Carnet, Codigo, FDevolucion)
    VALUES ('2005-07-04 14:52:41', 26297264179934555699, 677770956, '2005-07-04 19:57:04');
INSERT INTO ASCII_Prestamos (FPrestamo, Carnet, Codigo, FDevolucion)
    VALUES ('2008-08-13 19:15:24', 26297264179934555699, 411723132, '2008-08-13 19:15:25');
INSERT INTO ASCII_Prestamos (FPrestamo, Carnet, Codigo, FDevolucion)
    VALUES ('1998-04-27 10:21:54', 26297264179934555699, 84694334, '1998-04-27 17:47:13');
INSERT INTO ASCII_Prestamos (FPrestamo, Carnet, Codigo, FDevolucion)
    VALUES ('2014-01-24 18:36:49', 26297264179934555699, 18635348, '2014-01-24 20:23:21');
INSERT INTO ASCII_Prestamos (FPrestamo, Carnet, Codigo, FDevolucion)
    VALUES ('1997-09-26 17:57:04', 26297264179934555699, 250884700, '1997-09-26 19:00:12');
INSERT INTO ASCII_Prestamos (FPrestamo, Carnet, Codigo, FDevolucion)
    VALUES ('2007-02-18 19:18:28', 26297264179934555699, 800955108, '2007-02-18 20:10:54');
INSERT INTO ASCII_Recomendaciones (Carnet, Base, Recomendacion)
 VALUES (26297264179934555699, 230128811, 800955108);
INSERT INTO ASCII_Prestamos (FPrestamo, Carnet, Codigo, FDevolucion)
    VALUES ('2002-01-15 17:49:18', 26297264179934555699, 617920706, '2002-01-15 18:04:44');
INSERT INTO ASCII_Prestamos (FPrestamo, Carnet, Codigo, FDevolucion)
    VALUES ('2001-03-30 16:05:58', 26297264179934555699, 980789108, '2001-03-30 18:52:21');
INSERT INTO ASCII_Prestamos (FPrestamo, Carnet, Codigo, FDevolucion)
    VALUES ('2006-01-08 15:59:49', 26297264179934555699, 682329074, '2006-01-08 17:35:43');
INSERT INTO ASCII_Prestamos (FPrestamo, Carnet, Codigo, FDevolucion)
    VALUES ('1998-07-15 16:18:19', 26297264179934555699, 670546869, '1998-07-15 19:27:14');
INSERT INTO ASCII_Recomendaciones (Carnet, Base, Recomendacion)
 VALUES (26297264179934555699, 973769009, 670546869);
INSERT INTO ASCII_Prestamos (FPrestamo, Carnet, Codigo, FDevolucion)
    VALUES ('2014-08-09 15:04:16', 26297264179934555699, 393545356, '2014-08-09 18:08:48');
INSERT INTO ASCII_Prestamos (FPrestamo, Carnet, Codigo, FDevolucion)
    VALUES ('2007-08-25 12:23:05', 26297264179934555699, 954808125, '2007-08-25 12:26:06');
INSERT INTO ASCII_Recomendaciones (Carnet, Base, Recomendacion)
 VALUES (26297264179934555699, 930265900, 954808125);
INSERT INTO ASCII_Prestamos (FPrestamo, Carnet, Codigo, FDevolucion)
    VALUES ('1997-02-10 14:12:09', 26297264179934555699, 84694334, '1997-02-10 19:30:31');
INSERT INTO ASCII_Recomendaciones (Carnet, Base, Recomendacion)
 VALUES (26297264179934555699, 952346420, 84694334);
INSERT INTO ASCII_Prestamos (FPrestamo, Carnet, Codigo, FDevolucion)
    VALUES ('2009-08-17 12:56:26', 26297264179934555699, 438834923, '2009-08-17 15:58:59');
INSERT INTO ASCII_Prestamos (FPrestamo, Carnet, Codigo, FDevolucion)
    VALUES ('2005-05-15 15:33:08', 26297264179934555699, 481287493, '2005-05-15 17:46:37');
INSERT INTO ASCII_Recomendaciones (Carnet, Base, Recomendacion)
 VALUES (26297264179934555699, 566157944, 481287493);
INSERT INTO ASCII_Prestamos (FPrestamo, Carnet, Codigo, FDevolucion)
    VALUES ('2012-02-08 14:17:57', 26297264179934555699, 953850576, '2012-02-08 14:20:48');
INSERT INTO ASCII_Prestamos (FPrestamo, Carnet, Codigo, FDevolucion)
    VALUES ('2005-09-04 12:29:42', 26297264179934555699, 409476072, '2005-09-04 20:12:33');
INSERT INTO ASCII_Prestamos (FPrestamo, Carnet, Codigo, FDevolucion)
    VALUES ('1999-12-20 13:28:23', 26297264179934555699, 682329074, '1999-12-20 19:55:04');
INSERT INTO ASCII_Prestamos (FPrestamo, Carnet, Codigo, FDevolucion)
    VALUES ('2009-01-01 09:45:45', 26297264179934555699, 682329074, '2009-01-01 14:16:29');
INSERT INTO ASCII_Prestamos (FPrestamo, Carnet, Codigo, FDevolucion)
    VALUES ('2000-03-30 18:59:19', 26297264179934555699, 948690342, '2000-03-30 20:44:23');
INSERT INTO ASCII_Prestamos (FPrestamo, Carnet, Codigo, FDevolucion)
    VALUES ('2003-01-06 14:40:31', 26297264179934555699, 800955108, '2003-01-06 15:04:52');
INSERT INTO ASCII_Prestamos (FPrestamo, Carnet, Codigo, FDevolucion)
    VALUES ('2015-02-18 16:14:03', 26297264179934555699, 430588711, '2015-02-18 19:00:56');
INSERT INTO ASCII_Prestamos (FPrestamo, Carnet, Codigo, FDevolucion)
    VALUES ('2014-03-06 09:52:47', 26297264179934555699, 314225902, '2014-03-06 12:08:37');
INSERT INTO ASCII_Prestamos (FPrestamo, Carnet, Codigo, FDevolucion)
    VALUES ('2007-11-05 09:09:13', 26297264179934555699, 927955996, '2007-11-05 19:15:00');
INSERT INTO ASCII_Prestamos (FPrestamo, Carnet, Codigo, FDevolucion)
    VALUES ('2006-03-17 09:45:02', 26297264179934555699, 952346420, '2006-03-17 11:20:53');
INSERT INTO ASCII_Prestamos (FPrestamo, Carnet, Codigo, FDevolucion)
    VALUES ('2003-03-01 14:00:44', 26297264179934555699, 973769009, '2003-03-01 15:50:11');
INSERT INTO ASCII_Prestamos (FPrestamo, Carnet, Codigo, FDevolucion)
    VALUES ('1997-05-19 09:10:58', 26297264179934555699, 481287493, '1997-05-19 11:43:42');
INSERT INTO ASCII_Prestamos (FPrestamo, Carnet, Codigo, FDevolucion)
    VALUES ('2014-12-26 10:19:55', 26297264179934555699, 991317338, '2014-12-26 16:00:01');
INSERT INTO ASCII_Prestamos (FPrestamo, Carnet, Codigo, FDevolucion)
    VALUES ('1997-03-14 09:36:22', 26297264179934555699, 47554194, '1997-03-14 19:45:58');
INSERT INTO ASCII_Prestamos (FPrestamo, Carnet, Codigo, FDevolucion)
    VALUES ('2014-12-30 16:56:43', 26297264179934555699, 703854585, '2014-12-30 20:43:09');
INSERT INTO ASCII_Prestamos (FPrestamo, Carnet, Codigo, FDevolucion)
    VALUES ('2000-11-20 13:24:11', 26297264179934555699, 243541526, '2000-11-20 18:39:55');
INSERT INTO ASCII_Prestamos (FPrestamo, Carnet, Codigo, FDevolucion)
    VALUES ('1998-12-26 15:54:43', 26297264179934555699, 643443091, '1998-12-26 19:56:30');
INSERT INTO ASCII_Prestamos (FPrestamo, Carnet, Codigo, FDevolucion)
    VALUES ('2018-02-03 15:44:34', 26297264179934555699, 647931245, '2018-02-03 16:21:06');
INSERT INTO ASCII_Prestamos (FPrestamo, Carnet, Codigo, FDevolucion)
    VALUES ('2008-11-14 17:11:46', 26297264179934555699, 840655483, '2008-11-14 20:01:03');
INSERT INTO ASCII_Prestamos (FPrestamo, Carnet, Codigo, FDevolucion)
    VALUES ('2008-12-13 13:10:37', 26297264179934555699, 338686884, '2008-12-13 16:04:06');
INSERT INTO ASCII_Prestamos (FPrestamo, Carnet, Codigo, FDevolucion)
    VALUES ('1996-10-19 15:18:03', 26297264179934555699, 758589576, '1996-10-19 15:23:02');
INSERT INTO ASCII_Prestamos (FPrestamo, Carnet, Codigo, FDevolucion)
    VALUES ('2016-06-10 12:27:00', 26297264179934555699, 341971670, '2016-06-10 15:02:58');
INSERT INTO ASCII_Prestamos (FPrestamo, Carnet, Codigo, FDevolucion)
    VALUES ('2014-01-26 13:02:09', 26297264179934555699, 524284071, '2014-01-26 18:11:16');
INSERT INTO ASCII_Prestamos (FPrestamo, Carnet, Codigo, FDevolucion)
    VALUES ('2002-12-16 18:33:01', 26297264179934555699, 265953115, '2002-12-16 19:20:05');
INSERT INTO ASCII_Prestamos (FPrestamo, Carnet, Codigo, FDevolucion)
    VALUES ('2002-04-29 17:34:19', 26297264179934555699, 851235196, '2002-04-29 17:46:39');
INSERT INTO ASCII_Prestamos (FPrestamo, Carnet, Codigo, FDevolucion)
    VALUES ('2006-09-14 19:14:44', 26297264179934555699, 566157944, '2006-09-14 20:03:50');
INSERT INTO ASCII_Prestamos (FPrestamo, Carnet, Codigo, FDevolucion)
    VALUES ('1998-07-19 10:30:43', 26297264179934555699, 670546869, '1998-07-19 14:05:18');
INSERT INTO ASCII_Prestamos (FPrestamo, Carnet, Codigo, FDevolucion)
    VALUES ('2004-11-01 09:06:18', 26297264179934555699, 587137439, '2004-11-01 10:06:25');
INSERT INTO ASCII_Recomendaciones (Carnet, Base, Recomendacion)
 VALUES (26297264179934555699, 980789108, 587137439);
INSERT INTO ASCII_Prestamos (FPrestamo, Carnet, Codigo, FDevolucion)
    VALUES ('2009-03-14 15:03:24', 26297264179934555699, 845078739, '2009-03-14 18:59:22');
INSERT INTO ASCII_Prestamos (FPrestamo, Carnet, Codigo, FDevolucion)
    VALUES ('2001-07-07 12:59:48', 26297264179934555699, 964977585, '2001-07-07 17:24:51');
INSERT INTO ASCII_Prestamos (FPrestamo, Carnet, Codigo, FDevolucion)
    VALUES ('2016-09-24 17:47:47', 26297264179934555699, 428001381, '2016-09-24 19:23:00');
INSERT INTO ASCII_Prestamos (FPrestamo, Carnet, Codigo, FDevolucion)
    VALUES ('2016-04-09 19:55:31', 26297264179934555699, 510980242, '2016-04-09 20:15:08');
INSERT INTO ASCII_Prestamos (FPrestamo, Carnet, Codigo, FDevolucion)
    VALUES ('2018-01-04 19:54:06', 26297264179934555699, 361185658, '2018-01-04 20:34:51');
INSERT INTO ASCII_Prestamos (FPrestamo, Carnet, Codigo, FDevolucion)
    VALUES ('2002-12-22 09:40:10', 26297264179934555699, 879139789, '2002-12-22 18:15:19');
INSERT INTO ASCII_Prestamos (FPrestamo, Carnet, Codigo, FDevolucion)
    VALUES ('2009-11-15 12:56:44', 26297264179934555699, 643443091, '2009-11-15 20:14:27');
INSERT INTO ASCII_Prestamos (FPrestamo, Carnet, Codigo, FDevolucion)
    VALUES ('2007-12-13 18:48:38', 26297264179934555699, 689302586, '2007-12-13 19:56:36');
INSERT INTO ASCII_Prestamos (FPrestamo, Carnet, Codigo, FDevolucion)
    VALUES ('2006-04-16 19:04:26', 26297264179934555699, 481287493, '2006-04-16 19:25:46');
INSERT INTO ASCII_Prestamos (FPrestamo, Carnet, Codigo, FDevolucion)
    VALUES ('2012-03-08 12:34:36', 26297264179934555699, 862290062, '2012-03-08 14:28:12');
INSERT INTO ASCII_Recomendaciones (Carnet, Base, Recomendacion)
 VALUES (26297264179934555699, 201222074, 862290062);
INSERT INTO ASCII_Prestamos (FPrestamo, Carnet, Codigo, FDevolucion)
    VALUES ('2000-10-15 12:02:34', 26297264179934555699, 822999051, '2000-10-15 19:35:16');
INSERT INTO ASCII_Prestamos (FPrestamo, Carnet, Codigo, FDevolucion)
    VALUES ('2002-12-05 16:18:16', 26297264179934555699, 890814220, '2002-12-05 18:59:40');
INSERT INTO ASCII_Prestamos (FPrestamo, Carnet, Codigo, FDevolucion)
    VALUES ('2012-09-16 09:12:07', 26297264179934555699, 971648177, '2012-09-16 16:32:44');
INSERT INTO ASCII_Prestamos (FPrestamo, Carnet, Codigo, FDevolucion)
    VALUES ('1996-10-12 10:38:34', 26297264179934555699, 361185658, '1996-10-12 11:15:42');
INSERT INTO ASCII_Prestamos (FPrestamo, Carnet, Codigo, FDevolucion)
    VALUES ('2018-06-07 12:50:23', 26297264179934555699, 527398674, '2018-06-07 12:51:44');
INSERT INTO ASCII_Prestamos (FPrestamo, Carnet, Codigo, FDevolucion)
    VALUES ('2009-04-26 10:52:20', 26297264179934555699, 585184362, '2009-04-26 20:36:05');
INSERT INTO ASCII_Prestamos (FPrestamo, Carnet, Codigo, FDevolucion)
    VALUES ('2010-09-23 10:10:05', 26297264179934555699, 480674548, '2010-09-23 10:31:26');
INSERT INTO ASCII_Recomendaciones (Carnet, Base, Recomendacion)
 VALUES (26297264179934555699, 518990411, 480674548);
INSERT INTO ASCII_Prestamos (FPrestamo, Carnet, Codigo, FDevolucion)
    VALUES ('2009-01-03 10:32:52', 26297264179934555699, 982622725, '2009-01-03 13:10:39');
INSERT INTO ASCII_Recomendaciones (Carnet, Base, Recomendacion)
 VALUES (26297264179934555699, 566157944, 982622725);
INSERT INTO ASCII_Prestamos (FPrestamo, Carnet, Codigo, FDevolucion)
    VALUES ('2010-02-20 13:52:58', 26297264179934555699, 839730706, '2010-02-20 19:39:34');
INSERT INTO ASCII_Prestamos (FPrestamo, Carnet, Codigo, FDevolucion)
    VALUES ('1999-06-26 12:23:32', 26297264179934555699, 727226330, '1999-06-26 14:48:40');
INSERT INTO ASCII_Recomendaciones (Carnet, Base, Recomendacion)
 VALUES (26297264179934555699, 727226330, 727226330);
INSERT INTO ASCII_Prestamos (FPrestamo, Carnet, Codigo, FDevolucion)
    VALUES ('2001-07-22 11:14:43', 26297264179934555699, 991317338, '2001-07-22 14:27:02');
INSERT INTO ASCII_Prestamos (FPrestamo, Carnet, Codigo, FDevolucion)
    VALUES ('1997-04-20 12:02:05', 26297264179934555699, 393545356, '1997-04-20 14:05:36');
INSERT INTO ASCII_Prestamos (FPrestamo, Carnet, Codigo, FDevolucion)
    VALUES ('2011-10-01 15:37:38', 26297264179934555699, 870139361, '2011-10-01 17:59:13');
INSERT INTO ASCII_Prestamos (FPrestamo, Carnet, Codigo, FDevolucion)
    VALUES ('2010-02-20 09:14:59', 26297264179934555699, 393545356, '2010-02-20 17:08:44');
INSERT INTO ASCII_Prestamos (FPrestamo, Carnet, Codigo, FDevolucion)
    VALUES ('1998-05-17 10:13:24', 26297264179934555699, 862290062, '1998-05-17 18:55:41');
INSERT INTO ASCII_Prestamos (FPrestamo, Carnet, Codigo, FDevolucion)
    VALUES ('2011-04-17 15:27:22', 26297264179934555699, 689302586, '2011-04-17 16:50:43');
INSERT INTO ASCII_Prestamos (FPrestamo, Carnet, Codigo, FDevolucion)
    VALUES ('2009-09-14 12:15:06', 26297264179934555699, 659625461, '2009-09-14 19:48:32');
INSERT INTO ASCII_Prestamos (FPrestamo, Carnet, Codigo, FDevolucion)
    VALUES ('1998-10-28 17:59:04', 26297264179934555699, 971648177, '1998-10-28 20:21:07');
INSERT INTO ASCII_Prestamos (FPrestamo, Carnet, Codigo, FDevolucion)
    VALUES ('2010-07-14 09:14:53', 26297264179934555699, 253994868, '2010-07-14 15:05:41');
INSERT INTO ASCII_Prestamos (FPrestamo, Carnet, Codigo, FDevolucion)
    VALUES ('2000-10-20 11:54:32', 26297264179934555699, 669879732, '2000-10-20 20:40:11');
INSERT INTO ASCII_Prestamos (FPrestamo, Carnet, Codigo, FDevolucion)
    VALUES ('2016-03-04 13:16:11', 26297264179934555699, 857051941, '2016-03-04 17:41:29');
INSERT INTO ASCII_Prestamos (FPrestamo, Carnet, Codigo, FDevolucion)
    VALUES ('2010-07-23 12:17:46', 26297264179934555699, 270103881, '2010-07-23 16:16:37');
INSERT INTO ASCII_Prestamos (FPrestamo, Carnet, Codigo, FDevolucion)
    VALUES ('2004-05-11 17:28:37', 26297264179934555699, 991317338, '2004-05-11 19:47:00');
INSERT INTO ASCII_Prestamos (FPrestamo, Carnet, Codigo, FDevolucion)
    VALUES ('1997-11-07 18:48:37', 26297264179934555699, 566157944, '1997-11-07 19:14:01');
INSERT INTO ASCII_Prestamos (FPrestamo, Carnet, Codigo, FDevolucion)
    VALUES ('2014-11-09 14:38:09', 26297264179934555699, 887208567, '2014-11-09 19:27:45');
INSERT INTO ASCII_Prestamos (FPrestamo, Carnet, Codigo, FDevolucion)
    VALUES ('2007-06-01 13:42:51', 26297264179934555699, 341971670, '2007-06-01 19:12:11');
INSERT INTO ASCII_Prestamos (FPrestamo, Carnet, Codigo, FDevolucion)
    VALUES ('2017-05-24 11:31:07', 26297264179934555699, 489855290, '2017-05-24 11:34:20');


---------------- NEW USER purificacionordonez
INSERT INTO ASCII_Usuarios (Carnet, FAlta, Nombre, Apellidos, Apodo)
    VALUES (79274238287919758052, '1998-03-20 11:11:20', 'Nuria', 'Rueda', 'purificacionordonez');

INSERT INTO ASCII_Prestamos (FPrestamo, Carnet, Codigo, FDevolucion)
    VALUES ('2014-08-11 17:53:44', 79274238287919758052, 659625461, '2014-08-11 19:00:00');
INSERT INTO ASCII_Prestamos (FPrestamo, Carnet, Codigo, FDevolucion)
    VALUES ('2003-02-18 12:03:56', 79274238287919758052, 419138522, '2003-02-18 18:13:13');
INSERT INTO ASCII_Prestamos (FPrestamo, Carnet, Codigo, FDevolucion)
    VALUES ('2003-04-11 18:44:00', 79274238287919758052, 268609271, '2003-04-11 18:53:51');
INSERT INTO ASCII_Prestamos (FPrestamo, Carnet, Codigo, FDevolucion)
    VALUES ('1999-04-06 16:20:36', 79274238287919758052, 703854585, '1999-04-06 18:15:36');
INSERT INTO ASCII_Prestamos (FPrestamo, Carnet, Codigo, FDevolucion)
    VALUES ('2000-03-09 13:22:18', 79274238287919758052, 462839979, '2000-03-09 17:36:31');
INSERT INTO ASCII_Prestamos (FPrestamo, Carnet, Codigo, FDevolucion)
    VALUES ('2009-01-01 17:27:03', 79274238287919758052, 268609271, '2009-01-01 19:36:34');
INSERT INTO ASCII_Prestamos (FPrestamo, Carnet, Codigo, FDevolucion)
    VALUES ('2015-05-19 15:09:14', 79274238287919758052, 587137439, '2015-05-19 16:37:09');
INSERT INTO ASCII_Prestamos (FPrestamo, Carnet, Codigo, FDevolucion)
    VALUES ('2013-12-12 10:02:12', 79274238287919758052, 341971670, '2013-12-12 17:37:46');
INSERT INTO ASCII_Prestamos (FPrestamo, Carnet, Codigo, FDevolucion)
    VALUES ('1998-11-13 17:11:27', 79274238287919758052, 18635348, '1998-11-13 19:06:58');
INSERT INTO ASCII_Recomendaciones (Carnet, Base, Recomendacion)
 VALUES (79274238287919758052, 409476072, 18635348);
INSERT INTO ASCII_Prestamos (FPrestamo, Carnet, Codigo, FDevolucion)
    VALUES ('2008-07-18 13:34:50', 79274238287919758052, 360700172, '2008-07-18 17:37:31');
INSERT INTO ASCII_Prestamos (FPrestamo, Carnet, Codigo, FDevolucion)
    VALUES ('2011-01-07 13:17:24', 79274238287919758052, 480674548, '2011-01-07 13:36:38');
INSERT INTO ASCII_Prestamos (FPrestamo, Carnet, Codigo, FDevolucion)
    VALUES ('2013-06-05 15:26:32', 79274238287919758052, 524284071, '2013-06-05 16:15:07');
INSERT INTO ASCII_Prestamos (FPrestamo, Carnet, Codigo, FDevolucion)
    VALUES ('2000-06-30 11:50:07', 79274238287919758052, 524284071, '2000-06-30 15:17:22');
INSERT INTO ASCII_Prestamos (FPrestamo, Carnet, Codigo, FDevolucion)
    VALUES ('2003-09-12 11:21:52', 79274238287919758052, 507490311, '2003-09-12 20:11:45');
INSERT INTO ASCII_Prestamos (FPrestamo, Carnet, Codigo, FDevolucion)
    VALUES ('2005-09-15 13:59:02', 79274238287919758052, 156146678, '2005-09-15 14:53:57');
INSERT INTO ASCII_Prestamos (FPrestamo, Carnet, Codigo, FDevolucion)
    VALUES ('2004-08-27 15:21:06', 79274238287919758052, 170880022, '2004-08-27 17:34:39');
INSERT INTO ASCII_Recomendaciones (Carnet, Base, Recomendacion)
 VALUES (79274238287919758052, 488201605, 170880022);
INSERT INTO ASCII_Prestamos (FPrestamo, Carnet, Codigo, FDevolucion)
    VALUES ('2017-12-27 14:48:12', 79274238287919758052, 964977585, '2017-12-27 17:36:24');
INSERT INTO ASCII_Prestamos (FPrestamo, Carnet, Codigo, FDevolucion)
    VALUES ('2016-12-01 19:56:23', 79274238287919758052, 307357928, '2016-12-01 20:33:52');
INSERT INTO ASCII_Prestamos (FPrestamo, Carnet, Codigo, FDevolucion)
    VALUES ('2003-11-27 18:56:10', 79274238287919758052, 47554194, '2003-11-27 19:59:44');
INSERT INTO ASCII_Prestamos (FPrestamo, Carnet, Codigo, FDevolucion)
    VALUES ('2013-07-12 14:21:47', 79274238287919758052, 857051941, '2013-07-12 16:35:41');
INSERT INTO ASCII_Prestamos (FPrestamo, Carnet, Codigo, FDevolucion)
    VALUES ('2004-03-23 18:43:03', 79274238287919758052, 839730706, '2004-03-23 19:25:05');
INSERT INTO ASCII_Prestamos (FPrestamo, Carnet, Codigo, FDevolucion)
    VALUES ('2008-06-15 18:59:48', 79274238287919758052, 851235196, '2008-06-15 19:06:56');
INSERT INTO ASCII_Prestamos (FPrestamo, Carnet, Codigo, FDevolucion)
    VALUES ('2007-03-24 19:14:21', 79274238287919758052, 868808044, '2007-03-24 20:08:22');
INSERT INTO ASCII_Prestamos (FPrestamo, Carnet, Codigo, FDevolucion)
    VALUES ('2013-02-01 15:03:26', 79274238287919758052, 698357582, '2013-02-01 18:47:22');
INSERT INTO ASCII_Prestamos (FPrestamo, Carnet, Codigo, FDevolucion)
    VALUES ('2010-08-12 12:50:53', 79274238287919758052, 868808044, '2010-08-12 19:04:09');
INSERT INTO ASCII_Recomendaciones (Carnet, Base, Recomendacion)
 VALUES (79274238287919758052, 902512489, 868808044);
INSERT INTO ASCII_Prestamos (FPrestamo, Carnet, Codigo, FDevolucion)
    VALUES ('2003-05-01 13:52:52', 79274238287919758052, 621287267, '2003-05-01 17:39:50');
INSERT INTO ASCII_Prestamos (FPrestamo, Carnet, Codigo, FDevolucion)
    VALUES ('2001-04-10 13:16:43', 79274238287919758052, 954808125, '2001-04-10 16:11:39');
INSERT INTO ASCII_Prestamos (FPrestamo, Carnet, Codigo, FDevolucion)
    VALUES ('2013-03-25 12:39:17', 79274238287919758052, 727226330, '2013-03-25 15:30:48');
INSERT INTO ASCII_Prestamos (FPrestamo, Carnet, Codigo, FDevolucion)
    VALUES ('2010-12-25 13:40:26', 79274238287919758052, 887208567, '2010-12-25 16:33:59');
INSERT INTO ASCII_Prestamos (FPrestamo, Carnet, Codigo, FDevolucion)
    VALUES ('2016-10-09 09:50:14', 79274238287919758052, 887208567, '2016-10-09 19:39:21');
INSERT INTO ASCII_Prestamos (FPrestamo, Carnet, Codigo, FDevolucion)
    VALUES ('2014-04-19 13:57:52', 79274238287919758052, 864419312, '2014-04-19 16:41:26');
INSERT INTO ASCII_Prestamos (FPrestamo, Carnet, Codigo, FDevolucion)
    VALUES ('2003-04-27 17:35:33', 79274238287919758052, 973769009, '2003-04-27 20:10:43');
INSERT INTO ASCII_Prestamos (FPrestamo, Carnet, Codigo, FDevolucion)
    VALUES ('2017-04-28 12:08:18', 79274238287919758052, 290125844, '2017-04-28 14:05:37');
INSERT INTO ASCII_Prestamos (FPrestamo, Carnet, Codigo, FDevolucion)
    VALUES ('1999-09-16 18:25:04', 79274238287919758052, 170880022, '1999-09-16 19:01:41');
INSERT INTO ASCII_Prestamos (FPrestamo, Carnet, Codigo, FDevolucion)
    VALUES ('2005-09-12 15:56:51', 79274238287919758052, 242380829, '2005-09-12 17:37:17');
INSERT INTO ASCII_Prestamos (FPrestamo, Carnet, Codigo, FDevolucion)
    VALUES ('2013-04-27 10:34:26', 79274238287919758052, 838188769, '2013-04-27 13:50:32');
INSERT INTO ASCII_Prestamos (FPrestamo, Carnet, Codigo, FDevolucion)
    VALUES ('2014-10-15 14:28:04', 79274238287919758052, 369113628, '2014-10-15 15:37:41');
INSERT INTO ASCII_Prestamos (FPrestamo, Carnet, Codigo, FDevolucion)
    VALUES ('2017-07-16 13:52:23', 79274238287919758052, 409476072, '2017-07-16 16:43:49');
INSERT INTO ASCII_Prestamos (FPrestamo, Carnet, Codigo, FDevolucion)
    VALUES ('2003-08-16 18:43:01', 79274238287919758052, 868808044, '2003-08-16 19:56:19');
INSERT INTO ASCII_Prestamos (FPrestamo, Carnet, Codigo, FDevolucion)
    VALUES ('2008-08-08 19:55:51', 79274238287919758052, 128859739, '2008-08-08 20:40:05');
INSERT INTO ASCII_Prestamos (FPrestamo, Carnet, Codigo, FDevolucion)
    VALUES ('2003-12-25 18:58:26', 79274238287919758052, 903717553, '2003-12-25 20:16:25');
INSERT INTO ASCII_Recomendaciones (Carnet, Base, Recomendacion)
 VALUES (79274238287919758052, 489855290, 903717553);
INSERT INTO ASCII_Prestamos (FPrestamo, Carnet, Codigo, FDevolucion)
    VALUES ('2008-03-12 17:23:23', 79274238287919758052, 419138522, '2008-03-12 18:22:48');
INSERT INTO ASCII_Prestamos (FPrestamo, Carnet, Codigo, FDevolucion)
    VALUES ('2018-02-11 15:04:51', 79274238287919758052, 626508891, '2018-02-11 19:57:40');
INSERT INTO ASCII_Prestamos (FPrestamo, Carnet, Codigo, FDevolucion)
    VALUES ('2016-07-10 09:55:02', 79274238287919758052, 196486656, '2016-07-10 16:03:53');
INSERT INTO ASCII_Prestamos (FPrestamo, Carnet, Codigo, FDevolucion)
    VALUES ('2002-10-16 13:36:36', 79274238287919758052, 653241348, '2002-10-16 20:08:52');
INSERT INTO ASCII_Prestamos (FPrestamo, Carnet, Codigo, FDevolucion)
    VALUES ('2003-03-04 18:16:22', 79274238287919758052, 9966371, '2003-03-04 20:14:01');
INSERT INTO ASCII_Prestamos (FPrestamo, Carnet, Codigo, FDevolucion)
    VALUES ('2001-04-08 19:13:51', 79274238287919758052, 840655483, '2001-04-08 19:19:08');
INSERT INTO ASCII_Recomendaciones (Carnet, Base, Recomendacion)
 VALUES (79274238287919758052, 206123333, 840655483);
INSERT INTO ASCII_Prestamos (FPrestamo, Carnet, Codigo, FDevolucion)
    VALUES ('2012-02-25 13:50:41', 79274238287919758052, 438834923, '2012-02-25 14:44:18');
INSERT INTO ASCII_Prestamos (FPrestamo, Carnet, Codigo, FDevolucion)
    VALUES ('2009-03-20 12:47:03', 79274238287919758052, 127915210, '2009-03-20 18:49:43');
INSERT INTO ASCII_Prestamos (FPrestamo, Carnet, Codigo, FDevolucion)
    VALUES ('2001-10-26 14:12:06', 79274238287919758052, 703854585, '2001-10-26 18:31:35');
INSERT INTO ASCII_Prestamos (FPrestamo, Carnet, Codigo, FDevolucion)
    VALUES ('2005-12-23 15:07:05', 79274238287919758052, 314225902, '2005-12-23 18:03:06');
INSERT INTO ASCII_Prestamos (FPrestamo, Carnet, Codigo, FDevolucion)
    VALUES ('2016-01-03 10:28:08', 79274238287919758052, 948690342, '2016-01-03 16:56:16');
INSERT INTO ASCII_Prestamos (FPrestamo, Carnet, Codigo, FDevolucion)
    VALUES ('1999-04-26 18:31:28', 79274238287919758052, 937697389, '1999-04-26 18:49:11');
INSERT INTO ASCII_Prestamos (FPrestamo, Carnet, Codigo, FDevolucion)
    VALUES ('2015-03-17 11:57:24', 79274238287919758052, 903717553, '2015-03-17 15:07:09');
INSERT INTO ASCII_Prestamos (FPrestamo, Carnet, Codigo, FDevolucion)
    VALUES ('2013-04-06 17:46:12', 79274238287919758052, 621287267, '2013-04-06 20:40:49');
INSERT INTO ASCII_Prestamos (FPrestamo, Carnet, Codigo, FDevolucion)
    VALUES ('2000-01-30 11:26:25', 79274238287919758052, 698357582, '2000-01-30 17:58:31');
INSERT INTO ASCII_Prestamos (FPrestamo, Carnet, Codigo, FDevolucion)
    VALUES ('2010-04-21 09:45:58', 79274238287919758052, 360700172, '2010-04-21 15:55:12');
INSERT INTO ASCII_Prestamos (FPrestamo, Carnet, Codigo, FDevolucion)
    VALUES ('2018-06-14 11:39:17', 79274238287919758052, 958333580, '2018-06-14 16:13:23');
INSERT INTO ASCII_Prestamos (FPrestamo, Carnet, Codigo, FDevolucion)
    VALUES ('2010-06-10 19:58:04', 79274238287919758052, 510980242, '2010-06-10 20:01:40');
INSERT INTO ASCII_Prestamos (FPrestamo, Carnet, Codigo, FDevolucion)
    VALUES ('2009-12-05 15:13:54', 79274238287919758052, 85574695, '2009-12-05 16:37:32');
INSERT INTO ASCII_Prestamos (FPrestamo, Carnet, Codigo, FDevolucion)
    VALUES ('2001-04-18 15:53:43', 79274238287919758052, 127915210, '2001-04-18 16:50:56');
INSERT INTO ASCII_Prestamos (FPrestamo, Carnet, Codigo, FDevolucion)
    VALUES ('2004-10-18 16:44:35', 79274238287919758052, 626508891, '2004-10-18 16:46:28');
INSERT INTO ASCII_Prestamos (FPrestamo, Carnet, Codigo, FDevolucion)
    VALUES ('2002-02-14 19:46:42', 79274238287919758052, 659625461, '2002-02-14 20:35:59');
INSERT INTO ASCII_Recomendaciones (Carnet, Base, Recomendacion)
 VALUES (79274238287919758052, 286701931, 659625461);
INSERT INTO ASCII_Prestamos (FPrestamo, Carnet, Codigo, FDevolucion)
    VALUES ('2003-07-13 15:41:59', 79274238287919758052, 155192418, '2003-07-13 17:22:25');
INSERT INTO ASCII_Prestamos (FPrestamo, Carnet, Codigo, FDevolucion)
    VALUES ('2013-04-21 19:41:46', 79274238287919758052, 430588711, '2013-04-21 20:25:42');
INSERT INTO ASCII_Prestamos (FPrestamo, Carnet, Codigo, FDevolucion)
    VALUES ('2013-02-01 13:51:24', 79274238287919758052, 839730706, '2013-02-01 19:30:25');
INSERT INTO ASCII_Prestamos (FPrestamo, Carnet, Codigo, FDevolucion)
    VALUES ('2013-06-27 09:56:14', 79274238287919758052, 196486656, '2013-06-27 10:23:12');
INSERT INTO ASCII_Prestamos (FPrestamo, Carnet, Codigo, FDevolucion)
    VALUES ('2009-05-22 11:25:49', 79274238287919758052, 195144846, '2009-05-22 12:27:53');
INSERT INTO ASCII_Prestamos (FPrestamo, Carnet, Codigo, FDevolucion)
    VALUES ('2004-09-01 14:40:41', 79274238287919758052, 689302586, '2004-09-01 14:55:25');
INSERT INTO ASCII_Prestamos (FPrestamo, Carnet, Codigo, FDevolucion)
    VALUES ('2018-04-19 11:48:35', 79274238287919758052, 527398674, '2018-04-19 14:59:22');
INSERT INTO ASCII_Prestamos (FPrestamo, Carnet, Codigo, FDevolucion)
    VALUES ('2007-12-01 14:02:16', 79274238287919758052, 47554194, '2007-12-01 14:43:26');
INSERT INTO ASCII_Prestamos (FPrestamo, Carnet, Codigo, FDevolucion)
    VALUES ('1998-03-30 19:30:36', 79274238287919758052, 850083148, '1998-03-30 19:44:20');
INSERT INTO ASCII_Prestamos (FPrestamo, Carnet, Codigo, FDevolucion)
    VALUES ('2009-07-24 13:25:48', 79274238287919758052, 840655483, '2009-07-24 18:42:00');
INSERT INTO ASCII_Prestamos (FPrestamo, Carnet, Codigo, FDevolucion)
    VALUES ('2017-01-27 19:51:07', 79274238287919758052, 430588711, '2017-01-27 19:53:48');
INSERT INTO ASCII_Prestamos (FPrestamo, Carnet, Codigo, FDevolucion)
    VALUES ('2008-01-06 17:01:55', 79274238287919758052, 887208567, '2008-01-06 17:32:37');
INSERT INTO ASCII_Prestamos (FPrestamo, Carnet, Codigo, FDevolucion)
    VALUES ('2015-01-19 19:04:49', 79274238287919758052, 206123333, '2015-01-19 19:34:02');
INSERT INTO ASCII_Prestamos (FPrestamo, Carnet, Codigo, FDevolucion)
    VALUES ('2006-11-30 14:56:35', 79274238287919758052, 566157944, '2006-11-30 19:53:17');
INSERT INTO ASCII_Prestamos (FPrestamo, Carnet, Codigo, FDevolucion)
    VALUES ('2015-01-02 17:00:35', 79274238287919758052, 587137439, '2015-01-02 19:18:50');
INSERT INTO ASCII_Prestamos (FPrestamo, Carnet, Codigo, FDevolucion)
    VALUES ('2009-10-02 17:35:11', 79274238287919758052, 800955108, '2009-10-02 20:26:07');
INSERT INTO ASCII_Prestamos (FPrestamo, Carnet, Codigo, FDevolucion)
    VALUES ('2001-05-23 14:40:48', 79274238287919758052, 338686884, '2001-05-23 20:25:45');
INSERT INTO ASCII_Prestamos (FPrestamo, Carnet, Codigo, FDevolucion)
    VALUES ('2010-05-25 16:17:31', 79274238287919758052, 243541526, '2010-05-25 18:42:59');
INSERT INTO ASCII_Recomendaciones (Carnet, Base, Recomendacion)
 VALUES (79274238287919758052, 271974491, 243541526);
INSERT INTO ASCII_Prestamos (FPrestamo, Carnet, Codigo, FDevolucion)
    VALUES ('2006-01-30 11:54:53', 79274238287919758052, 870139361, '2006-01-30 11:55:10');
INSERT INTO ASCII_Prestamos (FPrestamo, Carnet, Codigo, FDevolucion)
    VALUES ('2001-06-28 14:31:58', 79274238287919758052, 481287493, '2001-06-28 16:44:34');
INSERT INTO ASCII_Prestamos (FPrestamo, Carnet, Codigo, FDevolucion)
    VALUES ('2008-10-22 12:55:41', 79274238287919758052, 703854585, '2008-10-22 17:15:03');
INSERT INTO ASCII_Prestamos (FPrestamo, Carnet, Codigo, FDevolucion)
    VALUES ('2017-04-19 15:52:05', 79274238287919758052, 156146678, '2017-04-19 18:10:48');
INSERT INTO ASCII_Prestamos (FPrestamo, Carnet, Codigo, FDevolucion)
    VALUES ('1999-06-21 10:46:24', 79274238287919758052, 953850576, '1999-06-21 17:35:08');
INSERT INTO ASCII_Prestamos (FPrestamo, Carnet, Codigo, FDevolucion)
    VALUES ('2009-04-27 12:36:25', 79274238287919758052, 268609271, '2009-04-27 16:52:59');
INSERT INTO ASCII_Prestamos (FPrestamo, Carnet, Codigo, FDevolucion)
    VALUES ('2004-01-10 17:54:52', 79274238287919758052, 524284071, '2004-01-10 20:34:05');
INSERT INTO ASCII_Prestamos (FPrestamo, Carnet, Codigo, FDevolucion)
    VALUES ('2008-08-28 12:00:27', 79274238287919758052, 839730706, '2008-08-28 15:34:00');
INSERT INTO ASCII_Recomendaciones (Carnet, Base, Recomendacion)
 VALUES (79274238287919758052, 47554194, 839730706);
INSERT INTO ASCII_Prestamos (FPrestamo, Carnet, Codigo, FDevolucion)
    VALUES ('2003-05-30 15:40:47', 79274238287919758052, 206123333, '2003-05-30 18:06:21');
INSERT INTO ASCII_Prestamos (FPrestamo, Carnet, Codigo, FDevolucion)
    VALUES ('2005-02-14 12:49:35', 79274238287919758052, 954808125, '2005-02-14 13:26:22');
INSERT INTO ASCII_Prestamos (FPrestamo, Carnet, Codigo, FDevolucion)
    VALUES ('2007-08-18 09:00:27', 79274238287919758052, 617920706, '2007-08-18 15:42:16');
INSERT INTO ASCII_Prestamos (FPrestamo, Carnet, Codigo, FDevolucion)
    VALUES ('2001-11-02 17:26:21', 79274238287919758052, 41169864, '2001-11-02 19:57:37');
INSERT INTO ASCII_Prestamos (FPrestamo, Carnet, Codigo, FDevolucion)
    VALUES ('2016-03-17 09:27:49', 79274238287919758052, 685941400, '2016-03-17 17:16:12');
INSERT INTO ASCII_Prestamos (FPrestamo, Carnet, Codigo, FDevolucion)
    VALUES ('2003-03-06 18:00:03', 79274238287919758052, 971648177, '2003-03-06 18:44:32');
INSERT INTO ASCII_Prestamos (FPrestamo, Carnet, Codigo, FDevolucion)
    VALUES ('2016-08-17 17:58:46', 79274238287919758052, 839730706, '2016-08-17 20:16:51');
INSERT INTO ASCII_Prestamos (FPrestamo, Carnet, Codigo, FDevolucion)
    VALUES ('1998-04-30 19:16:01', 79274238287919758052, 952346420, '1998-04-30 19:54:26');
INSERT INTO ASCII_Prestamos (FPrestamo, Carnet, Codigo, FDevolucion)
    VALUES ('2017-04-29 11:37:28', 79274238287919758052, 251337722, '2017-04-29 16:03:31');
INSERT INTO ASCII_Prestamos (FPrestamo, Carnet, Codigo, FDevolucion)
    VALUES ('2007-08-07 14:16:35', 79274238287919758052, 147729606, '2007-08-07 15:32:41');
INSERT INTO ASCII_Recomendaciones (Carnet, Base, Recomendacion)
 VALUES (79274238287919758052, 561655840, 147729606);
INSERT INTO ASCII_Prestamos (FPrestamo, Carnet, Codigo, FDevolucion)
    VALUES ('2001-12-13 10:06:24', 79274238287919758052, 857051941, '2001-12-13 17:57:57');
INSERT INTO ASCII_Prestamos (FPrestamo, Carnet, Codigo, FDevolucion)
    VALUES ('2008-01-03 14:32:48', 79274238287919758052, 393545356, '2008-01-03 17:29:29');
INSERT INTO ASCII_Prestamos (FPrestamo, Carnet, Codigo, FDevolucion)
    VALUES ('2010-05-30 19:54:36', 79274238287919758052, 230128811, '2010-05-30 20:25:44');
INSERT INTO ASCII_Prestamos (FPrestamo, Carnet, Codigo, FDevolucion)
    VALUES ('2009-10-22 10:28:21', 79274238287919758052, 507490311, '2009-10-22 18:58:47');
INSERT INTO ASCII_Prestamos (FPrestamo, Carnet, Codigo, FDevolucion)
    VALUES ('2012-03-03 15:42:07', 79274238287919758052, 703854585, '2012-03-03 16:46:24');
INSERT INTO ASCII_Prestamos (FPrestamo, Carnet, Codigo, FDevolucion)
    VALUES ('2001-06-25 10:31:38', 79274238287919758052, 964977585, '2001-06-25 12:38:06');
INSERT INTO ASCII_Recomendaciones (Carnet, Base, Recomendacion)
 VALUES (79274238287919758052, 230128811, 964977585);
INSERT INTO ASCII_Prestamos (FPrestamo, Carnet, Codigo, FDevolucion)
    VALUES ('2001-05-12 11:26:32', 79274238287919758052, 45166485, '2001-05-12 18:28:51');
INSERT INTO ASCII_Prestamos (FPrestamo, Carnet, Codigo, FDevolucion)
    VALUES ('2015-07-18 13:41:02', 79274238287919758052, 927955996, '2015-07-18 16:10:40');
INSERT INTO ASCII_Prestamos (FPrestamo, Carnet, Codigo, FDevolucion)
    VALUES ('2006-11-18 15:34:47', 79274238287919758052, 45166485, '2006-11-18 17:03:12');
INSERT INTO ASCII_Prestamos (FPrestamo, Carnet, Codigo, FDevolucion)
    VALUES ('2003-07-12 16:43:53', 79274238287919758052, 37958394, '2003-07-12 17:45:53');
INSERT INTO ASCII_Prestamos (FPrestamo, Carnet, Codigo, FDevolucion)
    VALUES ('2003-09-17 19:11:36', 79274238287919758052, 599287974, '2003-09-17 19:15:31');
INSERT INTO ASCII_Prestamos (FPrestamo, Carnet, Codigo, FDevolucion)
    VALUES ('2000-11-17 13:12:07', 79274238287919758052, 585184362, '2000-11-17 15:29:59');
INSERT INTO ASCII_Prestamos (FPrestamo, Carnet, Codigo, FDevolucion)
    VALUES ('2011-09-14 09:56:01', 79274238287919758052, 542097873, '2011-09-14 09:56:17');
INSERT INTO ASCII_Prestamos (FPrestamo, Carnet, Codigo, FDevolucion)
    VALUES ('1998-09-01 17:00:35', 79274238287919758052, 980789108, '1998-09-01 19:48:12');
INSERT INTO ASCII_Recomendaciones (Carnet, Base, Recomendacion)
 VALUES (79274238287919758052, 982622725, 980789108);
INSERT INTO ASCII_Prestamos (FPrestamo, Carnet, Codigo, FDevolucion)
    VALUES ('2001-06-08 19:12:13', 79274238287919758052, 973769009, '2001-06-08 19:40:31');
INSERT INTO ASCII_Prestamos (FPrestamo, Carnet, Codigo, FDevolucion)
    VALUES ('2016-08-14 16:22:26', 79274238287919758052, 428001381, '2016-08-14 19:42:48');
INSERT INTO ASCII_Prestamos (FPrestamo, Carnet, Codigo, FDevolucion)
    VALUES ('2013-02-16 11:13:48', 79274238287919758052, 599287974, '2013-02-16 13:37:34');
INSERT INTO ASCII_Prestamos (FPrestamo, Carnet, Codigo, FDevolucion)
    VALUES ('2002-03-04 10:10:27', 79274238287919758052, 127915210, '2002-03-04 15:17:43');
INSERT INTO ASCII_Prestamos (FPrestamo, Carnet, Codigo, FDevolucion)
    VALUES ('2015-12-01 16:47:49', 79274238287919758052, 727226330, '2015-12-01 18:22:41');
INSERT INTO ASCII_Prestamos (FPrestamo, Carnet, Codigo, FDevolucion)
    VALUES ('2000-06-22 13:38:06', 79274238287919758052, 647931245, '2000-06-22 18:53:34');
INSERT INTO ASCII_Prestamos (FPrestamo, Carnet, Codigo, FDevolucion)
    VALUES ('2013-01-09 12:00:44', 79274238287919758052, 954808125, '2013-01-09 18:21:52');
INSERT INTO ASCII_Prestamos (FPrestamo, Carnet, Codigo, FDevolucion)
    VALUES ('2018-03-21 17:30:39', 79274238287919758052, 837424856, '2018-03-21 19:55:42');
INSERT INTO ASCII_Prestamos (FPrestamo, Carnet, Codigo, FDevolucion)
    VALUES ('2001-10-27 14:16:15', 79274238287919758052, 766222245, '2001-10-27 14:16:24');
INSERT INTO ASCII_Prestamos (FPrestamo, Carnet, Codigo, FDevolucion)
    VALUES ('2015-06-21 13:53:56', 79274238287919758052, 268609271, '2015-06-21 17:06:47');
INSERT INTO ASCII_Prestamos (FPrestamo, Carnet, Codigo, FDevolucion)
    VALUES ('2017-05-14 11:24:35', 79274238287919758052, 18635348, '2017-05-14 14:33:21');
INSERT INTO ASCII_Prestamos (FPrestamo, Carnet, Codigo, FDevolucion)
    VALUES ('2003-01-17 16:20:03', 79274238287919758052, 851235196, '2003-01-17 16:21:26');
INSERT INTO ASCII_Prestamos (FPrestamo, Carnet, Codigo, FDevolucion)
    VALUES ('2014-08-15 18:14:38', 79274238287919758052, 840655483, '2014-08-15 18:32:26');
INSERT INTO ASCII_Prestamos (FPrestamo, Carnet, Codigo, FDevolucion)
    VALUES ('2013-10-17 16:30:14', 79274238287919758052, 766222245, '2013-10-17 17:03:42');
INSERT INTO ASCII_Prestamos (FPrestamo, Carnet, Codigo, FDevolucion)
    VALUES ('2016-07-08 15:19:06', 79274238287919758052, 653241348, '2016-07-08 15:26:49');
INSERT INTO ASCII_Prestamos (FPrestamo, Carnet, Codigo, FDevolucion)
    VALUES ('2010-03-21 11:29:21', 79274238287919758052, 599287974, '2010-03-21 16:21:48');
INSERT INTO ASCII_Prestamos (FPrestamo, Carnet, Codigo, FDevolucion)
    VALUES ('2007-02-07 15:09:48', 79274238287919758052, 488201605, '2007-02-07 18:25:29');
INSERT INTO ASCII_Prestamos (FPrestamo, Carnet, Codigo, FDevolucion)
    VALUES ('2008-05-06 16:58:52', 79274238287919758052, 37958394, '2008-05-06 18:22:54');
INSERT INTO ASCII_Prestamos (FPrestamo, Carnet, Codigo, FDevolucion)
    VALUES ('2008-06-16 14:39:09', 79274238287919758052, 800955108, '2008-06-16 19:08:40');
INSERT INTO ASCII_Prestamos (FPrestamo, Carnet, Codigo, FDevolucion)
    VALUES ('2013-12-15 18:58:03', 79274238287919758052, 971648177, '2013-12-15 20:42:32');
INSERT INTO ASCII_Prestamos (FPrestamo, Carnet, Codigo, FDevolucion)
    VALUES ('2008-10-30 09:55:19', 79274238287919758052, 243541526, '2008-10-30 19:31:45');
INSERT INTO ASCII_Prestamos (FPrestamo, Carnet, Codigo, FDevolucion)
    VALUES ('2008-08-15 16:30:58', 79274238287919758052, 18635348, '2008-08-15 18:11:29');
INSERT INTO ASCII_Prestamos (FPrestamo, Carnet, Codigo, FDevolucion)
    VALUES ('2006-03-30 16:37:04', 79274238287919758052, 890814220, '2006-03-30 19:57:14');
INSERT INTO ASCII_Prestamos (FPrestamo, Carnet, Codigo, FDevolucion)
    VALUES ('2017-04-25 13:09:15', 79274238287919758052, 542097873, '2017-04-25 17:53:15');
INSERT INTO ASCII_Prestamos (FPrestamo, Carnet, Codigo, FDevolucion)
    VALUES ('2007-06-26 19:50:35', 79274238287919758052, 201222074, '2007-06-26 20:20:31');
INSERT INTO ASCII_Prestamos (FPrestamo, Carnet, Codigo, FDevolucion)
    VALUES ('2012-10-15 15:00:26', 79274238287919758052, 566157944, '2012-10-15 16:39:46');
INSERT INTO ASCII_Prestamos (FPrestamo, Carnet, Codigo, FDevolucion)
    VALUES ('2004-10-07 18:16:56', 79274238287919758052, 727226330, '2004-10-07 18:56:29');
INSERT INTO ASCII_Prestamos (FPrestamo, Carnet, Codigo, FDevolucion)
    VALUES ('2001-02-21 14:00:13', 79274238287919758052, 242380829, '2001-02-21 14:45:46');
INSERT INTO ASCII_Prestamos (FPrestamo, Carnet, Codigo, FDevolucion)
    VALUES ('1999-02-15 13:24:16', 79274238287919758052, 47554194, '1999-02-15 18:23:37');
INSERT INTO ASCII_Recomendaciones (Carnet, Base, Recomendacion)
 VALUES (79274238287919758052, 242380829, 47554194);
INSERT INTO ASCII_Prestamos (FPrestamo, Carnet, Codigo, FDevolucion)
    VALUES ('2015-08-21 15:41:55', 79274238287919758052, 341971670, '2015-08-21 17:24:15');
INSERT INTO ASCII_Prestamos (FPrestamo, Carnet, Codigo, FDevolucion)
    VALUES ('2018-09-30 15:06:15', 79274238287919758052, 647931245, '2018-09-30 17:38:58');
INSERT INTO ASCII_Prestamos (FPrestamo, Carnet, Codigo, FDevolucion)
    VALUES ('2016-09-01 16:39:44', 79274238287919758052, 411723132, '2016-09-01 17:12:25');
INSERT INTO ASCII_Prestamos (FPrestamo, Carnet, Codigo, FDevolucion)
    VALUES ('2017-01-08 15:26:36', 79274238287919758052, 566157944, '2017-01-08 15:58:05');
INSERT INTO ASCII_Prestamos (FPrestamo, Carnet, Codigo, FDevolucion)
    VALUES ('2018-11-21 19:35:36', 79274238287919758052, 587137439, '2018-11-21 20:30:33');
INSERT INTO ASCII_Prestamos (FPrestamo, Carnet, Codigo, FDevolucion)
    VALUES ('2008-11-08 16:18:22', 79274238287919758052, 887208567, '2008-11-08 17:43:15');
INSERT INTO ASCII_Prestamos (FPrestamo, Carnet, Codigo, FDevolucion)
    VALUES ('2009-10-15 18:27:10', 79274238287919758052, 488201605, '2009-10-15 20:25:58');
INSERT INTO ASCII_Prestamos (FPrestamo, Carnet, Codigo, FDevolucion)
    VALUES ('2001-12-28 18:26:31', 79274238287919758052, 587137439, '2001-12-28 19:24:38');
INSERT INTO ASCII_Prestamos (FPrestamo, Carnet, Codigo, FDevolucion)
    VALUES ('2013-06-12 11:05:16', 79274238287919758052, 850083148, '2013-06-12 13:16:07');
INSERT INTO ASCII_Prestamos (FPrestamo, Carnet, Codigo, FDevolucion)
    VALUES ('2015-01-07 14:52:30', 79274238287919758052, 682329074, '2015-01-07 19:38:23');
INSERT INTO ASCII_Prestamos (FPrestamo, Carnet, Codigo, FDevolucion)
    VALUES ('2018-01-11 10:41:32', 79274238287919758052, 270103881, '2018-01-11 18:24:56');
INSERT INTO ASCII_Prestamos (FPrestamo, Carnet, Codigo, FDevolucion)
    VALUES ('2007-04-03 12:22:40', 79274238287919758052, 489855290, '2007-04-03 15:12:22');
INSERT INTO ASCII_Recomendaciones (Carnet, Base, Recomendacion)
 VALUES (79274238287919758052, 617920706, 489855290);
INSERT INTO ASCII_Prestamos (FPrestamo, Carnet, Codigo, FDevolucion)
    VALUES ('2018-03-28 19:58:04', 79274238287919758052, 585707220, '2018-03-28 20:12:32');
INSERT INTO ASCII_Prestamos (FPrestamo, Carnet, Codigo, FDevolucion)
    VALUES ('1999-05-15 19:41:03', 79274238287919758052, 857051941, '1999-05-15 20:12:06');
INSERT INTO ASCII_Prestamos (FPrestamo, Carnet, Codigo, FDevolucion)
    VALUES ('2000-12-28 13:37:05', 79274238287919758052, 341971670, '2000-12-28 14:42:00');
INSERT INTO ASCII_Prestamos (FPrestamo, Carnet, Codigo, FDevolucion)
    VALUES ('2011-11-30 18:45:45', 79274238287919758052, 971648177, '2011-11-30 20:20:26');
INSERT INTO ASCII_Prestamos (FPrestamo, Carnet, Codigo, FDevolucion)
    VALUES ('2014-09-02 14:02:05', 79274238287919758052, 964977585, '2014-09-02 14:09:16');
INSERT INTO ASCII_Prestamos (FPrestamo, Carnet, Codigo, FDevolucion)
    VALUES ('2016-06-25 15:13:33', 79274238287919758052, 838188769, '2016-06-25 18:30:27');
INSERT INTO ASCII_Prestamos (FPrestamo, Carnet, Codigo, FDevolucion)
    VALUES ('2013-03-30 12:34:51', 79274238287919758052, 766222245, '2013-03-30 17:50:51');
INSERT INTO ASCII_Prestamos (FPrestamo, Carnet, Codigo, FDevolucion)
    VALUES ('2005-09-11 15:21:28', 79274238287919758052, 251337722, '2005-09-11 19:07:04');
INSERT INTO ASCII_Recomendaciones (Carnet, Base, Recomendacion)
 VALUES (79274238287919758052, 964977585, 251337722);
INSERT INTO ASCII_Prestamos (FPrestamo, Carnet, Codigo, FDevolucion)
    VALUES ('2008-10-29 17:07:03', 79274238287919758052, 438834923, '2008-10-29 18:26:51');
INSERT INTO ASCII_Prestamos (FPrestamo, Carnet, Codigo, FDevolucion)
    VALUES ('2017-08-30 13:31:24', 79274238287919758052, 518990411, '2017-08-30 16:13:29');
INSERT INTO ASCII_Prestamos (FPrestamo, Carnet, Codigo, FDevolucion)
    VALUES ('2011-03-16 11:30:22', 79274238287919758052, 341971670, '2011-03-16 12:15:28');
INSERT INTO ASCII_Prestamos (FPrestamo, Carnet, Codigo, FDevolucion)
    VALUES ('2000-08-03 14:54:53', 79274238287919758052, 689302586, '2000-08-03 20:40:12');
INSERT INTO ASCII_Prestamos (FPrestamo, Carnet, Codigo, FDevolucion)
    VALUES ('2003-12-10 18:46:12', 79274238287919758052, 9966371, '2003-12-10 20:29:44');


---------------- NEW USER alberto19
INSERT INTO ASCII_Usuarios (Carnet, FAlta, Nombre, Apellidos, Apodo)
    VALUES (96433417500254881688, '2011-06-15 17:02:50', 'Vanesa', 'Manzanares', 'alberto19');

INSERT INTO ASCII_Prestamos (FPrestamo, Carnet, Codigo, FDevolucion)
    VALUES ('2011-10-10 17:26:27', 96433417500254881688, 657948358, '2011-10-10 18:44:36');
INSERT INTO ASCII_Prestamos (FPrestamo, Carnet, Codigo, FDevolucion)
    VALUES ('2012-06-28 16:10:28', 96433417500254881688, 131733386, '2012-06-28 17:49:45');
INSERT INTO ASCII_Recomendaciones (Carnet, Base, Recomendacion)
 VALUES (96433417500254881688, 467479744, 131733386);
INSERT INTO ASCII_Prestamos (FPrestamo, Carnet, Codigo, FDevolucion)
    VALUES ('2017-11-12 11:41:20', 96433417500254881688, 156146678, '2017-11-12 17:15:41');
INSERT INTO ASCII_Prestamos (FPrestamo, Carnet, Codigo, FDevolucion)
    VALUES ('2018-07-26 18:36:52', 96433417500254881688, 462839979, '2018-07-26 20:05:57');
INSERT INTO ASCII_Prestamos (FPrestamo, Carnet, Codigo, FDevolucion)
    VALUES ('2012-10-18 13:46:28', 96433417500254881688, 480674548, '2012-10-18 17:53:38');
INSERT INTO ASCII_Prestamos (FPrestamo, Carnet, Codigo, FDevolucion)
    VALUES ('2015-07-03 16:12:11', 96433417500254881688, 251337722, '2015-07-03 19:23:14');
INSERT INTO ASCII_Prestamos (FPrestamo, Carnet, Codigo, FDevolucion)
    VALUES ('2018-06-25 10:09:24', 96433417500254881688, 195144846, '2018-06-25 11:29:12');
INSERT INTO ASCII_Prestamos (FPrestamo, Carnet, Codigo, FDevolucion)
    VALUES ('2013-08-03 13:24:53', 96433417500254881688, 689302586, '2013-08-03 14:33:08');
INSERT INTO ASCII_Prestamos (FPrestamo, Carnet, Codigo, FDevolucion)
    VALUES ('2012-08-19 19:30:02', 96433417500254881688, 903717553, '2012-08-19 19:38:48');
INSERT INTO ASCII_Recomendaciones (Carnet, Base, Recomendacion)
 VALUES (96433417500254881688, 85574695, 903717553);
INSERT INTO ASCII_Prestamos (FPrestamo, Carnet, Codigo, FDevolucion)
    VALUES ('2016-12-12 11:58:49', 96433417500254881688, 862290062, '2016-12-12 14:54:46');
INSERT INTO ASCII_Prestamos (FPrestamo, Carnet, Codigo, FDevolucion)
    VALUES ('2012-05-06 09:38:49', 96433417500254881688, 360700172, '2012-05-06 13:18:10');
INSERT INTO ASCII_Prestamos (FPrestamo, Carnet, Codigo, FDevolucion)
    VALUES ('2011-09-08 14:28:24', 96433417500254881688, 890814220, '2011-09-08 15:44:51');
INSERT INTO ASCII_Prestamos (FPrestamo, Carnet, Codigo, FDevolucion)
    VALUES ('2012-01-14 17:55:59', 96433417500254881688, 670546869, '2012-01-14 18:46:31');
INSERT INTO ASCII_Recomendaciones (Carnet, Base, Recomendacion)
 VALUES (96433417500254881688, 980789108, 670546869);
INSERT INTO ASCII_Prestamos (FPrestamo, Carnet, Codigo, FDevolucion)
    VALUES ('2013-07-13 11:27:09', 96433417500254881688, 196486656, '2013-07-13 19:52:22');
INSERT INTO ASCII_Prestamos (FPrestamo, Carnet, Codigo, FDevolucion)
    VALUES ('2017-04-29 19:32:19', 96433417500254881688, 419138522, '2017-04-29 19:52:47');
INSERT INTO ASCII_Prestamos (FPrestamo, Carnet, Codigo, FDevolucion)
    VALUES ('2015-09-17 19:11:55', 96433417500254881688, 585707220, '2015-09-17 19:53:15');
INSERT INTO ASCII_Prestamos (FPrestamo, Carnet, Codigo, FDevolucion)
    VALUES ('2016-06-30 19:13:45', 96433417500254881688, 758589576, '2016-06-30 19:41:09');
INSERT INTO ASCII_Prestamos (FPrestamo, Carnet, Codigo, FDevolucion)
    VALUES ('2018-08-22 11:08:24', 96433417500254881688, 265953115, '2018-08-22 13:07:37');


---------------- NEW USER guerralidia
INSERT INTO ASCII_Usuarios (Carnet, FAlta, Nombre, Apellidos, Apodo)
    VALUES (30617147151467800434, '2015-06-06 09:49:28', 'Gabriel', 'Fajardo', 'guerralidia');

INSERT INTO ASCII_Prestamos (FPrestamo, Carnet, Codigo, FDevolucion)
    VALUES ('2016-04-26 14:44:06', 30617147151467800434, 360700172, '2016-04-26 19:56:22');
INSERT INTO ASCII_Prestamos (FPrestamo, Carnet, Codigo, FDevolucion)
    VALUES ('2016-07-17 13:03:23', 30617147151467800434, 196486656, '2016-07-17 18:34:00');
INSERT INTO ASCII_Prestamos (FPrestamo, Carnet, Codigo, FDevolucion)
    VALUES ('2018-08-17 11:55:37', 30617147151467800434, 561655840, '2018-08-17 17:47:35');
INSERT INTO ASCII_Prestamos (FPrestamo, Carnet, Codigo, FDevolucion)
    VALUES ('2015-08-04 14:25:20', 30617147151467800434, 37958394, '2015-08-04 18:24:46');
INSERT INTO ASCII_Prestamos (FPrestamo, Carnet, Codigo, FDevolucion)
    VALUES ('2018-02-02 10:26:15', 30617147151467800434, 268609271, '2018-02-02 10:59:58');
INSERT INTO ASCII_Prestamos (FPrestamo, Carnet, Codigo, FDevolucion)
    VALUES ('2018-01-25 14:32:36', 30617147151467800434, 131733386, '2018-01-25 16:25:23');
INSERT INTO ASCII_Prestamos (FPrestamo, Carnet, Codigo, FDevolucion)
    VALUES ('2017-02-16 15:58:20', 30617147151467800434, 106749821, '2017-02-16 20:44:28');
INSERT INTO ASCII_Prestamos (FPrestamo, Carnet, Codigo, FDevolucion)
    VALUES ('2016-07-21 09:34:20', 30617147151467800434, 585184362, '2016-07-21 10:25:27');
INSERT INTO ASCII_Prestamos (FPrestamo, Carnet, Codigo, FDevolucion)
    VALUES ('2018-04-11 13:24:02', 30617147151467800434, 672049130, '2018-04-11 15:00:55');
INSERT INTO ASCII_Prestamos (FPrestamo, Carnet, Codigo, FDevolucion)
    VALUES ('2018-04-21 18:29:08', 30617147151467800434, 703854585, '2018-04-21 19:53:11');
INSERT INTO ASCII_Prestamos (FPrestamo, Carnet, Codigo, FDevolucion)
    VALUES ('2018-11-24 15:18:00', 30617147151467800434, 585707220, '2018-11-24 20:01:53');
INSERT INTO ASCII_Prestamos (FPrestamo, Carnet, Codigo, FDevolucion)
    VALUES ('2017-02-21 15:06:30', 30617147151467800434, 265953115, '2017-02-21 17:15:24');
INSERT INTO ASCII_Prestamos (FPrestamo, Carnet, Codigo, FDevolucion)
    VALUES ('2018-01-23 13:42:54', 30617147151467800434, 727226330, '2018-01-23 16:37:53');


---------------- NEW USER miguelpallares
INSERT INTO ASCII_Usuarios (Carnet, FAlta, Nombre, Apellidos, Apodo)
    VALUES (69916495143338368898, '2000-01-05 13:50:25', 'Claudia', 'Villar', 'miguelpallares');

INSERT INTO ASCII_Prestamos (FPrestamo, Carnet, Codigo, FDevolucion)
    VALUES ('2016-08-30 14:33:11', 69916495143338368898, 507490311, '2016-08-30 14:40:55');
INSERT INTO ASCII_Prestamos (FPrestamo, Carnet, Codigo, FDevolucion)
    VALUES ('2013-03-10 10:06:23', 69916495143338368898, 480674548, '2013-03-10 10:49:47');
INSERT INTO ASCII_Recomendaciones (Carnet, Base, Recomendacion)
 VALUES (69916495143338368898, 360700172, 480674548);
INSERT INTO ASCII_Prestamos (FPrestamo, Carnet, Codigo, FDevolucion)
    VALUES ('2006-11-30 16:33:16', 69916495143338368898, 409476072, '2006-11-30 19:20:01');
INSERT INTO ASCII_Prestamos (FPrestamo, Carnet, Codigo, FDevolucion)
    VALUES ('2001-07-30 17:10:55', 69916495143338368898, 766222245, '2001-07-30 19:03:39');
INSERT INTO ASCII_Prestamos (FPrestamo, Carnet, Codigo, FDevolucion)
    VALUES ('2007-04-25 13:49:50', 69916495143338368898, 286701931, '2007-04-25 17:21:33');
INSERT INTO ASCII_Prestamos (FPrestamo, Carnet, Codigo, FDevolucion)
    VALUES ('2004-02-07 09:21:46', 69916495143338368898, 682329074, '2004-02-07 13:00:39');
INSERT INTO ASCII_Prestamos (FPrestamo, Carnet, Codigo, FDevolucion)
    VALUES ('2008-06-08 19:14:36', 69916495143338368898, 617920706, '2008-06-08 19:27:36');
INSERT INTO ASCII_Recomendaciones (Carnet, Base, Recomendacion)
 VALUES (69916495143338368898, 430588711, 617920706);
INSERT INTO ASCII_Prestamos (FPrestamo, Carnet, Codigo, FDevolucion)
    VALUES ('2017-04-15 11:25:48', 69916495143338368898, 948690342, '2017-04-15 15:50:28');
INSERT INTO ASCII_Prestamos (FPrestamo, Carnet, Codigo, FDevolucion)
    VALUES ('2002-10-02 15:06:14', 69916495143338368898, 925327567, '2002-10-02 18:15:26');
INSERT INTO ASCII_Prestamos (FPrestamo, Carnet, Codigo, FDevolucion)
    VALUES ('2005-05-11 11:33:26', 69916495143338368898, 840655483, '2005-05-11 13:05:53');
INSERT INTO ASCII_Prestamos (FPrestamo, Carnet, Codigo, FDevolucion)
    VALUES ('2000-06-21 14:04:26', 69916495143338368898, 604208493, '2000-06-21 16:29:50');
INSERT INTO ASCII_Prestamos (FPrestamo, Carnet, Codigo, FDevolucion)
    VALUES ('2007-10-28 18:30:58', 69916495143338368898, 206123333, '2007-10-28 19:07:08');
INSERT INTO ASCII_Recomendaciones (Carnet, Base, Recomendacion)
 VALUES (69916495143338368898, 393545356, 206123333);
INSERT INTO ASCII_Prestamos (FPrestamo, Carnet, Codigo, FDevolucion)
    VALUES ('2003-04-01 16:09:02', 69916495143338368898, 331049936, '2003-04-01 17:02:23');
INSERT INTO ASCII_Prestamos (FPrestamo, Carnet, Codigo, FDevolucion)
    VALUES ('2017-06-21 12:05:04', 69916495143338368898, 657948358, '2017-06-21 16:44:07');
INSERT INTO ASCII_Prestamos (FPrestamo, Carnet, Codigo, FDevolucion)
    VALUES ('2000-07-05 19:46:40', 69916495143338368898, 37958394, '2000-07-05 20:09:43');
INSERT INTO ASCII_Prestamos (FPrestamo, Carnet, Codigo, FDevolucion)
    VALUES ('2017-05-10 19:02:25', 69916495143338368898, 195144846, '2017-05-10 19:24:07');
INSERT INTO ASCII_Prestamos (FPrestamo, Carnet, Codigo, FDevolucion)
    VALUES ('2001-04-03 13:41:48', 69916495143338368898, 480674548, '2001-04-03 19:17:08');
INSERT INTO ASCII_Prestamos (FPrestamo, Carnet, Codigo, FDevolucion)
    VALUES ('2009-11-09 19:59:05', 69916495143338368898, 518990411, '2009-11-09 20:34:10');
INSERT INTO ASCII_Prestamos (FPrestamo, Carnet, Codigo, FDevolucion)
    VALUES ('2012-07-16 16:34:35', 69916495143338368898, 428001381, '2012-07-16 16:38:04');
INSERT INTO ASCII_Prestamos (FPrestamo, Carnet, Codigo, FDevolucion)
    VALUES ('2015-02-13 17:27:14', 69916495143338368898, 206123333, '2015-02-13 17:35:53');
INSERT INTO ASCII_Prestamos (FPrestamo, Carnet, Codigo, FDevolucion)
    VALUES ('2009-12-23 13:08:37', 69916495143338368898, 480674548, '2009-12-23 18:40:32');
INSERT INTO ASCII_Prestamos (FPrestamo, Carnet, Codigo, FDevolucion)
    VALUES ('2014-11-20 11:52:36', 69916495143338368898, 927955996, '2014-11-20 20:00:56');
INSERT INTO ASCII_Prestamos (FPrestamo, Carnet, Codigo, FDevolucion)
    VALUES ('2008-10-09 09:58:08', 69916495143338368898, 669879732, '2008-10-09 12:16:05');
INSERT INTO ASCII_Prestamos (FPrestamo, Carnet, Codigo, FDevolucion)
    VALUES ('2018-10-27 12:11:25', 69916495143338368898, 973769009, '2018-10-27 14:52:06');
INSERT INTO ASCII_Prestamos (FPrestamo, Carnet, Codigo, FDevolucion)
    VALUES ('2012-12-22 10:34:42', 69916495143338368898, 973769009, '2012-12-22 11:24:53');
INSERT INTO ASCII_Prestamos (FPrestamo, Carnet, Codigo, FDevolucion)
    VALUES ('2005-09-09 11:45:32', 69916495143338368898, 507490311, '2005-09-09 11:53:28');
INSERT INTO ASCII_Prestamos (FPrestamo, Carnet, Codigo, FDevolucion)
    VALUES ('2016-07-31 15:29:22', 69916495143338368898, 230128811, '2016-07-31 16:48:43');
INSERT INTO ASCII_Prestamos (FPrestamo, Carnet, Codigo, FDevolucion)
    VALUES ('2003-01-27 19:11:26', 69916495143338368898, 617920706, '2003-01-27 19:21:11');
INSERT INTO ASCII_Prestamos (FPrestamo, Carnet, Codigo, FDevolucion)
    VALUES ('2000-02-25 12:17:22', 69916495143338368898, 958333580, '2000-02-25 18:53:42');
INSERT INTO ASCII_Prestamos (FPrestamo, Carnet, Codigo, FDevolucion)
    VALUES ('2016-11-16 18:25:24', 69916495143338368898, 253994868, '2016-11-16 20:10:04');
INSERT INTO ASCII_Prestamos (FPrestamo, Carnet, Codigo, FDevolucion)
    VALUES ('2018-05-10 11:28:51', 69916495143338368898, 851235196, '2018-05-10 19:07:48');
INSERT INTO ASCII_Prestamos (FPrestamo, Carnet, Codigo, FDevolucion)
    VALUES ('2014-08-15 14:00:07', 69916495143338368898, 604208493, '2014-08-15 18:15:58');
INSERT INTO ASCII_Prestamos (FPrestamo, Carnet, Codigo, FDevolucion)
    VALUES ('2003-05-31 16:56:42', 69916495143338368898, 518990411, '2003-05-31 20:52:39');
INSERT INTO ASCII_Prestamos (FPrestamo, Carnet, Codigo, FDevolucion)
    VALUES ('2017-08-04 11:32:02', 69916495143338368898, 250884700, '2017-08-04 12:07:14');
INSERT INTO ASCII_Prestamos (FPrestamo, Carnet, Codigo, FDevolucion)
    VALUES ('2014-12-24 19:15:09', 69916495143338368898, 335793936, '2014-12-24 19:44:45');
INSERT INTO ASCII_Recomendaciones (Carnet, Base, Recomendacion)
 VALUES (69916495143338368898, 338686884, 335793936);
INSERT INTO ASCII_Prestamos (FPrestamo, Carnet, Codigo, FDevolucion)
    VALUES ('2002-09-14 09:27:38', 69916495143338368898, 106749821, '2002-09-14 18:01:13');
INSERT INTO ASCII_Prestamos (FPrestamo, Carnet, Codigo, FDevolucion)
    VALUES ('2018-01-21 14:33:53', 69916495143338368898, 887208567, '2018-01-21 16:28:50');
INSERT INTO ASCII_Prestamos (FPrestamo, Carnet, Codigo, FDevolucion)
    VALUES ('2001-07-03 18:44:14', 69916495143338368898, 870139361, '2001-07-03 19:33:50');
INSERT INTO ASCII_Prestamos (FPrestamo, Carnet, Codigo, FDevolucion)
    VALUES ('2008-06-02 19:51:55', 69916495143338368898, 585184362, '2008-06-02 20:09:40');
INSERT INTO ASCII_Prestamos (FPrestamo, Carnet, Codigo, FDevolucion)
    VALUES ('2000-04-21 19:06:25', 69916495143338368898, 621287267, '2000-04-21 19:36:27');
INSERT INTO ASCII_Prestamos (FPrestamo, Carnet, Codigo, FDevolucion)
    VALUES ('2013-05-17 15:08:08', 69916495143338368898, 850083148, '2013-05-17 16:21:47');
INSERT INTO ASCII_Prestamos (FPrestamo, Carnet, Codigo, FDevolucion)
    VALUES ('2003-10-11 16:35:19', 69916495143338368898, 243541526, '2003-10-11 18:37:11');
INSERT INTO ASCII_Recomendaciones (Carnet, Base, Recomendacion)
 VALUES (69916495143338368898, 840655483, 243541526);
INSERT INTO ASCII_Prestamos (FPrestamo, Carnet, Codigo, FDevolucion)
    VALUES ('2001-10-06 12:41:47', 69916495143338368898, 902512489, '2001-10-06 16:13:03');
INSERT INTO ASCII_Prestamos (FPrestamo, Carnet, Codigo, FDevolucion)
    VALUES ('2011-02-20 16:25:10', 69916495143338368898, 621287267, '2011-02-20 19:28:08');
INSERT INTO ASCII_Prestamos (FPrestamo, Carnet, Codigo, FDevolucion)
    VALUES ('2000-04-15 15:37:15', 69916495143338368898, 820749428, '2000-04-15 19:04:47');
INSERT INTO ASCII_Prestamos (FPrestamo, Carnet, Codigo, FDevolucion)
    VALUES ('2013-01-26 14:22:48', 69916495143338368898, 837424856, '2013-01-26 19:47:52');
INSERT INTO ASCII_Prestamos (FPrestamo, Carnet, Codigo, FDevolucion)
    VALUES ('2006-07-29 15:35:41', 69916495143338368898, 685941400, '2006-07-29 19:48:45');
INSERT INTO ASCII_Prestamos (FPrestamo, Carnet, Codigo, FDevolucion)
    VALUES ('2006-10-07 13:13:04', 69916495143338368898, 369113628, '2006-10-07 17:01:40');
INSERT INTO ASCII_Prestamos (FPrestamo, Carnet, Codigo, FDevolucion)
    VALUES ('2004-06-16 09:20:58', 69916495143338368898, 37958394, '2004-06-16 14:13:07');
INSERT INTO ASCII_Prestamos (FPrestamo, Carnet, Codigo, FDevolucion)
    VALUES ('2004-07-23 17:43:31', 69916495143338368898, 156146678, '2004-07-23 17:44:26');
INSERT INTO ASCII_Prestamos (FPrestamo, Carnet, Codigo, FDevolucion)
    VALUES ('2012-10-24 10:57:13', 69916495143338368898, 927955996, '2012-10-24 15:21:01');
INSERT INTO ASCII_Recomendaciones (Carnet, Base, Recomendacion)
 VALUES (69916495143338368898, 201222074, 927955996);
INSERT INTO ASCII_Prestamos (FPrestamo, Carnet, Codigo, FDevolucion)
    VALUES ('2010-01-19 13:33:39', 69916495143338368898, 991317338, '2010-01-19 18:44:18');
INSERT INTO ASCII_Recomendaciones (Carnet, Base, Recomendacion)
 VALUES (69916495143338368898, 127915210, 991317338);
INSERT INTO ASCII_Prestamos (FPrestamo, Carnet, Codigo, FDevolucion)
    VALUES ('2015-10-28 17:03:25', 69916495143338368898, 467479744, '2015-10-28 19:09:18');
INSERT INTO ASCII_Prestamos (FPrestamo, Carnet, Codigo, FDevolucion)
    VALUES ('2012-10-22 18:44:10', 69916495143338368898, 862290062, '2012-10-22 19:30:34');
INSERT INTO ASCII_Recomendaciones (Carnet, Base, Recomendacion)
 VALUES (69916495143338368898, 561655840, 862290062);
INSERT INTO ASCII_Prestamos (FPrestamo, Carnet, Codigo, FDevolucion)
    VALUES ('2006-12-19 12:47:18', 69916495143338368898, 41169864, '2006-12-19 14:15:51');
INSERT INTO ASCII_Prestamos (FPrestamo, Carnet, Codigo, FDevolucion)
    VALUES ('2006-08-15 09:35:24', 69916495143338368898, 524284071, '2006-08-15 19:17:28');
INSERT INTO ASCII_Prestamos (FPrestamo, Carnet, Codigo, FDevolucion)
    VALUES ('2016-04-25 17:10:28', 69916495143338368898, 369113628, '2016-04-25 18:54:08');
INSERT INTO ASCII_Prestamos (FPrestamo, Carnet, Codigo, FDevolucion)
    VALUES ('2011-05-07 12:39:01', 69916495143338368898, 838188769, '2011-05-07 13:01:45');
INSERT INTO ASCII_Prestamos (FPrestamo, Carnet, Codigo, FDevolucion)
    VALUES ('2016-09-15 13:48:01', 69916495143338368898, 617920706, '2016-09-15 15:34:51');
INSERT INTO ASCII_Prestamos (FPrestamo, Carnet, Codigo, FDevolucion)
    VALUES ('2015-11-13 12:42:29', 69916495143338368898, 251337722, '2015-11-13 13:42:40');
INSERT INTO ASCII_Prestamos (FPrestamo, Carnet, Codigo, FDevolucion)
    VALUES ('2009-03-22 11:28:13', 69916495143338368898, 964977585, '2009-03-22 15:26:32');
INSERT INTO ASCII_Prestamos (FPrestamo, Carnet, Codigo, FDevolucion)
    VALUES ('2001-12-17 19:26:59', 69916495143338368898, 599287974, '2001-12-17 19:40:15');
INSERT INTO ASCII_Prestamos (FPrestamo, Carnet, Codigo, FDevolucion)
    VALUES ('2006-02-07 19:42:32', 69916495143338368898, 820749428, '2006-02-07 19:57:29');
INSERT INTO ASCII_Prestamos (FPrestamo, Carnet, Codigo, FDevolucion)
    VALUES ('2017-02-06 16:18:45', 69916495143338368898, 85574695, '2017-02-06 19:02:07');
INSERT INTO ASCII_Prestamos (FPrestamo, Carnet, Codigo, FDevolucion)
    VALUES ('2001-01-12 18:34:53', 69916495143338368898, 253994868, '2001-01-12 20:25:47');
INSERT INTO ASCII_Prestamos (FPrestamo, Carnet, Codigo, FDevolucion)
    VALUES ('2005-10-03 10:42:07', 69916495143338368898, 428001381, '2005-10-03 13:02:07');
INSERT INTO ASCII_Prestamos (FPrestamo, Carnet, Codigo, FDevolucion)
    VALUES ('2002-05-04 13:20:02', 69916495143338368898, 243541526, '2002-05-04 18:26:47');
INSERT INTO ASCII_Recomendaciones (Carnet, Base, Recomendacion)
 VALUES (69916495143338368898, 37958394, 243541526);
INSERT INTO ASCII_Prestamos (FPrestamo, Carnet, Codigo, FDevolucion)
    VALUES ('2013-10-13 12:27:19', 69916495143338368898, 971648177, '2013-10-13 19:40:11');
INSERT INTO ASCII_Prestamos (FPrestamo, Carnet, Codigo, FDevolucion)
    VALUES ('2000-10-16 14:32:32', 69916495143338368898, 542097873, '2000-10-16 16:48:53');
INSERT INTO ASCII_Prestamos (FPrestamo, Carnet, Codigo, FDevolucion)
    VALUES ('2003-09-15 14:58:43', 69916495143338368898, 868808044, '2003-09-15 17:52:23');
INSERT INTO ASCII_Prestamos (FPrestamo, Carnet, Codigo, FDevolucion)
    VALUES ('2003-12-08 12:09:29', 69916495143338368898, 341971670, '2003-12-08 18:24:44');
INSERT INTO ASCII_Prestamos (FPrestamo, Carnet, Codigo, FDevolucion)
    VALUES ('2010-12-31 11:52:56', 69916495143338368898, 617920706, '2010-12-31 12:19:56');
INSERT INTO ASCII_Prestamos (FPrestamo, Carnet, Codigo, FDevolucion)
    VALUES ('2012-11-03 15:15:01', 69916495143338368898, 47554194, '2012-11-03 19:07:42');
INSERT INTO ASCII_Prestamos (FPrestamo, Carnet, Codigo, FDevolucion)
    VALUES ('2001-03-09 14:04:26', 69916495143338368898, 669879732, '2001-03-09 19:53:48');
INSERT INTO ASCII_Prestamos (FPrestamo, Carnet, Codigo, FDevolucion)
    VALUES ('2001-07-27 15:17:03', 69916495143338368898, 937697389, '2001-07-27 19:12:13');
INSERT INTO ASCII_Prestamos (FPrestamo, Carnet, Codigo, FDevolucion)
    VALUES ('2016-03-14 09:51:07', 69916495143338368898, 265953115, '2016-03-14 10:52:15');
INSERT INTO ASCII_Prestamos (FPrestamo, Carnet, Codigo, FDevolucion)
    VALUES ('2001-09-03 10:57:02', 69916495143338368898, 950526760, '2001-09-03 16:50:37');
INSERT INTO ASCII_Prestamos (FPrestamo, Carnet, Codigo, FDevolucion)
    VALUES ('2013-02-17 13:00:27', 69916495143338368898, 682329074, '2013-02-17 18:30:11');
INSERT INTO ASCII_Prestamos (FPrestamo, Carnet, Codigo, FDevolucion)
    VALUES ('2014-10-29 17:13:32', 69916495143338368898, 879139789, '2014-10-29 17:19:38');
INSERT INTO ASCII_Recomendaciones (Carnet, Base, Recomendacion)
 VALUES (69916495143338368898, 481287493, 879139789);
INSERT INTO ASCII_Prestamos (FPrestamo, Carnet, Codigo, FDevolucion)
    VALUES ('2001-10-22 14:52:17', 69916495143338368898, 253994868, '2001-10-22 16:00:14');
INSERT INTO ASCII_Prestamos (FPrestamo, Carnet, Codigo, FDevolucion)
    VALUES ('2007-04-28 16:39:48', 69916495143338368898, 585707220, '2007-04-28 17:09:28');
INSERT INTO ASCII_Prestamos (FPrestamo, Carnet, Codigo, FDevolucion)
    VALUES ('2017-01-21 17:52:21', 69916495143338368898, 18635348, '2017-01-21 19:41:27');
INSERT INTO ASCII_Prestamos (FPrestamo, Carnet, Codigo, FDevolucion)
    VALUES ('2010-07-17 14:12:06', 69916495143338368898, 147729606, '2010-07-17 17:02:58');
INSERT INTO ASCII_Prestamos (FPrestamo, Carnet, Codigo, FDevolucion)
    VALUES ('2007-02-28 18:18:13', 69916495143338368898, 927955996, '2007-02-28 19:40:11');
INSERT INTO ASCII_Prestamos (FPrestamo, Carnet, Codigo, FDevolucion)
    VALUES ('2014-07-06 19:21:01', 69916495143338368898, 41169864, '2014-07-06 19:44:55');
INSERT INTO ASCII_Prestamos (FPrestamo, Carnet, Codigo, FDevolucion)
    VALUES ('2006-02-27 12:32:56', 69916495143338368898, 617920706, '2006-02-27 20:28:13');
INSERT INTO ASCII_Prestamos (FPrestamo, Carnet, Codigo, FDevolucion)
    VALUES ('2009-11-02 11:34:11', 69916495143338368898, 411723132, '2009-11-02 16:51:42');
INSERT INTO ASCII_Prestamos (FPrestamo, Carnet, Codigo, FDevolucion)
    VALUES ('2000-03-04 12:27:32', 69916495143338368898, 585184362, '2000-03-04 12:44:26');
INSERT INTO ASCII_Prestamos (FPrestamo, Carnet, Codigo, FDevolucion)
    VALUES ('2018-02-08 10:09:58', 69916495143338368898, 242380829, '2018-02-08 19:41:29');


---------------- NEW USER josefa27
INSERT INTO ASCII_Usuarios (Carnet, FAlta, Nombre, Apellidos, Apodo)
    VALUES (84769916304834943325, '1994-08-24 17:00:23', 'Jaime', 'Ribes', 'josefa27');

INSERT INTO ASCII_Prestamos (FPrestamo, Carnet, Codigo, FDevolucion)
    VALUES ('2012-01-23 09:06:04', 84769916304834943325, 253994868, '2012-01-23 18:51:26');
INSERT INTO ASCII_Prestamos (FPrestamo, Carnet, Codigo, FDevolucion)
    VALUES ('2017-12-31 18:29:38', 84769916304834943325, 338686884, '2017-12-31 20:15:46');
INSERT INTO ASCII_Prestamos (FPrestamo, Carnet, Codigo, FDevolucion)
    VALUES ('2009-11-21 12:30:12', 84769916304834943325, 242380829, '2009-11-21 15:34:14');
INSERT INTO ASCII_Prestamos (FPrestamo, Carnet, Codigo, FDevolucion)
    VALUES ('2000-07-21 14:37:30', 84769916304834943325, 331049936, '2000-07-21 16:57:33');
INSERT INTO ASCII_Prestamos (FPrestamo, Carnet, Codigo, FDevolucion)
    VALUES ('2007-04-27 18:43:27', 84769916304834943325, 147729606, '2007-04-27 19:05:02');
INSERT INTO ASCII_Prestamos (FPrestamo, Carnet, Codigo, FDevolucion)
    VALUES ('2004-10-17 12:04:48', 84769916304834943325, 857051941, '2004-10-17 14:10:55');
INSERT INTO ASCII_Prestamos (FPrestamo, Carnet, Codigo, FDevolucion)
    VALUES ('2017-05-05 11:44:07', 84769916304834943325, 868808044, '2017-05-05 15:58:27');
INSERT INTO ASCII_Prestamos (FPrestamo, Carnet, Codigo, FDevolucion)
    VALUES ('2001-04-16 09:47:41', 84769916304834943325, 507490311, '2001-04-16 20:43:56');
INSERT INTO ASCII_Prestamos (FPrestamo, Carnet, Codigo, FDevolucion)
    VALUES ('2010-02-17 17:16:04', 84769916304834943325, 647931245, '2010-02-17 19:27:31');
INSERT INTO ASCII_Prestamos (FPrestamo, Carnet, Codigo, FDevolucion)
    VALUES ('2006-06-06 09:06:11', 84769916304834943325, 180014736, '2006-06-06 15:35:08');
INSERT INTO ASCII_Prestamos (FPrestamo, Carnet, Codigo, FDevolucion)
    VALUES ('2000-10-29 09:53:12', 84769916304834943325, 617920706, '2000-10-29 11:01:05');
INSERT INTO ASCII_Recomendaciones (Carnet, Base, Recomendacion)
 VALUES (84769916304834943325, 488201605, 617920706);
INSERT INTO ASCII_Prestamos (FPrestamo, Carnet, Codigo, FDevolucion)
    VALUES ('2001-03-03 19:50:02', 84769916304834943325, 518990411, '2001-03-03 20:10:28');
INSERT INTO ASCII_Prestamos (FPrestamo, Carnet, Codigo, FDevolucion)
    VALUES ('2000-01-22 15:58:42', 84769916304834943325, 507490311, '2000-01-22 19:07:54');
INSERT INTO ASCII_Prestamos (FPrestamo, Carnet, Codigo, FDevolucion)
    VALUES ('1995-03-17 14:24:30', 84769916304834943325, 147729606, '1995-03-17 18:15:35');
INSERT INTO ASCII_Prestamos (FPrestamo, Carnet, Codigo, FDevolucion)
    VALUES ('2015-11-16 10:54:13', 84769916304834943325, 47554194, '2015-11-16 11:21:16');
INSERT INTO ASCII_Prestamos (FPrestamo, Carnet, Codigo, FDevolucion)
    VALUES ('2017-09-04 14:18:14', 84769916304834943325, 47554194, '2017-09-04 18:42:04');
INSERT INTO ASCII_Prestamos (FPrestamo, Carnet, Codigo, FDevolucion)
    VALUES ('2014-08-08 13:46:40', 84769916304834943325, 766222245, '2014-08-08 18:33:43');
INSERT INTO ASCII_Recomendaciones (Carnet, Base, Recomendacion)
 VALUES (84769916304834943325, 147729606, 766222245);
INSERT INTO ASCII_Prestamos (FPrestamo, Carnet, Codigo, FDevolucion)
    VALUES ('2015-12-26 12:27:59', 84769916304834943325, 85574695, '2015-12-26 14:24:35');
INSERT INTO ASCII_Prestamos (FPrestamo, Carnet, Codigo, FDevolucion)
    VALUES ('2011-09-05 09:45:08', 84769916304834943325, 927955996, '2011-09-05 10:03:35');
INSERT INTO ASCII_Prestamos (FPrestamo, Carnet, Codigo, FDevolucion)
    VALUES ('2007-10-02 15:41:00', 84769916304834943325, 682329074, '2007-10-02 18:19:52');
INSERT INTO ASCII_Prestamos (FPrestamo, Carnet, Codigo, FDevolucion)
    VALUES ('2017-10-10 13:17:00', 84769916304834943325, 489855290, '2017-10-10 15:34:44');
INSERT INTO ASCII_Prestamos (FPrestamo, Carnet, Codigo, FDevolucion)
    VALUES ('2011-03-03 19:49:15', 84769916304834943325, 253994868, '2011-03-03 20:19:45');
INSERT INTO ASCII_Prestamos (FPrestamo, Carnet, Codigo, FDevolucion)
    VALUES ('2000-02-27 11:01:43', 84769916304834943325, 670546869, '2000-02-27 19:43:35');
INSERT INTO ASCII_Prestamos (FPrestamo, Carnet, Codigo, FDevolucion)
    VALUES ('1997-06-20 12:54:09', 84769916304834943325, 308179286, '1997-06-20 19:31:42');
INSERT INTO ASCII_Prestamos (FPrestamo, Carnet, Codigo, FDevolucion)
    VALUES ('2017-10-21 14:46:47', 84769916304834943325, 127915210, '2017-10-21 19:12:57');
INSERT INTO ASCII_Prestamos (FPrestamo, Carnet, Codigo, FDevolucion)
    VALUES ('2001-07-17 16:47:51', 84769916304834943325, 127915210, '2001-07-17 19:59:05');
INSERT INTO ASCII_Prestamos (FPrestamo, Carnet, Codigo, FDevolucion)
    VALUES ('2002-09-24 10:54:11', 84769916304834943325, 9966371, '2002-09-24 13:31:01');
INSERT INTO ASCII_Prestamos (FPrestamo, Carnet, Codigo, FDevolucion)
    VALUES ('2005-11-10 19:53:23', 84769916304834943325, 585184362, '2005-11-10 20:41:23');
INSERT INTO ASCII_Prestamos (FPrestamo, Carnet, Codigo, FDevolucion)
    VALUES ('2009-06-30 11:44:10', 84769916304834943325, 524284071, '2009-06-30 19:34:00');
INSERT INTO ASCII_Recomendaciones (Carnet, Base, Recomendacion)
 VALUES (84769916304834943325, 308179286, 524284071);
INSERT INTO ASCII_Prestamos (FPrestamo, Carnet, Codigo, FDevolucion)
    VALUES ('1997-03-29 18:24:53', 84769916304834943325, 952346420, '1997-03-29 18:33:51');
INSERT INTO ASCII_Prestamos (FPrestamo, Carnet, Codigo, FDevolucion)
    VALUES ('2008-03-11 10:14:11', 84769916304834943325, 991317338, '2008-03-11 18:30:58');
INSERT INTO ASCII_Prestamos (FPrestamo, Carnet, Codigo, FDevolucion)
    VALUES ('1996-03-04 14:35:36', 84769916304834943325, 571247667, '1996-03-04 17:23:10');
INSERT INTO ASCII_Prestamos (FPrestamo, Carnet, Codigo, FDevolucion)
    VALUES ('2009-09-07 19:06:41', 84769916304834943325, 599287974, '2009-09-08 04:49:36');
INSERT INTO ASCII_Recomendaciones (Carnet, Base, Recomendacion)
 VALUES (84769916304834943325, 127915210, 599287974);
INSERT INTO ASCII_Prestamos (FPrestamo, Carnet, Codigo, FDevolucion)
    VALUES ('2017-05-10 17:22:06', 84769916304834943325, 971648177, '2017-05-10 17:30:57');
INSERT INTO ASCII_Prestamos (FPrestamo, Carnet, Codigo, FDevolucion)
    VALUES ('2009-02-09 19:33:39', 84769916304834943325, 587137439, '2009-02-09 20:08:24');
INSERT INTO ASCII_Prestamos (FPrestamo, Carnet, Codigo, FDevolucion)
    VALUES ('2007-10-31 11:28:13', 84769916304834943325, 518990411, '2007-10-31 11:40:53');
INSERT INTO ASCII_Prestamos (FPrestamo, Carnet, Codigo, FDevolucion)
    VALUES ('2005-08-07 10:58:03', 84769916304834943325, 937697389, '2005-08-07 17:32:25');
INSERT INTO ASCII_Prestamos (FPrestamo, Carnet, Codigo, FDevolucion)
    VALUES ('2004-07-08 15:34:30', 84769916304834943325, 488201605, '2004-07-08 18:46:11');
INSERT INTO ASCII_Prestamos (FPrestamo, Carnet, Codigo, FDevolucion)
    VALUES ('2016-09-26 16:58:56', 84769916304834943325, 360700172, '2016-09-26 20:09:34');
INSERT INTO ASCII_Prestamos (FPrestamo, Carnet, Codigo, FDevolucion)
    VALUES ('2001-10-13 11:53:23', 84769916304834943325, 170880022, '2001-10-13 16:22:39');
INSERT INTO ASCII_Prestamos (FPrestamo, Carnet, Codigo, FDevolucion)
    VALUES ('1997-12-04 17:19:54', 84769916304834943325, 131733386, '1997-12-04 19:59:59');
INSERT INTO ASCII_Prestamos (FPrestamo, Carnet, Codigo, FDevolucion)
    VALUES ('2008-02-03 11:38:32', 84769916304834943325, 964977585, '2008-02-03 13:08:06');
INSERT INTO ASCII_Prestamos (FPrestamo, Carnet, Codigo, FDevolucion)
    VALUES ('2011-11-21 18:01:59', 84769916304834943325, 561655840, '2011-11-21 18:09:19');
INSERT INTO ASCII_Prestamos (FPrestamo, Carnet, Codigo, FDevolucion)
    VALUES ('1998-10-01 09:12:52', 84769916304834943325, 250884700, '1998-10-01 19:25:43');
INSERT INTO ASCII_Prestamos (FPrestamo, Carnet, Codigo, FDevolucion)
    VALUES ('2008-06-19 19:11:45', 84769916304834943325, 672049130, '2008-06-19 19:56:34');
INSERT INTO ASCII_Prestamos (FPrestamo, Carnet, Codigo, FDevolucion)
    VALUES ('2005-02-10 11:25:03', 84769916304834943325, 480674548, '2005-02-10 14:26:37');


---------------- NEW USER carolina27
INSERT INTO ASCII_Usuarios (Carnet, FAlta, Nombre, Apellidos, Apodo)
    VALUES (4514776618788019325, '1998-01-24 20:44:35', 'Joaquin', 'Gil', 'carolina27');

INSERT INTO ASCII_Prestamos (FPrestamo, Carnet, Codigo, FDevolucion)
    VALUES ('2001-09-20 11:37:44', 4514776618788019325, 887208567, '2001-09-20 12:05:36');
INSERT INTO ASCII_Prestamos (FPrestamo, Carnet, Codigo, FDevolucion)
    VALUES ('2012-11-19 12:48:10', 4514776618788019325, 839730706, '2012-11-19 16:37:23');
INSERT INTO ASCII_Prestamos (FPrestamo, Carnet, Codigo, FDevolucion)
    VALUES ('2004-03-06 17:33:34', 4514776618788019325, 542097873, '2004-03-06 20:21:31');
INSERT INTO ASCII_Prestamos (FPrestamo, Carnet, Codigo, FDevolucion)
    VALUES ('2013-03-16 13:31:54', 4514776618788019325, 670546869, '2013-03-16 18:20:57');
INSERT INTO ASCII_Prestamos (FPrestamo, Carnet, Codigo, FDevolucion)
    VALUES ('2018-05-12 11:23:21', 4514776618788019325, 467479744, '2018-05-12 18:06:24');
INSERT INTO ASCII_Prestamos (FPrestamo, Carnet, Codigo, FDevolucion)
    VALUES ('2000-07-23 13:44:58', 4514776618788019325, 758589576, '2000-07-23 15:12:01');


---------------- NEW USER zpinto
INSERT INTO ASCII_Usuarios (Carnet, FAlta, Nombre, Apellidos, Apodo)
    VALUES (5993429169669442052, '2015-08-26 13:02:20', 'Esperanza', 'Moliner', 'zpinto');

INSERT INTO ASCII_Prestamos (FPrestamo, Carnet, Codigo, FDevolucion)
    VALUES ('2018-02-20 09:42:17', 5993429169669442052, 850083148, '2018-02-20 15:11:22');
INSERT INTO ASCII_Prestamos (FPrestamo, Carnet, Codigo, FDevolucion)
    VALUES ('2018-05-29 12:01:46', 5993429169669442052, 727226330, '2018-05-29 15:56:45');
INSERT INTO ASCII_Prestamos (FPrestamo, Carnet, Codigo, FDevolucion)
    VALUES ('2015-10-30 18:43:56', 5993429169669442052, 971648177, '2015-10-30 20:37:21');
INSERT INTO ASCII_Prestamos (FPrestamo, Carnet, Codigo, FDevolucion)
    VALUES ('2016-01-26 17:39:38', 5993429169669442052, 954808125, '2016-01-26 18:48:02');
INSERT INTO ASCII_Prestamos (FPrestamo, Carnet, Codigo, FDevolucion)
    VALUES ('2017-11-14 15:20:07', 5993429169669442052, 672049130, '2017-11-14 18:44:21');
INSERT INTO ASCII_Prestamos (FPrestamo, Carnet, Codigo, FDevolucion)
    VALUES ('2017-01-26 10:43:45', 5993429169669442052, 766222245, '2017-01-26 18:13:06');
INSERT INTO ASCII_Prestamos (FPrestamo, Carnet, Codigo, FDevolucion)
    VALUES ('2018-12-28 09:44:46', 5993429169669442052, 314225902, '2018-12-28 12:24:00');
INSERT INTO ASCII_Prestamos (FPrestamo, Carnet, Codigo, FDevolucion)
    VALUES ('2018-08-15 15:18:25', 5993429169669442052, 982622725, '2018-08-15 19:40:09');
INSERT INTO ASCII_Prestamos (FPrestamo, Carnet, Codigo, FDevolucion)
    VALUES ('2017-08-21 19:39:09', 5993429169669442052, 542097873, '2017-08-21 20:22:52');
INSERT INTO ASCII_Prestamos (FPrestamo, Carnet, Codigo, FDevolucion)
    VALUES ('2017-12-28 13:17:03', 5993429169669442052, 890814220, '2017-12-28 18:59:37');
INSERT INTO ASCII_Prestamos (FPrestamo, Carnet, Codigo, FDevolucion)
    VALUES ('2018-04-08 11:11:29', 5993429169669442052, 800955108, '2018-04-08 16:14:22');
INSERT INTO ASCII_Prestamos (FPrestamo, Carnet, Codigo, FDevolucion)
    VALUES ('2018-04-02 15:15:45', 5993429169669442052, 698357582, '2018-04-02 19:17:13');
INSERT INTO ASCII_Prestamos (FPrestamo, Carnet, Codigo, FDevolucion)
    VALUES ('2018-04-30 15:51:18', 5993429169669442052, 954808125, '2018-04-30 18:53:12');
INSERT INTO ASCII_Prestamos (FPrestamo, Carnet, Codigo, FDevolucion)
    VALUES ('2017-07-13 15:32:17', 5993429169669442052, 952346420, '2017-07-13 20:15:21');
INSERT INTO ASCII_Recomendaciones (Carnet, Base, Recomendacion)
 VALUES (5993429169669442052, 857051941, 952346420);
INSERT INTO ASCII_Prestamos (FPrestamo, Carnet, Codigo, FDevolucion)
    VALUES ('2018-02-14 16:44:28', 5993429169669442052, 862290062, '2018-02-14 18:39:31');
INSERT INTO ASCII_Prestamos (FPrestamo, Carnet, Codigo, FDevolucion)
    VALUES ('2017-08-04 19:33:03', 5993429169669442052, 950526760, '2017-08-04 19:44:03');
INSERT INTO ASCII_Recomendaciones (Carnet, Base, Recomendacion)
 VALUES (5993429169669442052, 587137439, 950526760);
INSERT INTO ASCII_Prestamos (FPrestamo, Carnet, Codigo, FDevolucion)
    VALUES ('2016-03-26 12:48:03', 5993429169669442052, 510980242, '2016-03-26 15:33:45');
INSERT INTO ASCII_Prestamos (FPrestamo, Carnet, Codigo, FDevolucion)
    VALUES ('2015-11-10 18:24:01', 5993429169669442052, 700258093, '2015-11-10 19:56:05');
INSERT INTO ASCII_Prestamos (FPrestamo, Carnet, Codigo, FDevolucion)
    VALUES ('2017-09-09 19:12:41', 5993429169669442052, 155192418, '2017-09-09 19:30:43');
INSERT INTO ASCII_Prestamos (FPrestamo, Carnet, Codigo, FDevolucion)
    VALUES ('2018-09-03 19:43:25', 5993429169669442052, 925327567, '2018-09-03 20:36:23');
INSERT INTO ASCII_Prestamos (FPrestamo, Carnet, Codigo, FDevolucion)
    VALUES ('2016-11-07 10:22:19', 5993429169669442052, 467479744, '2016-11-07 14:07:27');
INSERT INTO ASCII_Recomendaciones (Carnet, Base, Recomendacion)
 VALUES (5993429169669442052, 954808125, 467479744);
INSERT INTO ASCII_Prestamos (FPrestamo, Carnet, Codigo, FDevolucion)
    VALUES ('2016-11-12 16:27:07', 5993429169669442052, 435077835, '2016-11-12 16:40:59');
INSERT INTO ASCII_Prestamos (FPrestamo, Carnet, Codigo, FDevolucion)
    VALUES ('2018-05-31 10:45:46', 5993429169669442052, 840655483, '2018-05-31 13:18:15');
INSERT INTO ASCII_Prestamos (FPrestamo, Carnet, Codigo, FDevolucion)
    VALUES ('2015-11-13 17:22:47', 5993429169669442052, 201222074, '2015-11-13 19:17:47');
INSERT INTO ASCII_Prestamos (FPrestamo, Carnet, Codigo, FDevolucion)
    VALUES ('2015-10-26 15:08:31', 5993429169669442052, 973769009, '2015-10-26 19:04:17');
INSERT INTO ASCII_Prestamos (FPrestamo, Carnet, Codigo, FDevolucion)
    VALUES ('2016-08-25 17:00:52', 5993429169669442052, 331049936, '2016-08-25 19:20:57');
INSERT INTO ASCII_Prestamos (FPrestamo, Carnet, Codigo, FDevolucion)
    VALUES ('2016-09-24 12:17:35', 5993429169669442052, 9966371, '2016-09-24 16:14:48');
INSERT INTO ASCII_Prestamos (FPrestamo, Carnet, Codigo, FDevolucion)
    VALUES ('2017-10-04 14:56:33', 5993429169669442052, 338686884, '2017-10-04 20:16:53');
INSERT INTO ASCII_Prestamos (FPrestamo, Carnet, Codigo, FDevolucion)
    VALUES ('2017-03-01 12:42:56', 5993429169669442052, 411723132, '2017-03-01 17:59:38');


---------------- NEW USER loboeduardo
INSERT INTO ASCII_Usuarios (Carnet, FAlta, Nombre, Apellidos, Apodo)
    VALUES (75421227548033782243, '2012-09-27 15:05:04', 'Sofia', 'Llopis-Izaguirre', 'loboeduardo');

INSERT INTO ASCII_Prestamos (FPrestamo, Carnet, Codigo, FDevolucion)
    VALUES ('2017-02-22 19:09:44', 75421227548033782243, 890814220, '2017-02-22 19:13:15');
INSERT INTO ASCII_Prestamos (FPrestamo, Carnet, Codigo, FDevolucion)
    VALUES ('2017-11-25 10:57:00', 75421227548033782243, 837424856, '2017-11-25 15:09:02');
INSERT INTO ASCII_Prestamos (FPrestamo, Carnet, Codigo, FDevolucion)
    VALUES ('2016-07-29 17:13:34', 75421227548033782243, 106749821, '2016-07-29 17:41:32');
INSERT INTO ASCII_Prestamos (FPrestamo, Carnet, Codigo, FDevolucion)
    VALUES ('2015-04-21 17:10:22', 75421227548033782243, 18635348, '2015-04-21 18:36:10');
INSERT INTO ASCII_Prestamos (FPrestamo, Carnet, Codigo, FDevolucion)
    VALUES ('2018-12-24 09:59:36', 75421227548033782243, 428001381, '2018-12-24 14:31:16');
INSERT INTO ASCII_Prestamos (FPrestamo, Carnet, Codigo, FDevolucion)
    VALUES ('2016-11-25 19:14:53', 75421227548033782243, 527398674, '2016-11-25 19:18:11');
INSERT INTO ASCII_Prestamos (FPrestamo, Carnet, Codigo, FDevolucion)
    VALUES ('2014-10-23 13:27:35', 75421227548033782243, 147729606, '2014-10-23 14:08:40');
INSERT INTO ASCII_Prestamos (FPrestamo, Carnet, Codigo, FDevolucion)
    VALUES ('2018-08-09 15:36:19', 75421227548033782243, 286701931, '2018-08-09 17:29:02');
INSERT INTO ASCII_Prestamos (FPrestamo, Carnet, Codigo, FDevolucion)
    VALUES ('2012-11-06 16:45:28', 75421227548033782243, 242380829, '2012-11-06 19:02:04');
INSERT INTO ASCII_Prestamos (FPrestamo, Carnet, Codigo, FDevolucion)
    VALUES ('2012-11-15 15:22:10', 75421227548033782243, 18635348, '2012-11-15 16:24:46');
INSERT INTO ASCII_Prestamos (FPrestamo, Carnet, Codigo, FDevolucion)
    VALUES ('2015-08-24 13:35:19', 75421227548033782243, 953850576, '2015-08-24 14:25:50');
INSERT INTO ASCII_Recomendaciones (Carnet, Base, Recomendacion)
 VALUES (75421227548033782243, 335793936, 953850576);
INSERT INTO ASCII_Prestamos (FPrestamo, Carnet, Codigo, FDevolucion)
    VALUES ('2017-05-16 10:03:05', 75421227548033782243, 271974491, '2017-05-16 15:11:31');
INSERT INTO ASCII_Prestamos (FPrestamo, Carnet, Codigo, FDevolucion)
    VALUES ('2014-09-09 09:07:23', 75421227548033782243, 253994868, '2014-09-09 11:09:15');
INSERT INTO ASCII_Prestamos (FPrestamo, Carnet, Codigo, FDevolucion)
    VALUES ('2013-04-16 17:44:22', 75421227548033782243, 106749821, '2013-04-16 19:43:26');
INSERT INTO ASCII_Prestamos (FPrestamo, Carnet, Codigo, FDevolucion)
    VALUES ('2018-10-25 15:25:17', 75421227548033782243, 887208567, '2018-10-25 19:49:32');
INSERT INTO ASCII_Prestamos (FPrestamo, Carnet, Codigo, FDevolucion)
    VALUES ('2015-02-23 14:21:12', 75421227548033782243, 428001381, '2015-02-23 16:50:15');
INSERT INTO ASCII_Prestamos (FPrestamo, Carnet, Codigo, FDevolucion)
    VALUES ('2013-06-20 14:04:49', 75421227548033782243, 837424856, '2013-06-20 17:11:27');
INSERT INTO ASCII_Prestamos (FPrestamo, Carnet, Codigo, FDevolucion)
    VALUES ('2015-03-05 19:04:25', 75421227548033782243, 902512489, '2015-03-05 19:45:39');
INSERT INTO ASCII_Prestamos (FPrestamo, Carnet, Codigo, FDevolucion)
    VALUES ('2015-06-10 19:17:41', 75421227548033782243, 369113628, '2015-06-10 19:31:23');
INSERT INTO ASCII_Prestamos (FPrestamo, Carnet, Codigo, FDevolucion)
    VALUES ('2018-05-11 18:44:01', 75421227548033782243, 973769009, '2018-05-11 19:25:32');
INSERT INTO ASCII_Prestamos (FPrestamo, Carnet, Codigo, FDevolucion)
    VALUES ('2018-12-21 19:57:07', 75421227548033782243, 857051941, '2018-12-21 20:07:09');
INSERT INTO ASCII_Prestamos (FPrestamo, Carnet, Codigo, FDevolucion)
    VALUES ('2017-10-02 11:11:13', 75421227548033782243, 250884700, '2017-10-02 16:58:41');
INSERT INTO ASCII_Prestamos (FPrestamo, Carnet, Codigo, FDevolucion)
    VALUES ('2013-12-22 15:40:30', 75421227548033782243, 864419312, '2013-12-22 16:30:18');
INSERT INTO ASCII_Recomendaciones (Carnet, Base, Recomendacion)
 VALUES (75421227548033782243, 727226330, 864419312);
INSERT INTO ASCII_Prestamos (FPrestamo, Carnet, Codigo, FDevolucion)
    VALUES ('2013-11-07 10:16:18', 75421227548033782243, 127915210, '2013-11-07 19:38:37');
INSERT INTO ASCII_Prestamos (FPrestamo, Carnet, Codigo, FDevolucion)
    VALUES ('2013-08-03 15:45:40', 75421227548033782243, 766222245, '2013-08-03 15:56:21');
INSERT INTO ASCII_Recomendaciones (Carnet, Base, Recomendacion)
 VALUES (75421227548033782243, 685941400, 766222245);
INSERT INTO ASCII_Prestamos (FPrestamo, Carnet, Codigo, FDevolucion)
    VALUES ('2015-05-26 12:17:24', 75421227548033782243, 462839979, '2015-05-26 16:27:27');
INSERT INTO ASCII_Prestamos (FPrestamo, Carnet, Codigo, FDevolucion)
    VALUES ('2014-06-03 10:44:04', 75421227548033782243, 887208567, '2014-06-03 13:47:03');
INSERT INTO ASCII_Prestamos (FPrestamo, Carnet, Codigo, FDevolucion)
    VALUES ('2018-07-05 11:16:02', 75421227548033782243, 307357928, '2018-07-05 17:42:51');
INSERT INTO ASCII_Prestamos (FPrestamo, Carnet, Codigo, FDevolucion)
    VALUES ('2016-01-30 12:26:29', 75421227548033782243, 361185658, '2016-01-30 18:36:40');
INSERT INTO ASCII_Prestamos (FPrestamo, Carnet, Codigo, FDevolucion)
    VALUES ('2018-03-11 11:37:22', 75421227548033782243, 147729606, '2018-03-11 14:06:33');
INSERT INTO ASCII_Prestamos (FPrestamo, Carnet, Codigo, FDevolucion)
    VALUES ('2016-02-05 17:57:11', 75421227548033782243, 206123333, '2016-02-05 20:46:35');
INSERT INTO ASCII_Prestamos (FPrestamo, Carnet, Codigo, FDevolucion)
    VALUES ('2018-03-18 13:42:39', 75421227548033782243, 268609271, '2018-03-18 15:50:13');
INSERT INTO ASCII_Prestamos (FPrestamo, Carnet, Codigo, FDevolucion)
    VALUES ('2015-01-08 11:42:23', 75421227548033782243, 953850576, '2015-01-08 14:11:48');
INSERT INTO ASCII_Prestamos (FPrestamo, Carnet, Codigo, FDevolucion)
    VALUES ('2013-03-09 18:01:40', 75421227548033782243, 84694334, '2013-03-09 18:41:26');
INSERT INTO ASCII_Prestamos (FPrestamo, Carnet, Codigo, FDevolucion)
    VALUES ('2017-03-21 17:41:26', 75421227548033782243, 566157944, '2017-03-21 18:13:59');
INSERT INTO ASCII_Prestamos (FPrestamo, Carnet, Codigo, FDevolucion)
    VALUES ('2017-11-19 17:50:16', 75421227548033782243, 685941400, '2017-11-19 18:10:08');
INSERT INTO ASCII_Prestamos (FPrestamo, Carnet, Codigo, FDevolucion)
    VALUES ('2014-05-13 13:41:11', 75421227548033782243, 271974491, '2014-05-13 14:36:24');
INSERT INTO ASCII_Prestamos (FPrestamo, Carnet, Codigo, FDevolucion)
    VALUES ('2018-07-13 16:57:06', 75421227548033782243, 838188769, '2018-07-13 19:52:48');
INSERT INTO ASCII_Prestamos (FPrestamo, Carnet, Codigo, FDevolucion)
    VALUES ('2018-05-15 16:45:29', 75421227548033782243, 839730706, '2018-05-15 20:10:36');
INSERT INTO ASCII_Prestamos (FPrestamo, Carnet, Codigo, FDevolucion)
    VALUES ('2017-02-01 09:23:07', 75421227548033782243, 820749428, '2017-02-01 12:33:57');
INSERT INTO ASCII_Recomendaciones (Carnet, Base, Recomendacion)
 VALUES (75421227548033782243, 196486656, 820749428);
INSERT INTO ASCII_Prestamos (FPrestamo, Carnet, Codigo, FDevolucion)
    VALUES ('2012-12-01 18:06:19', 75421227548033782243, 314225902, '2012-12-01 19:09:44');
INSERT INTO ASCII_Recomendaciones (Carnet, Base, Recomendacion)
 VALUES (75421227548033782243, 948690342, 314225902);
INSERT INTO ASCII_Prestamos (FPrestamo, Carnet, Codigo, FDevolucion)
    VALUES ('2016-01-05 17:43:08', 75421227548033782243, 700258093, '2016-01-05 20:14:07');
INSERT INTO ASCII_Prestamos (FPrestamo, Carnet, Codigo, FDevolucion)
    VALUES ('2017-02-11 14:15:47', 75421227548033782243, 338686884, '2017-02-11 19:28:51');
INSERT INTO ASCII_Recomendaciones (Carnet, Base, Recomendacion)
 VALUES (75421227548033782243, 428001381, 338686884);
INSERT INTO ASCII_Prestamos (FPrestamo, Carnet, Codigo, FDevolucion)
    VALUES ('2017-09-25 09:10:24', 75421227548033782243, 131733386, '2017-09-25 18:59:43');
INSERT INTO ASCII_Prestamos (FPrestamo, Carnet, Codigo, FDevolucion)
    VALUES ('2018-07-04 17:10:17', 75421227548033782243, 857051941, '2018-07-04 19:31:14');
INSERT INTO ASCII_Prestamos (FPrestamo, Carnet, Codigo, FDevolucion)
    VALUES ('2015-06-09 17:35:13', 75421227548033782243, 428001381, '2015-06-09 18:08:31');
INSERT INTO ASCII_Prestamos (FPrestamo, Carnet, Codigo, FDevolucion)
    VALUES ('2014-06-10 09:18:55', 75421227548033782243, 585707220, '2014-06-10 14:13:37');
INSERT INTO ASCII_Prestamos (FPrestamo, Carnet, Codigo, FDevolucion)
    VALUES ('2016-11-07 12:39:32', 75421227548033782243, 669879732, '2016-11-07 16:05:01');
INSERT INTO ASCII_Prestamos (FPrestamo, Carnet, Codigo, FDevolucion)
    VALUES ('2018-06-13 10:15:58', 75421227548033782243, 271974491, '2018-06-13 14:39:35');
INSERT INTO ASCII_Prestamos (FPrestamo, Carnet, Codigo, FDevolucion)
    VALUES ('2013-01-20 19:59:21', 75421227548033782243, 800955108, '2013-01-20 20:43:59');
INSERT INTO ASCII_Prestamos (FPrestamo, Carnet, Codigo, FDevolucion)
    VALUES ('2016-01-23 13:17:51', 75421227548033782243, 480674548, '2016-01-23 15:14:30');
INSERT INTO ASCII_Prestamos (FPrestamo, Carnet, Codigo, FDevolucion)
    VALUES ('2014-03-19 18:35:52', 75421227548033782243, 669879732, '2014-03-19 18:49:37');
INSERT INTO ASCII_Prestamos (FPrestamo, Carnet, Codigo, FDevolucion)
    VALUES ('2014-04-14 14:16:22', 75421227548033782243, 698357582, '2014-04-14 18:40:02');
INSERT INTO ASCII_Prestamos (FPrestamo, Carnet, Codigo, FDevolucion)
    VALUES ('2018-10-16 14:28:41', 75421227548033782243, 480674548, '2018-10-16 18:18:39');
INSERT INTO ASCII_Prestamos (FPrestamo, Carnet, Codigo, FDevolucion)
    VALUES ('2014-10-16 12:31:27', 75421227548033782243, 542097873, '2014-10-16 16:43:30');


---------------- NEW USER ycompany
INSERT INTO ASCII_Usuarios (Carnet, FAlta, Nombre, Apellidos, Apodo)
    VALUES (31116510055015131173, '2005-09-22 13:48:58', 'Ángeles', 'Borrás', 'ycompany');

INSERT INTO ASCII_Prestamos (FPrestamo, Carnet, Codigo, FDevolucion)
    VALUES ('2007-09-14 11:57:43', 31116510055015131173, 156146678, '2007-09-14 15:09:59');
INSERT INTO ASCII_Prestamos (FPrestamo, Carnet, Codigo, FDevolucion)
    VALUES ('2016-11-26 12:18:41', 31116510055015131173, 308179286, '2016-11-26 13:30:16');
INSERT INTO ASCII_Prestamos (FPrestamo, Carnet, Codigo, FDevolucion)
    VALUES ('2012-03-09 15:47:52', 31116510055015131173, 195144846, '2012-03-09 20:07:08');
INSERT INTO ASCII_Prestamos (FPrestamo, Carnet, Codigo, FDevolucion)
    VALUES ('2013-01-03 19:38:27', 31116510055015131173, 903717553, '2013-01-03 19:48:05');
INSERT INTO ASCII_Prestamos (FPrestamo, Carnet, Codigo, FDevolucion)
    VALUES ('2008-02-22 16:38:30', 31116510055015131173, 845078739, '2008-02-22 16:58:33');
INSERT INTO ASCII_Prestamos (FPrestamo, Carnet, Codigo, FDevolucion)
    VALUES ('2012-09-20 10:39:36', 31116510055015131173, 206123333, '2012-09-20 18:06:52');
INSERT INTO ASCII_Prestamos (FPrestamo, Carnet, Codigo, FDevolucion)
    VALUES ('2007-06-27 18:46:32', 31116510055015131173, 566157944, '2007-06-27 19:14:44');
INSERT INTO ASCII_Prestamos (FPrestamo, Carnet, Codigo, FDevolucion)
    VALUES ('2014-10-04 10:48:11', 31116510055015131173, 845078739, '2014-10-04 10:58:35');
INSERT INTO ASCII_Prestamos (FPrestamo, Carnet, Codigo, FDevolucion)
    VALUES ('2006-10-28 11:27:36', 31116510055015131173, 518990411, '2006-10-28 19:32:57');
INSERT INTO ASCII_Prestamos (FPrestamo, Carnet, Codigo, FDevolucion)
    VALUES ('2014-05-31 18:24:34', 31116510055015131173, 840655483, '2014-05-31 20:15:26');
INSERT INTO ASCII_Prestamos (FPrestamo, Carnet, Codigo, FDevolucion)
    VALUES ('2015-09-06 15:39:09', 31116510055015131173, 626508891, '2015-09-06 16:03:37');
INSERT INTO ASCII_Prestamos (FPrestamo, Carnet, Codigo, FDevolucion)
    VALUES ('2009-12-11 17:18:31', 31116510055015131173, 286701931, '2009-12-11 19:46:10');
INSERT INTO ASCII_Prestamos (FPrestamo, Carnet, Codigo, FDevolucion)
    VALUES ('2008-10-08 19:51:17', 31116510055015131173, 489855290, '2008-10-08 20:45:24');
INSERT INTO ASCII_Prestamos (FPrestamo, Carnet, Codigo, FDevolucion)
    VALUES ('2006-09-27 19:27:51', 31116510055015131173, 155192418, '2006-09-27 20:01:28');
INSERT INTO ASCII_Prestamos (FPrestamo, Carnet, Codigo, FDevolucion)
    VALUES ('2010-11-16 10:48:53', 31116510055015131173, 542097873, '2010-11-16 14:24:42');
INSERT INTO ASCII_Prestamos (FPrestamo, Carnet, Codigo, FDevolucion)
    VALUES ('2013-07-23 13:50:07', 31116510055015131173, 669879732, '2013-07-23 19:32:34');
INSERT INTO ASCII_Prestamos (FPrestamo, Carnet, Codigo, FDevolucion)
    VALUES ('2012-01-01 15:00:09', 31116510055015131173, 868808044, '2012-01-01 17:06:32');
INSERT INTO ASCII_Prestamos (FPrestamo, Carnet, Codigo, FDevolucion)
    VALUES ('2011-01-20 16:47:19', 31116510055015131173, 268609271, '2011-01-20 19:51:42');
INSERT INTO ASCII_Prestamos (FPrestamo, Carnet, Codigo, FDevolucion)
    VALUES ('2014-03-12 14:11:16', 31116510055015131173, 131733386, '2014-03-12 18:13:29');
INSERT INTO ASCII_Recomendaciones (Carnet, Base, Recomendacion)
 VALUES (31116510055015131173, 268609271, 131733386);
INSERT INTO ASCII_Prestamos (FPrestamo, Carnet, Codigo, FDevolucion)
    VALUES ('2006-04-13 14:10:54', 31116510055015131173, 903717553, '2006-04-13 14:49:35');
INSERT INTO ASCII_Prestamos (FPrestamo, Carnet, Codigo, FDevolucion)
    VALUES ('2015-09-06 14:00:48', 31116510055015131173, 964977585, '2015-09-06 15:48:19');
INSERT INTO ASCII_Prestamos (FPrestamo, Carnet, Codigo, FDevolucion)
    VALUES ('2015-11-30 10:03:36', 31116510055015131173, 585707220, '2015-11-30 14:13:59');
INSERT INTO ASCII_Prestamos (FPrestamo, Carnet, Codigo, FDevolucion)
    VALUES ('2006-08-27 10:25:29', 31116510055015131173, 672049130, '2006-08-27 15:40:54');
INSERT INTO ASCII_Prestamos (FPrestamo, Carnet, Codigo, FDevolucion)
    VALUES ('2011-09-28 19:15:08', 31116510055015131173, 128859739, '2011-09-28 19:54:48');
INSERT INTO ASCII_Prestamos (FPrestamo, Carnet, Codigo, FDevolucion)
    VALUES ('2016-08-21 18:32:51', 31116510055015131173, 251337722, '2016-08-21 19:42:43');
INSERT INTO ASCII_Prestamos (FPrestamo, Carnet, Codigo, FDevolucion)
    VALUES ('2018-02-06 14:54:20', 31116510055015131173, 689302586, '2018-02-06 16:43:00');
INSERT INTO ASCII_Prestamos (FPrestamo, Carnet, Codigo, FDevolucion)
    VALUES ('2010-10-20 09:09:16', 31116510055015131173, 196486656, '2010-10-20 19:00:52');
INSERT INTO ASCII_Prestamos (FPrestamo, Carnet, Codigo, FDevolucion)
    VALUES ('2007-03-01 10:15:02', 31116510055015131173, 850083148, '2007-03-01 15:01:29');
INSERT INTO ASCII_Prestamos (FPrestamo, Carnet, Codigo, FDevolucion)
    VALUES ('2010-01-12 11:35:50', 31116510055015131173, 411723132, '2010-01-12 18:36:09');
INSERT INTO ASCII_Prestamos (FPrestamo, Carnet, Codigo, FDevolucion)
    VALUES ('2011-07-23 10:20:34', 31116510055015131173, 952346420, '2011-07-23 19:08:12');
INSERT INTO ASCII_Prestamos (FPrestamo, Carnet, Codigo, FDevolucion)
    VALUES ('2007-04-07 11:32:55', 31116510055015131173, 566157944, '2007-04-07 17:36:30');
INSERT INTO ASCII_Prestamos (FPrestamo, Carnet, Codigo, FDevolucion)
    VALUES ('2011-05-26 17:40:20', 31116510055015131173, 268609271, '2011-05-26 19:04:20');
INSERT INTO ASCII_Prestamos (FPrestamo, Carnet, Codigo, FDevolucion)
    VALUES ('2014-05-20 09:18:26', 31116510055015131173, 286701931, '2014-05-20 10:15:21');


---------------- NEW USER josefaesteban
INSERT INTO ASCII_Usuarios (Carnet, FAlta, Nombre, Apellidos, Apodo)
    VALUES (89319439131196676361, '2004-02-02 17:25:29', 'Samuel', 'Gelabert', 'josefaesteban');

INSERT INTO ASCII_Prestamos (FPrestamo, Carnet, Codigo, FDevolucion)
    VALUES ('2010-12-28 14:12:26', 89319439131196676361, 839730706, '2010-12-28 15:27:30');
INSERT INTO ASCII_Prestamos (FPrestamo, Carnet, Codigo, FDevolucion)
    VALUES ('2013-12-01 13:09:33', 89319439131196676361, 84694334, '2013-12-01 16:19:15');
INSERT INTO ASCII_Prestamos (FPrestamo, Carnet, Codigo, FDevolucion)
    VALUES ('2017-02-02 19:50:07', 89319439131196676361, 937697389, '2017-02-02 20:29:26');
INSERT INTO ASCII_Recomendaciones (Carnet, Base, Recomendacion)
 VALUES (89319439131196676361, 585184362, 937697389);
INSERT INTO ASCII_Prestamos (FPrestamo, Carnet, Codigo, FDevolucion)
    VALUES ('2007-08-24 18:13:32', 89319439131196676361, 170880022, '2007-08-24 19:51:58');
INSERT INTO ASCII_Prestamos (FPrestamo, Carnet, Codigo, FDevolucion)
    VALUES ('2011-09-16 18:37:45', 89319439131196676361, 271974491, '2011-09-16 20:15:54');
INSERT INTO ASCII_Prestamos (FPrestamo, Carnet, Codigo, FDevolucion)
    VALUES ('2018-09-22 12:33:53', 89319439131196676361, 369113628, '2018-09-22 19:15:29');
INSERT INTO ASCII_Prestamos (FPrestamo, Carnet, Codigo, FDevolucion)
    VALUES ('2004-07-27 17:36:20', 89319439131196676361, 467479744, '2004-07-27 20:13:51');
INSERT INTO ASCII_Prestamos (FPrestamo, Carnet, Codigo, FDevolucion)
    VALUES ('2014-01-13 12:23:16', 89319439131196676361, 822999051, '2014-01-13 19:39:46');
INSERT INTO ASCII_Prestamos (FPrestamo, Carnet, Codigo, FDevolucion)
    VALUES ('2007-07-27 17:20:01', 89319439131196676361, 964977585, '2007-07-27 18:53:31');
INSERT INTO ASCII_Prestamos (FPrestamo, Carnet, Codigo, FDevolucion)
    VALUES ('2008-07-24 10:16:15', 89319439131196676361, 677770956, '2008-07-24 17:05:47');
INSERT INTO ASCII_Recomendaciones (Carnet, Base, Recomendacion)
 VALUES (89319439131196676361, 510980242, 677770956);
INSERT INTO ASCII_Prestamos (FPrestamo, Carnet, Codigo, FDevolucion)
    VALUES ('2017-09-28 13:12:50', 89319439131196676361, 286701931, '2017-09-28 19:37:25');
INSERT INTO ASCII_Prestamos (FPrestamo, Carnet, Codigo, FDevolucion)
    VALUES ('2014-07-10 09:29:25', 89319439131196676361, 196486656, '2014-07-10 17:09:13');
INSERT INTO ASCII_Prestamos (FPrestamo, Carnet, Codigo, FDevolucion)
    VALUES ('2007-10-18 14:48:12', 89319439131196676361, 950526760, '2007-10-18 16:28:19');


---------------- NEW USER vbaez
INSERT INTO ASCII_Usuarios (Carnet, FAlta, Nombre, Apellidos, Apodo)
    VALUES (7794504897566117177, '1994-12-24 10:12:37', 'Martin', 'Coll', 'vbaez');

INSERT INTO ASCII_Prestamos (FPrestamo, Carnet, Codigo, FDevolucion)
    VALUES ('2004-10-03 10:56:15', 7794504897566117177, 953850576, '2004-10-03 16:36:58');
INSERT INTO ASCII_Prestamos (FPrestamo, Carnet, Codigo, FDevolucion)
    VALUES ('1999-08-19 16:20:04', 7794504897566117177, 672049130, '1999-08-19 20:13:15');
INSERT INTO ASCII_Prestamos (FPrestamo, Carnet, Codigo, FDevolucion)
    VALUES ('2000-06-04 17:30:59', 7794504897566117177, 838188769, '2000-06-04 17:39:14');
INSERT INTO ASCII_Prestamos (FPrestamo, Carnet, Codigo, FDevolucion)
    VALUES ('2005-06-29 12:21:04', 7794504897566117177, 361185658, '2005-06-29 20:19:24');
INSERT INTO ASCII_Prestamos (FPrestamo, Carnet, Codigo, FDevolucion)
    VALUES ('1997-04-30 16:31:35', 7794504897566117177, 250884700, '1997-04-30 16:49:11');
INSERT INTO ASCII_Prestamos (FPrestamo, Carnet, Codigo, FDevolucion)
    VALUES ('1996-04-09 19:14:08', 7794504897566117177, 670546869, '1996-04-09 19:39:52');
INSERT INTO ASCII_Prestamos (FPrestamo, Carnet, Codigo, FDevolucion)
    VALUES ('1995-01-06 12:03:07', 7794504897566117177, 927955996, '1995-01-06 15:42:45');
INSERT INTO ASCII_Prestamos (FPrestamo, Carnet, Codigo, FDevolucion)
    VALUES ('2009-04-27 13:15:08', 7794504897566117177, 37958394, '2009-04-27 16:39:36');
INSERT INTO ASCII_Prestamos (FPrestamo, Carnet, Codigo, FDevolucion)
    VALUES ('1995-09-17 11:54:22', 7794504897566117177, 621287267, '1995-09-17 20:28:32');
INSERT INTO ASCII_Prestamos (FPrestamo, Carnet, Codigo, FDevolucion)
    VALUES ('2012-03-25 18:28:59', 7794504897566117177, 626508891, '2012-03-25 18:31:10');
INSERT INTO ASCII_Prestamos (FPrestamo, Carnet, Codigo, FDevolucion)
    VALUES ('2004-02-16 18:35:04', 7794504897566117177, 571247667, '2004-02-16 19:31:13');
INSERT INTO ASCII_Prestamos (FPrestamo, Carnet, Codigo, FDevolucion)
    VALUES ('2001-06-08 09:37:09', 7794504897566117177, 361185658, '2001-06-08 10:03:20');
INSERT INTO ASCII_Prestamos (FPrestamo, Carnet, Codigo, FDevolucion)
    VALUES ('1995-08-22 11:26:57', 7794504897566117177, 804481452, '1995-08-22 18:06:13');
INSERT INTO ASCII_Prestamos (FPrestamo, Carnet, Codigo, FDevolucion)
    VALUES ('2011-06-26 13:04:59', 7794504897566117177, 308179286, '2011-06-26 14:10:21');
INSERT INTO ASCII_Prestamos (FPrestamo, Carnet, Codigo, FDevolucion)
    VALUES ('2001-05-10 15:50:48', 7794504897566117177, 672049130, '2001-05-10 19:51:58');
INSERT INTO ASCII_Prestamos (FPrestamo, Carnet, Codigo, FDevolucion)
    VALUES ('2015-03-04 09:27:43', 7794504897566117177, 698357582, '2015-03-04 17:59:45');
INSERT INTO ASCII_Recomendaciones (Carnet, Base, Recomendacion)
 VALUES (7794504897566117177, 518990411, 698357582);
INSERT INTO ASCII_Prestamos (FPrestamo, Carnet, Codigo, FDevolucion)
    VALUES ('2009-07-03 11:23:46', 7794504897566117177, 462839979, '2009-07-03 11:43:46');
INSERT INTO ASCII_Recomendaciones (Carnet, Base, Recomendacion)
 VALUES (7794504897566117177, 971648177, 462839979);
INSERT INTO ASCII_Prestamos (FPrestamo, Carnet, Codigo, FDevolucion)
    VALUES ('1999-05-16 10:59:31', 7794504897566117177, 230128811, '1999-05-16 19:47:36');
INSERT INTO ASCII_Prestamos (FPrestamo, Carnet, Codigo, FDevolucion)
    VALUES ('2010-06-24 13:10:55', 7794504897566117177, 156146678, '2010-06-24 16:25:54');
INSERT INTO ASCII_Prestamos (FPrestamo, Carnet, Codigo, FDevolucion)
    VALUES ('2018-08-27 12:14:36', 7794504897566117177, 561655840, '2018-08-27 18:42:24');
INSERT INTO ASCII_Prestamos (FPrestamo, Carnet, Codigo, FDevolucion)
    VALUES ('2012-02-08 17:57:05', 7794504897566117177, 758589576, '2012-02-08 20:16:10');
INSERT INTO ASCII_Prestamos (FPrestamo, Carnet, Codigo, FDevolucion)
    VALUES ('2004-03-28 15:18:08', 7794504897566117177, 265953115, '2004-03-28 15:37:36');
INSERT INTO ASCII_Prestamos (FPrestamo, Carnet, Codigo, FDevolucion)
    VALUES ('2012-10-24 18:29:05', 7794504897566117177, 566157944, '2012-10-24 18:30:40');
INSERT INTO ASCII_Prestamos (FPrestamo, Carnet, Codigo, FDevolucion)
    VALUES ('2008-02-13 09:57:20', 7794504897566117177, 242380829, '2008-02-13 16:56:42');
INSERT INTO ASCII_Prestamos (FPrestamo, Carnet, Codigo, FDevolucion)
    VALUES ('2018-04-26 15:24:57', 7794504897566117177, 857051941, '2018-04-26 16:15:44');
INSERT INTO ASCII_Prestamos (FPrestamo, Carnet, Codigo, FDevolucion)
    VALUES ('1997-04-07 12:53:54', 7794504897566117177, 670546869, '1997-04-07 14:04:06');
INSERT INTO ASCII_Prestamos (FPrestamo, Carnet, Codigo, FDevolucion)
    VALUES ('2005-03-31 14:45:51', 7794504897566117177, 626508891, '2005-03-31 16:27:10');
INSERT INTO ASCII_Prestamos (FPrestamo, Carnet, Codigo, FDevolucion)
    VALUES ('2002-02-07 16:20:35', 7794504897566117177, 156146678, '2002-02-07 17:51:17');
INSERT INTO ASCII_Prestamos (FPrestamo, Carnet, Codigo, FDevolucion)
    VALUES ('2009-08-27 10:41:36', 7794504897566117177, 964977585, '2009-08-27 11:28:37');
INSERT INTO ASCII_Prestamos (FPrestamo, Carnet, Codigo, FDevolucion)
    VALUES ('1997-07-20 10:45:00', 7794504897566117177, 37958394, '1997-07-20 17:14:16');
INSERT INTO ASCII_Recomendaciones (Carnet, Base, Recomendacion)
 VALUES (7794504897566117177, 341971670, 37958394);
INSERT INTO ASCII_Prestamos (FPrestamo, Carnet, Codigo, FDevolucion)
    VALUES ('2017-10-24 10:29:51', 7794504897566117177, 927955996, '2017-10-24 13:28:44');
INSERT INTO ASCII_Prestamos (FPrestamo, Carnet, Codigo, FDevolucion)
    VALUES ('2014-02-07 17:22:07', 7794504897566117177, 155192418, '2014-02-07 19:36:13');
INSERT INTO ASCII_Prestamos (FPrestamo, Carnet, Codigo, FDevolucion)
    VALUES ('2013-01-26 10:57:14', 7794504897566117177, 428001381, '2013-01-26 12:00:24');
INSERT INTO ASCII_Prestamos (FPrestamo, Carnet, Codigo, FDevolucion)
    VALUES ('2015-06-29 11:11:58', 7794504897566117177, 698357582, '2015-06-29 17:36:26');
INSERT INTO ASCII_Recomendaciones (Carnet, Base, Recomendacion)
 VALUES (7794504897566117177, 991317338, 698357582);
INSERT INTO ASCII_Prestamos (FPrestamo, Carnet, Codigo, FDevolucion)
    VALUES ('2017-12-22 15:36:16', 7794504897566117177, 242380829, '2017-12-22 16:44:25');
INSERT INTO ASCII_Prestamos (FPrestamo, Carnet, Codigo, FDevolucion)
    VALUES ('2006-01-17 14:23:03', 7794504897566117177, 868808044, '2006-01-17 16:22:39');
INSERT INTO ASCII_Prestamos (FPrestamo, Carnet, Codigo, FDevolucion)
    VALUES ('2008-05-20 13:48:29', 7794504897566117177, 47554194, '2008-05-20 15:40:31');
INSERT INTO ASCII_Prestamos (FPrestamo, Carnet, Codigo, FDevolucion)
    VALUES ('1998-08-06 19:58:35', 7794504897566117177, 251337722, '1998-08-06 20:48:49');
INSERT INTO ASCII_Prestamos (FPrestamo, Carnet, Codigo, FDevolucion)
    VALUES ('1998-08-04 19:02:12', 7794504897566117177, 837424856, '1998-08-04 19:45:49');
INSERT INTO ASCII_Prestamos (FPrestamo, Carnet, Codigo, FDevolucion)
    VALUES ('2002-09-10 14:59:20', 7794504897566117177, 958333580, '2002-09-10 20:48:21');
INSERT INTO ASCII_Prestamos (FPrestamo, Carnet, Codigo, FDevolucion)
    VALUES ('2016-07-16 15:12:42', 7794504897566117177, 507490311, '2016-07-16 16:36:24');
INSERT INTO ASCII_Prestamos (FPrestamo, Carnet, Codigo, FDevolucion)
    VALUES ('2007-10-24 12:11:19', 7794504897566117177, 758589576, '2007-10-24 14:22:22');
INSERT INTO ASCII_Prestamos (FPrestamo, Carnet, Codigo, FDevolucion)
    VALUES ('2006-05-17 17:01:03', 7794504897566117177, 286701931, '2006-05-17 19:32:31');
INSERT INTO ASCII_Prestamos (FPrestamo, Carnet, Codigo, FDevolucion)
    VALUES ('2017-12-23 11:57:44', 7794504897566117177, 230128811, '2017-12-23 18:25:57');
INSERT INTO ASCII_Prestamos (FPrestamo, Carnet, Codigo, FDevolucion)
    VALUES ('1999-05-22 18:05:36', 7794504897566117177, 467479744, '1999-05-22 18:30:07');
INSERT INTO ASCII_Prestamos (FPrestamo, Carnet, Codigo, FDevolucion)
    VALUES ('2002-09-01 11:39:41', 7794504897566117177, 489855290, '2002-09-01 15:26:54');
INSERT INTO ASCII_Prestamos (FPrestamo, Carnet, Codigo, FDevolucion)
    VALUES ('1997-04-16 10:33:23', 7794504897566117177, 507490311, '1997-04-16 10:42:54');
INSERT INTO ASCII_Recomendaciones (Carnet, Base, Recomendacion)
 VALUES (7794504897566117177, 393545356, 507490311);
INSERT INTO ASCII_Prestamos (FPrestamo, Carnet, Codigo, FDevolucion)
    VALUES ('2005-11-09 16:33:05', 7794504897566117177, 902512489, '2005-11-09 19:18:02');
INSERT INTO ASCII_Prestamos (FPrestamo, Carnet, Codigo, FDevolucion)
    VALUES ('2002-12-26 14:17:59', 7794504897566117177, 542097873, '2002-12-26 17:25:46');
INSERT INTO ASCII_Prestamos (FPrestamo, Carnet, Codigo, FDevolucion)
    VALUES ('2009-05-16 13:38:51', 7794504897566117177, 230128811, '2009-05-16 14:33:17');
INSERT INTO ASCII_Prestamos (FPrestamo, Carnet, Codigo, FDevolucion)
    VALUES ('2008-06-11 14:59:05', 7794504897566117177, 419138522, '2008-06-11 19:40:31');


---------------- NEW USER coronadogloria
INSERT INTO ASCII_Usuarios (Carnet, FAlta, Nombre, Apellidos, Apodo)
    VALUES (60409988470103485874, '2018-04-27 14:39:52', 'Olga', 'Falcó', 'coronadogloria');

INSERT INTO ASCII_Prestamos (FPrestamo, Carnet, Codigo, FDevolucion)
    VALUES ('2018-04-28 10:04:29', 60409988470103485874, 927955996, '2018-04-28 16:11:10');
INSERT INTO ASCII_Prestamos (FPrestamo, Carnet, Codigo, FDevolucion)
    VALUES ('2018-08-31 16:30:38', 60409988470103485874, 643443091, '2018-09-01 02:53:10');
INSERT INTO ASCII_Prestamos (FPrestamo, Carnet, Codigo, FDevolucion)
    VALUES ('2018-11-26 12:40:57', 60409988470103485874, 982622725, '2018-11-26 17:18:39');
INSERT INTO ASCII_Prestamos (FPrestamo, Carnet, Codigo, FDevolucion)
    VALUES ('2018-11-20 17:46:12', 60409988470103485874, 758589576, '2018-11-20 20:12:55');
INSERT INTO ASCII_Prestamos (FPrestamo, Carnet, Codigo, FDevolucion)
    VALUES ('2018-07-27 17:21:01', 60409988470103485874, 953850576, '2018-07-27 17:44:28');
INSERT INTO ASCII_Prestamos (FPrestamo, Carnet, Codigo, FDevolucion)
    VALUES ('2018-08-16 14:08:18', 60409988470103485874, 845078739, '2018-08-16 19:31:21');


---------------- NEW USER elaguna
INSERT INTO ASCII_Usuarios (Carnet, FAlta, Nombre, Apellidos, Apodo)
    VALUES (7715585123740455613, '2018-08-24 18:16:45', 'Mireia', 'Almazán-Barrera', 'elaguna');

INSERT INTO ASCII_Prestamos (FPrestamo, Carnet, Codigo, FDevolucion)
    VALUES ('2018-08-29 15:02:05', 7715585123740455613, 409476072, '2018-08-29 16:59:55');
INSERT INTO ASCII_Prestamos (FPrestamo, Carnet, Codigo, FDevolucion)
    VALUES ('2018-11-09 18:11:39', 7715585123740455613, 952346420, '2018-11-09 19:49:39');
INSERT INTO ASCII_Prestamos (FPrestamo, Carnet, Codigo, FDevolucion)
    VALUES ('2018-10-09 14:58:34', 7715585123740455613, 952346420, '2018-10-09 20:41:21');


---------------- NEW USER mario14
INSERT INTO ASCII_Usuarios (Carnet, FAlta, Nombre, Apellidos, Apodo)
    VALUES (80391205767254046532, '1996-07-01 20:07:24', 'Yolanda', 'Canales', 'mario14');

INSERT INTO ASCII_Prestamos (FPrestamo, Carnet, Codigo, FDevolucion)
    VALUES ('2010-02-10 10:17:08', 80391205767254046532, 196486656, '2010-02-10 16:05:24');
INSERT INTO ASCII_Prestamos (FPrestamo, Carnet, Codigo, FDevolucion)
    VALUES ('2010-04-16 09:05:56', 80391205767254046532, 804481452, '2010-04-16 13:11:54');
INSERT INTO ASCII_Prestamos (FPrestamo, Carnet, Codigo, FDevolucion)
    VALUES ('2000-01-03 11:15:51', 80391205767254046532, 657948358, '2000-01-03 17:28:37');
INSERT INTO ASCII_Prestamos (FPrestamo, Carnet, Codigo, FDevolucion)
    VALUES ('2001-04-26 11:28:53', 80391205767254046532, 250884700, '2001-04-26 12:48:51');
INSERT INTO ASCII_Prestamos (FPrestamo, Carnet, Codigo, FDevolucion)
    VALUES ('2007-03-23 18:36:46', 80391205767254046532, 268609271, '2007-03-23 19:26:57');
INSERT INTO ASCII_Prestamos (FPrestamo, Carnet, Codigo, FDevolucion)
    VALUES ('1997-05-12 09:33:06', 80391205767254046532, 672049130, '1997-05-12 15:46:02');
INSERT INTO ASCII_Prestamos (FPrestamo, Carnet, Codigo, FDevolucion)
    VALUES ('2000-05-17 15:51:42', 80391205767254046532, 361185658, '2000-05-17 19:52:07');
INSERT INTO ASCII_Prestamos (FPrestamo, Carnet, Codigo, FDevolucion)
    VALUES ('2009-09-04 11:16:30', 80391205767254046532, 201222074, '2009-09-04 13:20:07');
INSERT INTO ASCII_Prestamos (FPrestamo, Carnet, Codigo, FDevolucion)
    VALUES ('2011-06-30 19:27:39', 80391205767254046532, 156146678, '2011-06-30 20:23:40');
INSERT INTO ASCII_Recomendaciones (Carnet, Base, Recomendacion)
 VALUES (80391205767254046532, 361185658, 156146678);
INSERT INTO ASCII_Prestamos (FPrestamo, Carnet, Codigo, FDevolucion)
    VALUES ('2016-12-24 19:53:51', 80391205767254046532, 804481452, '2016-12-24 20:25:10');
INSERT INTO ASCII_Prestamos (FPrestamo, Carnet, Codigo, FDevolucion)
    VALUES ('2005-08-10 09:20:22', 80391205767254046532, 430588711, '2005-08-10 14:47:17');
INSERT INTO ASCII_Prestamos (FPrestamo, Carnet, Codigo, FDevolucion)
    VALUES ('2008-03-06 18:02:38', 80391205767254046532, 242380829, '2008-03-06 18:30:43');
INSERT INTO ASCII_Prestamos (FPrestamo, Carnet, Codigo, FDevolucion)
    VALUES ('2008-11-04 10:46:27', 80391205767254046532, 925327567, '2008-11-04 15:39:02');
INSERT INTO ASCII_Prestamos (FPrestamo, Carnet, Codigo, FDevolucion)
    VALUES ('2007-07-30 12:40:28', 80391205767254046532, 587137439, '2007-07-30 12:52:16');
INSERT INTO ASCII_Prestamos (FPrestamo, Carnet, Codigo, FDevolucion)
    VALUES ('2008-09-22 16:26:51', 80391205767254046532, 131733386, '2008-09-22 16:47:11');
INSERT INTO ASCII_Prestamos (FPrestamo, Carnet, Codigo, FDevolucion)
    VALUES ('2003-06-15 10:42:53', 80391205767254046532, 131733386, '2003-06-15 13:57:34');
INSERT INTO ASCII_Prestamos (FPrestamo, Carnet, Codigo, FDevolucion)
    VALUES ('2009-10-28 16:11:23', 80391205767254046532, 604208493, '2009-10-28 17:28:02');
INSERT INTO ASCII_Prestamos (FPrestamo, Carnet, Codigo, FDevolucion)
    VALUES ('2017-03-07 17:05:11', 80391205767254046532, 685941400, '2017-03-07 17:53:40');
INSERT INTO ASCII_Prestamos (FPrestamo, Carnet, Codigo, FDevolucion)
    VALUES ('2008-09-27 16:51:26', 80391205767254046532, 195144846, '2008-09-27 18:37:47');
INSERT INTO ASCII_Prestamos (FPrestamo, Carnet, Codigo, FDevolucion)
    VALUES ('2001-03-18 19:00:47', 80391205767254046532, 685941400, '2001-03-18 19:46:55');
INSERT INTO ASCII_Prestamos (FPrestamo, Carnet, Codigo, FDevolucion)
    VALUES ('2001-11-03 19:26:13', 80391205767254046532, 838188769, '2001-11-03 20:24:50');
INSERT INTO ASCII_Prestamos (FPrestamo, Carnet, Codigo, FDevolucion)
    VALUES ('1997-10-09 13:50:40', 80391205767254046532, 930265900, '1997-10-09 19:03:30');
INSERT INTO ASCII_Recomendaciones (Carnet, Base, Recomendacion)
 VALUES (80391205767254046532, 527398674, 930265900);
INSERT INTO ASCII_Prestamos (FPrestamo, Carnet, Codigo, FDevolucion)
    VALUES ('2004-05-22 11:49:36', 80391205767254046532, 571247667, '2004-05-22 18:13:17');
INSERT INTO ASCII_Recomendaciones (Carnet, Base, Recomendacion)
 VALUES (80391205767254046532, 953850576, 571247667);
INSERT INTO ASCII_Prestamos (FPrestamo, Carnet, Codigo, FDevolucion)
    VALUES ('2004-01-18 16:46:10', 80391205767254046532, 341971670, '2004-01-18 20:40:06');
INSERT INTO ASCII_Prestamos (FPrestamo, Carnet, Codigo, FDevolucion)
    VALUES ('2013-05-16 17:14:34', 80391205767254046532, 435077835, '2013-05-16 19:50:32');
INSERT INTO ASCII_Prestamos (FPrestamo, Carnet, Codigo, FDevolucion)
    VALUES ('2012-01-30 15:41:41', 80391205767254046532, 672049130, '2012-01-30 17:56:03');
INSERT INTO ASCII_Prestamos (FPrestamo, Carnet, Codigo, FDevolucion)
    VALUES ('2008-07-02 14:22:26', 80391205767254046532, 659625461, '2008-07-02 17:03:15');
INSERT INTO ASCII_Prestamos (FPrestamo, Carnet, Codigo, FDevolucion)
    VALUES ('1997-04-16 19:29:28', 80391205767254046532, 37958394, '1997-04-16 20:13:51');
INSERT INTO ASCII_Prestamos (FPrestamo, Carnet, Codigo, FDevolucion)
    VALUES ('2008-02-15 12:04:51', 80391205767254046532, 170880022, '2008-02-15 17:05:55');
INSERT INTO ASCII_Prestamos (FPrestamo, Carnet, Codigo, FDevolucion)
    VALUES ('1996-11-01 18:41:33', 80391205767254046532, 196486656, '1996-11-01 18:43:28');
INSERT INTO ASCII_Prestamos (FPrestamo, Carnet, Codigo, FDevolucion)
    VALUES ('2017-04-07 12:32:27', 80391205767254046532, 669879732, '2017-04-07 13:17:44');
INSERT INTO ASCII_Prestamos (FPrestamo, Carnet, Codigo, FDevolucion)
    VALUES ('2016-08-31 18:29:16', 80391205767254046532, 341971670, '2016-08-31 18:50:23');
INSERT INTO ASCII_Recomendaciones (Carnet, Base, Recomendacion)
 VALUES (80391205767254046532, 902512489, 341971670);
INSERT INTO ASCII_Prestamos (FPrestamo, Carnet, Codigo, FDevolucion)
    VALUES ('2017-03-17 15:50:33', 80391205767254046532, 308179286, '2017-03-17 19:05:53');
INSERT INTO ASCII_Prestamos (FPrestamo, Carnet, Codigo, FDevolucion)
    VALUES ('2002-02-01 11:20:06', 80391205767254046532, 800955108, '2002-02-01 20:01:52');
INSERT INTO ASCII_Prestamos (FPrestamo, Carnet, Codigo, FDevolucion)
    VALUES ('2001-08-05 15:16:37', 80391205767254046532, 902512489, '2001-08-05 16:44:53');
INSERT INTO ASCII_Prestamos (FPrestamo, Carnet, Codigo, FDevolucion)
    VALUES ('1997-01-07 17:05:06', 80391205767254046532, 411723132, '1997-01-07 17:58:06');
INSERT INTO ASCII_Recomendaciones (Carnet, Base, Recomendacion)
 VALUES (80391205767254046532, 37958394, 411723132);
INSERT INTO ASCII_Prestamos (FPrestamo, Carnet, Codigo, FDevolucion)
    VALUES ('2018-02-07 15:38:45', 80391205767254046532, 890814220, '2018-02-07 16:11:11');
INSERT INTO ASCII_Prestamos (FPrestamo, Carnet, Codigo, FDevolucion)
    VALUES ('2017-12-04 14:44:02', 80391205767254046532, 270103881, '2017-12-04 15:46:17');
INSERT INTO ASCII_Prestamos (FPrestamo, Carnet, Codigo, FDevolucion)
    VALUES ('1998-04-08 12:57:34', 80391205767254046532, 599287974, '1998-04-08 16:09:34');
INSERT INTO ASCII_Prestamos (FPrestamo, Carnet, Codigo, FDevolucion)
    VALUES ('2000-06-27 15:38:46', 80391205767254046532, 37958394, '2000-06-27 19:36:59');
INSERT INTO ASCII_Prestamos (FPrestamo, Carnet, Codigo, FDevolucion)
    VALUES ('2009-08-20 18:22:22', 80391205767254046532, 462839979, '2009-08-20 19:03:10');
INSERT INTO ASCII_Prestamos (FPrestamo, Carnet, Codigo, FDevolucion)
    VALUES ('2008-08-27 18:46:53', 80391205767254046532, 41169864, '2008-08-27 19:04:24');
INSERT INTO ASCII_Prestamos (FPrestamo, Carnet, Codigo, FDevolucion)
    VALUES ('2005-07-07 12:15:57', 80391205767254046532, 566157944, '2005-07-07 18:48:08');
INSERT INTO ASCII_Prestamos (FPrestamo, Carnet, Codigo, FDevolucion)
    VALUES ('1997-03-27 17:46:59', 80391205767254046532, 857051941, '1997-03-27 18:49:33');
INSERT INTO ASCII_Prestamos (FPrestamo, Carnet, Codigo, FDevolucion)
    VALUES ('2008-04-16 13:22:57', 80391205767254046532, 585184362, '2008-04-16 17:33:26');
INSERT INTO ASCII_Recomendaciones (Carnet, Base, Recomendacion)
 VALUES (80391205767254046532, 868808044, 585184362);
INSERT INTO ASCII_Prestamos (FPrestamo, Carnet, Codigo, FDevolucion)
    VALUES ('2004-12-13 09:57:48', 80391205767254046532, 85574695, '2004-12-13 15:52:29');
INSERT INTO ASCII_Prestamos (FPrestamo, Carnet, Codigo, FDevolucion)
    VALUES ('2006-11-30 14:26:18', 80391205767254046532, 131733386, '2006-11-30 17:19:53');
INSERT INTO ASCII_Prestamos (FPrestamo, Carnet, Codigo, FDevolucion)
    VALUES ('2011-11-20 17:25:50', 80391205767254046532, 971648177, '2011-11-20 17:38:20');
INSERT INTO ASCII_Prestamos (FPrestamo, Carnet, Codigo, FDevolucion)
    VALUES ('2010-08-21 09:32:13', 80391205767254046532, 307357928, '2010-08-21 15:21:46');
INSERT INTO ASCII_Prestamos (FPrestamo, Carnet, Codigo, FDevolucion)
    VALUES ('2007-09-12 15:52:07', 80391205767254046532, 982622725, '2007-09-12 16:35:28');
INSERT INTO ASCII_Prestamos (FPrestamo, Carnet, Codigo, FDevolucion)
    VALUES ('2010-10-26 14:52:02', 80391205767254046532, 698357582, '2010-10-26 19:03:28');
INSERT INTO ASCII_Prestamos (FPrestamo, Carnet, Codigo, FDevolucion)
    VALUES ('1998-08-10 15:40:18', 80391205767254046532, 950526760, '1998-08-10 19:25:38');
INSERT INTO ASCII_Prestamos (FPrestamo, Carnet, Codigo, FDevolucion)
    VALUES ('2009-09-23 11:16:26', 80391205767254046532, 9966371, '2009-09-23 16:38:22');
INSERT INTO ASCII_Prestamos (FPrestamo, Carnet, Codigo, FDevolucion)
    VALUES ('1996-11-11 12:11:23', 80391205767254046532, 647931245, '1996-11-11 17:21:50');
INSERT INTO ASCII_Prestamos (FPrestamo, Carnet, Codigo, FDevolucion)
    VALUES ('2017-01-22 19:22:16', 80391205767254046532, 37958394, '2017-01-22 19:56:10');
INSERT INTO ASCII_Prestamos (FPrestamo, Carnet, Codigo, FDevolucion)
    VALUES ('2015-12-05 13:25:38', 80391205767254046532, 804481452, '2015-12-05 18:50:36');
INSERT INTO ASCII_Recomendaciones (Carnet, Base, Recomendacion)
 VALUES (80391205767254046532, 84694334, 804481452);
INSERT INTO ASCII_Prestamos (FPrestamo, Carnet, Codigo, FDevolucion)
    VALUES ('2017-07-28 13:01:14', 80391205767254046532, 927955996, '2017-07-28 17:42:58');
INSERT INTO ASCII_Prestamos (FPrestamo, Carnet, Codigo, FDevolucion)
    VALUES ('1998-07-31 19:18:38', 80391205767254046532, 887208567, '1998-07-31 19:25:56');
INSERT INTO ASCII_Prestamos (FPrestamo, Carnet, Codigo, FDevolucion)
    VALUES ('2012-07-10 11:24:21', 80391205767254046532, 507490311, '2012-07-10 13:25:57');
INSERT INTO ASCII_Prestamos (FPrestamo, Carnet, Codigo, FDevolucion)
    VALUES ('2010-01-19 15:19:00', 80391205767254046532, 864419312, '2010-01-19 18:50:14');
INSERT INTO ASCII_Prestamos (FPrestamo, Carnet, Codigo, FDevolucion)
    VALUES ('2007-07-15 12:52:54', 80391205767254046532, 599287974, '2007-07-15 22:45:02');
INSERT INTO ASCII_Prestamos (FPrestamo, Carnet, Codigo, FDevolucion)
    VALUES ('2012-09-29 13:52:38', 80391205767254046532, 837424856, '2012-09-29 16:30:58');
INSERT INTO ASCII_Prestamos (FPrestamo, Carnet, Codigo, FDevolucion)
    VALUES ('2008-09-30 16:30:17', 80391205767254046532, 409476072, '2008-09-30 17:33:35');
INSERT INTO ASCII_Prestamos (FPrestamo, Carnet, Codigo, FDevolucion)
    VALUES ('2012-09-23 18:09:26', 80391205767254046532, 524284071, '2012-09-23 18:16:21');
INSERT INTO ASCII_Prestamos (FPrestamo, Carnet, Codigo, FDevolucion)
    VALUES ('2013-03-12 18:02:11', 80391205767254046532, 561655840, '2013-03-12 18:58:23');
INSERT INTO ASCII_Prestamos (FPrestamo, Carnet, Codigo, FDevolucion)
    VALUES ('2000-05-17 19:20:06', 80391205767254046532, 677770956, '2000-05-17 20:14:55');
INSERT INTO ASCII_Prestamos (FPrestamo, Carnet, Codigo, FDevolucion)
    VALUES ('1999-11-25 09:57:06', 80391205767254046532, 250884700, '1999-11-25 18:02:44');
INSERT INTO ASCII_Prestamos (FPrestamo, Carnet, Codigo, FDevolucion)
    VALUES ('2017-09-11 16:25:06', 80391205767254046532, 617920706, '2017-09-11 19:21:12');
INSERT INTO ASCII_Prestamos (FPrestamo, Carnet, Codigo, FDevolucion)
    VALUES ('2003-10-11 10:26:58', 80391205767254046532, 196486656, '2003-10-11 17:50:38');
INSERT INTO ASCII_Prestamos (FPrestamo, Carnet, Codigo, FDevolucion)
    VALUES ('2014-02-16 18:44:48', 80391205767254046532, 430588711, '2014-02-16 20:22:46');
INSERT INTO ASCII_Prestamos (FPrestamo, Carnet, Codigo, FDevolucion)
    VALUES ('2016-02-21 13:10:47', 80391205767254046532, 411723132, '2016-02-21 13:56:50');
INSERT INTO ASCII_Prestamos (FPrestamo, Carnet, Codigo, FDevolucion)
    VALUES ('1999-12-19 15:17:50', 80391205767254046532, 890814220, '1999-12-19 16:53:57');
INSERT INTO ASCII_Prestamos (FPrestamo, Carnet, Codigo, FDevolucion)
    VALUES ('2002-07-06 10:27:37', 80391205767254046532, 954808125, '2002-07-06 19:19:27');
INSERT INTO ASCII_Prestamos (FPrestamo, Carnet, Codigo, FDevolucion)
    VALUES ('2013-04-29 12:43:55', 80391205767254046532, 106749821, '2013-04-29 13:49:50');
INSERT INTO ASCII_Prestamos (FPrestamo, Carnet, Codigo, FDevolucion)
    VALUES ('2011-02-26 18:53:20', 80391205767254046532, 206123333, '2011-02-26 20:05:05');
INSERT INTO ASCII_Recomendaciones (Carnet, Base, Recomendacion)
 VALUES (80391205767254046532, 196486656, 206123333);
INSERT INTO ASCII_Prestamos (FPrestamo, Carnet, Codigo, FDevolucion)
    VALUES ('2002-06-12 16:55:53', 80391205767254046532, 308179286, '2002-06-12 19:13:41');
INSERT INTO ASCII_Prestamos (FPrestamo, Carnet, Codigo, FDevolucion)
    VALUES ('2002-09-16 13:19:01', 80391205767254046532, 462839979, '2002-09-16 17:16:22');
INSERT INTO ASCII_Prestamos (FPrestamo, Carnet, Codigo, FDevolucion)
    VALUES ('1998-06-22 18:47:37', 80391205767254046532, 369113628, '1998-06-22 20:16:17');
INSERT INTO ASCII_Prestamos (FPrestamo, Carnet, Codigo, FDevolucion)
    VALUES ('2013-02-18 09:50:22', 80391205767254046532, 669879732, '2013-02-18 12:51:40');
INSERT INTO ASCII_Prestamos (FPrestamo, Carnet, Codigo, FDevolucion)
    VALUES ('2011-07-17 11:27:55', 80391205767254046532, 700258093, '2011-07-17 16:24:28');
INSERT INTO ASCII_Prestamos (FPrestamo, Carnet, Codigo, FDevolucion)
    VALUES ('2018-09-02 18:22:52', 80391205767254046532, 467479744, '2018-09-02 19:56:33');
INSERT INTO ASCII_Prestamos (FPrestamo, Carnet, Codigo, FDevolucion)
    VALUES ('2003-07-04 13:00:14', 80391205767254046532, 890814220, '2003-07-04 15:22:29');
INSERT INTO ASCII_Prestamos (FPrestamo, Carnet, Codigo, FDevolucion)
    VALUES ('2002-02-07 18:47:41', 80391205767254046532, 822999051, '2002-02-07 20:34:11');
INSERT INTO ASCII_Prestamos (FPrestamo, Carnet, Codigo, FDevolucion)
    VALUES ('2000-05-29 18:43:26', 80391205767254046532, 626508891, '2000-05-29 19:11:02');
INSERT INTO ASCII_Prestamos (FPrestamo, Carnet, Codigo, FDevolucion)
    VALUES ('2017-12-03 12:24:36', 80391205767254046532, 268609271, '2017-12-03 17:54:25');
INSERT INTO ASCII_Prestamos (FPrestamo, Carnet, Codigo, FDevolucion)
    VALUES ('2005-01-14 14:45:45', 80391205767254046532, 571247667, '2005-01-14 16:35:01');
INSERT INTO ASCII_Prestamos (FPrestamo, Carnet, Codigo, FDevolucion)
    VALUES ('2018-09-14 17:48:05', 80391205767254046532, 964977585, '2018-09-14 17:51:12');
INSERT INTO ASCII_Prestamos (FPrestamo, Carnet, Codigo, FDevolucion)
    VALUES ('2004-07-27 16:14:50', 80391205767254046532, 393545356, '2004-07-27 17:53:25');
INSERT INTO ASCII_Prestamos (FPrestamo, Carnet, Codigo, FDevolucion)
    VALUES ('2001-04-11 15:50:51', 80391205767254046532, 230128811, '2001-04-11 16:41:17');
INSERT INTO ASCII_Prestamos (FPrestamo, Carnet, Codigo, FDevolucion)
    VALUES ('2016-04-18 15:22:20', 80391205767254046532, 37958394, '2016-04-18 17:50:57');
INSERT INTO ASCII_Prestamos (FPrestamo, Carnet, Codigo, FDevolucion)
    VALUES ('2007-01-21 18:35:06', 80391205767254046532, 845078739, '2007-01-21 19:58:54');
INSERT INTO ASCII_Prestamos (FPrestamo, Carnet, Codigo, FDevolucion)
    VALUES ('2001-08-01 19:55:34', 80391205767254046532, 251337722, '2001-08-01 20:25:44');
INSERT INTO ASCII_Recomendaciones (Carnet, Base, Recomendacion)
 VALUES (80391205767254046532, 271974491, 251337722);
INSERT INTO ASCII_Prestamos (FPrestamo, Carnet, Codigo, FDevolucion)
    VALUES ('1999-01-12 10:08:02', 80391205767254046532, 566157944, '1999-01-12 18:37:10');
INSERT INTO ASCII_Prestamos (FPrestamo, Carnet, Codigo, FDevolucion)
    VALUES ('1996-09-19 12:54:31', 80391205767254046532, 341971670, '1996-09-19 20:29:17');
INSERT INTO ASCII_Prestamos (FPrestamo, Carnet, Codigo, FDevolucion)
    VALUES ('2015-03-03 15:45:08', 80391205767254046532, 361185658, '2015-03-03 20:38:05');
INSERT INTO ASCII_Recomendaciones (Carnet, Base, Recomendacion)
 VALUES (80391205767254046532, 47554194, 361185658);
INSERT INTO ASCII_Prestamos (FPrestamo, Carnet, Codigo, FDevolucion)
    VALUES ('2013-06-24 10:39:31', 80391205767254046532, 253994868, '2013-06-24 16:20:07');
INSERT INTO ASCII_Prestamos (FPrestamo, Carnet, Codigo, FDevolucion)
    VALUES ('2013-09-17 10:44:13', 80391205767254046532, 870139361, '2013-09-17 11:35:33');
INSERT INTO ASCII_Prestamos (FPrestamo, Carnet, Codigo, FDevolucion)
    VALUES ('2002-02-27 14:42:32', 80391205767254046532, 335793936, '2002-02-27 18:23:03');
INSERT INTO ASCII_Prestamos (FPrestamo, Carnet, Codigo, FDevolucion)
    VALUES ('2014-04-09 17:04:30', 80391205767254046532, 868808044, '2014-04-09 19:10:11');
INSERT INTO ASCII_Prestamos (FPrestamo, Carnet, Codigo, FDevolucion)
    VALUES ('1996-10-23 17:05:42', 80391205767254046532, 341971670, '1996-10-23 18:47:51');
INSERT INTO ASCII_Prestamos (FPrestamo, Carnet, Codigo, FDevolucion)
    VALUES ('2003-12-06 14:33:43', 80391205767254046532, 851235196, '2003-12-06 19:39:30');
INSERT INTO ASCII_Prestamos (FPrestamo, Carnet, Codigo, FDevolucion)
    VALUES ('2001-08-06 09:16:44', 80391205767254046532, 462839979, '2001-08-06 15:34:02');
INSERT INTO ASCII_Prestamos (FPrestamo, Carnet, Codigo, FDevolucion)
    VALUES ('2007-06-29 12:17:16', 80391205767254046532, 462839979, '2007-06-29 17:34:49');
INSERT INTO ASCII_Prestamos (FPrestamo, Carnet, Codigo, FDevolucion)
    VALUES ('1999-10-29 14:02:37', 80391205767254046532, 703854585, '1999-10-29 18:46:09');
INSERT INTO ASCII_Prestamos (FPrestamo, Carnet, Codigo, FDevolucion)
    VALUES ('2001-03-08 12:18:48', 80391205767254046532, 700258093, '2001-03-08 12:31:33');
INSERT INTO ASCII_Prestamos (FPrestamo, Carnet, Codigo, FDevolucion)
    VALUES ('2012-12-11 09:22:58', 80391205767254046532, 85574695, '2012-12-11 14:24:25');
INSERT INTO ASCII_Prestamos (FPrestamo, Carnet, Codigo, FDevolucion)
    VALUES ('2016-08-10 16:04:41', 80391205767254046532, 147729606, '2016-08-10 18:35:36');
INSERT INTO ASCII_Prestamos (FPrestamo, Carnet, Codigo, FDevolucion)
    VALUES ('2011-03-28 09:33:16', 80391205767254046532, 953850576, '2011-03-28 13:34:01');
INSERT INTO ASCII_Prestamos (FPrestamo, Carnet, Codigo, FDevolucion)
    VALUES ('2014-01-31 15:02:33', 80391205767254046532, 37958394, '2014-01-31 15:11:12');
INSERT INTO ASCII_Prestamos (FPrestamo, Carnet, Codigo, FDevolucion)
    VALUES ('2007-05-20 14:47:11', 80391205767254046532, 804481452, '2007-05-20 19:53:47');
INSERT INTO ASCII_Recomendaciones (Carnet, Base, Recomendacion)
 VALUES (80391205767254046532, 973769009, 804481452);
INSERT INTO ASCII_Prestamos (FPrestamo, Carnet, Codigo, FDevolucion)
    VALUES ('2007-05-22 15:54:44', 80391205767254046532, 308179286, '2007-05-22 16:48:53');
INSERT INTO ASCII_Prestamos (FPrestamo, Carnet, Codigo, FDevolucion)
    VALUES ('2000-01-04 10:46:42', 80391205767254046532, 507490311, '2000-01-04 17:15:06');
INSERT INTO ASCII_Prestamos (FPrestamo, Carnet, Codigo, FDevolucion)
    VALUES ('2007-11-29 13:36:41', 80391205767254046532, 879139789, '2007-11-29 18:22:39');
INSERT INTO ASCII_Prestamos (FPrestamo, Carnet, Codigo, FDevolucion)
    VALUES ('2015-09-03 14:59:52', 80391205767254046532, 727226330, '2015-09-03 16:29:08');
INSERT INTO ASCII_Prestamos (FPrestamo, Carnet, Codigo, FDevolucion)
    VALUES ('2010-06-10 17:52:03', 80391205767254046532, 270103881, '2010-06-10 18:58:50');


---------------- NEW USER caldolores
INSERT INTO ASCII_Usuarios (Carnet, FAlta, Nombre, Apellidos, Apodo)
    VALUES (95124593663677893802, '1999-07-13 11:44:39', 'Pablo', 'Bayona', 'caldolores');

INSERT INTO ASCII_Prestamos (FPrestamo, Carnet, Codigo, FDevolucion)
    VALUES ('1999-09-25 19:58:01', 95124593663677893802, 890814220, '1999-09-25 20:49:12');
INSERT INTO ASCII_Prestamos (FPrestamo, Carnet, Codigo, FDevolucion)
    VALUES ('2016-11-17 17:50:22', 95124593663677893802, 45166485, '2016-11-17 18:25:26');
INSERT INTO ASCII_Prestamos (FPrestamo, Carnet, Codigo, FDevolucion)
    VALUES ('2002-08-08 18:00:09', 95124593663677893802, 890814220, '2002-08-08 19:39:37');
INSERT INTO ASCII_Prestamos (FPrestamo, Carnet, Codigo, FDevolucion)
    VALUES ('2013-05-27 18:58:13', 95124593663677893802, 670546869, '2013-05-27 19:56:42');
INSERT INTO ASCII_Prestamos (FPrestamo, Carnet, Codigo, FDevolucion)
    VALUES ('2001-04-05 16:39:41', 95124593663677893802, 507490311, '2001-04-05 18:38:25');
INSERT INTO ASCII_Prestamos (FPrestamo, Carnet, Codigo, FDevolucion)
    VALUES ('2002-03-13 12:21:47', 95124593663677893802, 657948358, '2002-03-13 18:30:40');
INSERT INTO ASCII_Prestamos (FPrestamo, Carnet, Codigo, FDevolucion)
    VALUES ('2015-04-06 15:05:11', 95124593663677893802, 953850576, '2015-04-06 18:20:59');
INSERT INTO ASCII_Recomendaciones (Carnet, Base, Recomendacion)
 VALUES (95124593663677893802, 653241348, 953850576);
INSERT INTO ASCII_Prestamos (FPrestamo, Carnet, Codigo, FDevolucion)
    VALUES ('2013-06-05 18:35:02', 95124593663677893802, 170880022, '2013-06-05 20:29:31');
INSERT INTO ASCII_Prestamos (FPrestamo, Carnet, Codigo, FDevolucion)
    VALUES ('2002-11-10 14:26:02', 95124593663677893802, 822999051, '2002-11-10 17:10:27');
INSERT INTO ASCII_Prestamos (FPrestamo, Carnet, Codigo, FDevolucion)
    VALUES ('2001-09-14 16:29:05', 95124593663677893802, 411723132, '2001-09-14 17:55:41');
INSERT INTO ASCII_Prestamos (FPrestamo, Carnet, Codigo, FDevolucion)
    VALUES ('2010-02-24 12:03:51', 95124593663677893802, 689302586, '2010-02-24 12:05:13');
INSERT INTO ASCII_Prestamos (FPrestamo, Carnet, Codigo, FDevolucion)
    VALUES ('2006-04-24 11:17:40', 95124593663677893802, 587137439, '2006-04-24 14:32:49');
INSERT INTO ASCII_Prestamos (FPrestamo, Carnet, Codigo, FDevolucion)
    VALUES ('2018-04-11 12:01:28', 95124593663677893802, 518990411, '2018-04-11 19:16:35');
INSERT INTO ASCII_Prestamos (FPrestamo, Carnet, Codigo, FDevolucion)
    VALUES ('2012-03-03 17:27:53', 95124593663677893802, 195144846, '2012-03-03 18:52:41');
INSERT INTO ASCII_Prestamos (FPrestamo, Carnet, Codigo, FDevolucion)
    VALUES ('2005-04-05 19:14:59', 95124593663677893802, 800955108, '2005-04-05 19:44:35');
INSERT INTO ASCII_Recomendaciones (Carnet, Base, Recomendacion)
 VALUES (95124593663677893802, 170880022, 800955108);
INSERT INTO ASCII_Prestamos (FPrestamo, Carnet, Codigo, FDevolucion)
    VALUES ('2001-01-19 10:11:38', 95124593663677893802, 195144846, '2001-01-19 10:37:44');
INSERT INTO ASCII_Prestamos (FPrestamo, Carnet, Codigo, FDevolucion)
    VALUES ('2011-07-16 09:30:04', 95124593663677893802, 980789108, '2011-07-17 13:15:31');
INSERT INTO ASCII_Prestamos (FPrestamo, Carnet, Codigo, FDevolucion)
    VALUES ('2005-03-04 11:51:46', 95124593663677893802, 45166485, '2005-03-04 13:10:44');
INSERT INTO ASCII_Prestamos (FPrestamo, Carnet, Codigo, FDevolucion)
    VALUES ('2007-11-15 15:59:13', 95124593663677893802, 902512489, '2007-11-15 17:20:20');
INSERT INTO ASCII_Prestamos (FPrestamo, Carnet, Codigo, FDevolucion)
    VALUES ('2013-02-11 14:09:40', 95124593663677893802, 890814220, '2013-02-11 18:19:12');
INSERT INTO ASCII_Prestamos (FPrestamo, Carnet, Codigo, FDevolucion)
    VALUES ('2000-04-13 15:01:20', 95124593663677893802, 268609271, '2000-04-13 18:50:49');
INSERT INTO ASCII_Prestamos (FPrestamo, Carnet, Codigo, FDevolucion)
    VALUES ('2010-05-08 19:17:13', 95124593663677893802, 196486656, '2010-05-08 19:47:11');
INSERT INTO ASCII_Prestamos (FPrestamo, Carnet, Codigo, FDevolucion)
    VALUES ('2002-05-23 13:24:21', 95124593663677893802, 766222245, '2002-05-23 14:17:09');
INSERT INTO ASCII_Prestamos (FPrestamo, Carnet, Codigo, FDevolucion)
    VALUES ('2010-02-12 10:03:40', 95124593663677893802, 958333580, '2010-02-12 13:24:08');
INSERT INTO ASCII_Prestamos (FPrestamo, Carnet, Codigo, FDevolucion)
    VALUES ('2005-05-05 15:55:21', 95124593663677893802, 411723132, '2005-05-05 20:04:35');
INSERT INTO ASCII_Prestamos (FPrestamo, Carnet, Codigo, FDevolucion)
    VALUES ('2015-05-07 13:00:35', 95124593663677893802, 488201605, '2015-05-07 16:09:10');
INSERT INTO ASCII_Prestamos (FPrestamo, Carnet, Codigo, FDevolucion)
    VALUES ('2009-07-25 16:57:17', 95124593663677893802, 585707220, '2009-07-25 17:10:44');
INSERT INTO ASCII_Prestamos (FPrestamo, Carnet, Codigo, FDevolucion)
    VALUES ('2005-01-08 14:53:07', 95124593663677893802, 195144846, '2005-01-08 20:29:45');
INSERT INTO ASCII_Prestamos (FPrestamo, Carnet, Codigo, FDevolucion)
    VALUES ('2012-10-04 19:01:27', 95124593663677893802, 271974491, '2012-10-04 19:23:14');
INSERT INTO ASCII_Prestamos (FPrestamo, Carnet, Codigo, FDevolucion)
    VALUES ('2006-02-05 12:28:36', 95124593663677893802, 131733386, '2006-02-05 18:22:49');
INSERT INTO ASCII_Prestamos (FPrestamo, Carnet, Codigo, FDevolucion)
    VALUES ('2000-12-05 12:23:16', 95124593663677893802, 37958394, '2000-12-05 14:12:16');
INSERT INTO ASCII_Prestamos (FPrestamo, Carnet, Codigo, FDevolucion)
    VALUES ('2013-05-23 15:56:37', 95124593663677893802, 268609271, '2013-05-23 16:10:18');
INSERT INTO ASCII_Prestamos (FPrestamo, Carnet, Codigo, FDevolucion)
    VALUES ('2004-09-21 10:36:08', 95124593663677893802, 952346420, '2004-09-21 14:12:38');
INSERT INTO ASCII_Prestamos (FPrestamo, Carnet, Codigo, FDevolucion)
    VALUES ('2000-08-23 19:37:09', 95124593663677893802, 862290062, '2000-08-23 20:16:03');
INSERT INTO ASCII_Prestamos (FPrestamo, Carnet, Codigo, FDevolucion)
    VALUES ('2011-09-09 15:52:31', 95124593663677893802, 411723132, '2011-09-09 19:34:07');
INSERT INTO ASCII_Prestamos (FPrestamo, Carnet, Codigo, FDevolucion)
    VALUES ('2006-10-30 11:08:19', 95124593663677893802, 435077835, '2006-10-30 12:49:46');
INSERT INTO ASCII_Prestamos (FPrestamo, Carnet, Codigo, FDevolucion)
    VALUES ('2003-07-15 09:20:11', 95124593663677893802, 952346420, '2003-07-15 17:31:05');
INSERT INTO ASCII_Prestamos (FPrestamo, Carnet, Codigo, FDevolucion)
    VALUES ('2004-04-30 18:44:32', 95124593663677893802, 9966371, '2004-04-30 19:46:31');
INSERT INTO ASCII_Prestamos (FPrestamo, Carnet, Codigo, FDevolucion)
    VALUES ('2014-05-12 18:05:33', 95124593663677893802, 837424856, '2014-05-12 18:46:31');
INSERT INTO ASCII_Prestamos (FPrestamo, Carnet, Codigo, FDevolucion)
    VALUES ('2005-03-23 12:00:24', 95124593663677893802, 467479744, '2005-03-23 19:23:21');
INSERT INTO ASCII_Prestamos (FPrestamo, Carnet, Codigo, FDevolucion)
    VALUES ('2018-05-25 16:55:57', 95124593663677893802, 566157944, '2018-05-25 19:46:47');
INSERT INTO ASCII_Prestamos (FPrestamo, Carnet, Codigo, FDevolucion)
    VALUES ('2003-07-30 15:33:04', 95124593663677893802, 647931245, '2003-07-30 18:47:09');
INSERT INTO ASCII_Prestamos (FPrestamo, Carnet, Codigo, FDevolucion)
    VALUES ('2016-03-01 13:00:44', 95124593663677893802, 822999051, '2016-03-01 13:29:42');
INSERT INTO ASCII_Recomendaciones (Carnet, Base, Recomendacion)
 VALUES (95124593663677893802, 147729606, 822999051);
INSERT INTO ASCII_Prestamos (FPrestamo, Carnet, Codigo, FDevolucion)
    VALUES ('2004-05-31 10:16:11', 95124593663677893802, 428001381, '2004-05-31 17:31:47');
INSERT INTO ASCII_Prestamos (FPrestamo, Carnet, Codigo, FDevolucion)
    VALUES ('2009-02-20 11:49:22', 95124593663677893802, 147729606, '2009-02-20 12:21:08');
INSERT INTO ASCII_Prestamos (FPrestamo, Carnet, Codigo, FDevolucion)
    VALUES ('2000-07-17 09:41:41', 95124593663677893802, 201222074, '2000-07-17 12:38:59');
INSERT INTO ASCII_Recomendaciones (Carnet, Base, Recomendacion)
 VALUES (95124593663677893802, 428001381, 201222074);
INSERT INTO ASCII_Prestamos (FPrestamo, Carnet, Codigo, FDevolucion)
    VALUES ('2017-01-15 10:40:26', 95124593663677893802, 131733386, '2017-01-15 15:47:34');
INSERT INTO ASCII_Prestamos (FPrestamo, Carnet, Codigo, FDevolucion)
    VALUES ('2001-01-12 17:36:26', 95124593663677893802, 488201605, '2001-01-12 19:43:28');
INSERT INTO ASCII_Prestamos (FPrestamo, Carnet, Codigo, FDevolucion)
    VALUES ('2013-04-22 13:19:20', 95124593663677893802, 45166485, '2013-04-22 19:18:23');
INSERT INTO ASCII_Prestamos (FPrestamo, Carnet, Codigo, FDevolucion)
    VALUES ('2008-09-13 13:31:31', 95124593663677893802, 952346420, '2008-09-13 18:15:38');
INSERT INTO ASCII_Prestamos (FPrestamo, Carnet, Codigo, FDevolucion)
    VALUES ('2003-11-28 12:10:55', 95124593663677893802, 973769009, '2003-11-28 17:04:42');
INSERT INTO ASCII_Prestamos (FPrestamo, Carnet, Codigo, FDevolucion)
    VALUES ('2014-08-18 09:47:10', 95124593663677893802, 703854585, '2014-08-18 12:25:20');
INSERT INTO ASCII_Prestamos (FPrestamo, Carnet, Codigo, FDevolucion)
    VALUES ('2012-02-26 11:17:04', 95124593663677893802, 838188769, '2012-02-26 17:42:38');
INSERT INTO ASCII_Prestamos (FPrestamo, Carnet, Codigo, FDevolucion)
    VALUES ('2013-03-20 09:41:13', 95124593663677893802, 659625461, '2013-03-20 18:41:01');
INSERT INTO ASCII_Prestamos (FPrestamo, Carnet, Codigo, FDevolucion)
    VALUES ('2012-09-07 11:47:01', 95124593663677893802, 37958394, '2012-09-07 18:47:45');
INSERT INTO ASCII_Prestamos (FPrestamo, Carnet, Codigo, FDevolucion)
    VALUES ('2018-03-09 18:46:44', 95124593663677893802, 685941400, '2018-03-09 20:02:47');
INSERT INTO ASCII_Prestamos (FPrestamo, Carnet, Codigo, FDevolucion)
    VALUES ('2007-02-19 11:12:11', 95124593663677893802, 419138522, '2007-02-19 11:47:47');
INSERT INTO ASCII_Prestamos (FPrestamo, Carnet, Codigo, FDevolucion)
    VALUES ('2008-12-30 09:07:10', 95124593663677893802, 419138522, '2008-12-30 17:26:05');
INSERT INTO ASCII_Recomendaciones (Carnet, Base, Recomendacion)
 VALUES (95124593663677893802, 360700172, 419138522);
INSERT INTO ASCII_Prestamos (FPrestamo, Carnet, Codigo, FDevolucion)
    VALUES ('2005-04-12 10:11:05', 95124593663677893802, 953850576, '2005-04-12 19:53:06');
INSERT INTO ASCII_Prestamos (FPrestamo, Carnet, Codigo, FDevolucion)
    VALUES ('2013-10-27 12:42:15', 95124593663677893802, 991317338, '2013-10-27 20:22:46');
INSERT INTO ASCII_Prestamos (FPrestamo, Carnet, Codigo, FDevolucion)
    VALUES ('2002-04-15 16:07:12', 95124593663677893802, 700258093, '2002-04-15 17:54:41');
INSERT INTO ASCII_Prestamos (FPrestamo, Carnet, Codigo, FDevolucion)
    VALUES ('2015-06-29 18:16:42', 95124593663677893802, 758589576, '2015-06-29 19:25:23');
INSERT INTO ASCII_Prestamos (FPrestamo, Carnet, Codigo, FDevolucion)
    VALUES ('2001-09-09 19:36:51', 95124593663677893802, 128859739, '2001-09-09 20:07:37');
INSERT INTO ASCII_Prestamos (FPrestamo, Carnet, Codigo, FDevolucion)
    VALUES ('2009-02-01 14:47:44', 95124593663677893802, 952346420, '2009-02-01 19:20:49');
INSERT INTO ASCII_Prestamos (FPrestamo, Carnet, Codigo, FDevolucion)
    VALUES ('2004-06-18 16:47:16', 95124593663677893802, 462839979, '2004-06-18 17:22:54');
INSERT INTO ASCII_Prestamos (FPrestamo, Carnet, Codigo, FDevolucion)
    VALUES ('2017-05-25 10:05:17', 95124593663677893802, 41169864, '2017-05-25 19:52:42');
INSERT INTO ASCII_Prestamos (FPrestamo, Carnet, Codigo, FDevolucion)
    VALUES ('2013-05-10 10:42:25', 95124593663677893802, 180014736, '2013-05-10 13:03:46');
INSERT INTO ASCII_Prestamos (FPrestamo, Carnet, Codigo, FDevolucion)
    VALUES ('2006-09-24 09:44:03', 95124593663677893802, 838188769, '2006-09-24 16:35:23');
INSERT INTO ASCII_Prestamos (FPrestamo, Carnet, Codigo, FDevolucion)
    VALUES ('2014-06-21 09:14:32', 95124593663677893802, 937697389, '2014-06-21 13:32:57');
INSERT INTO ASCII_Prestamos (FPrestamo, Carnet, Codigo, FDevolucion)
    VALUES ('2000-02-25 15:21:51', 95124593663677893802, 727226330, '2000-02-25 17:59:26');
INSERT INTO ASCII_Prestamos (FPrestamo, Carnet, Codigo, FDevolucion)
    VALUES ('2016-02-24 18:47:38', 95124593663677893802, 45166485, '2016-02-24 19:12:52');
INSERT INTO ASCII_Recomendaciones (Carnet, Base, Recomendacion)
 VALUES (95124593663677893802, 268609271, 45166485);
INSERT INTO ASCII_Prestamos (FPrestamo, Carnet, Codigo, FDevolucion)
    VALUES ('2017-06-06 17:22:50', 95124593663677893802, 360700172, '2017-06-06 17:35:42');
INSERT INTO ASCII_Prestamos (FPrestamo, Carnet, Codigo, FDevolucion)
    VALUES ('2007-05-12 18:17:22', 95124593663677893802, 488201605, '2007-05-12 19:40:19');
INSERT INTO ASCII_Prestamos (FPrestamo, Carnet, Codigo, FDevolucion)
    VALUES ('2012-10-23 09:06:58', 95124593663677893802, 703854585, '2012-10-23 18:33:27');
INSERT INTO ASCII_Prestamos (FPrestamo, Carnet, Codigo, FDevolucion)
    VALUES ('2004-09-23 16:31:12', 95124593663677893802, 290125844, '2004-09-23 20:29:07');
INSERT INTO ASCII_Prestamos (FPrestamo, Carnet, Codigo, FDevolucion)
    VALUES ('2004-09-12 13:18:52', 95124593663677893802, 156146678, '2004-09-12 13:36:09');
INSERT INTO ASCII_Recomendaciones (Carnet, Base, Recomendacion)
 VALUES (95124593663677893802, 507490311, 156146678);
INSERT INTO ASCII_Prestamos (FPrestamo, Carnet, Codigo, FDevolucion)
    VALUES ('2010-08-11 14:30:39', 95124593663677893802, 864419312, '2010-08-11 17:06:07');
INSERT INTO ASCII_Prestamos (FPrestamo, Carnet, Codigo, FDevolucion)
    VALUES ('2012-10-08 11:55:20', 95124593663677893802, 331049936, '2012-10-08 12:04:57');
INSERT INTO ASCII_Prestamos (FPrestamo, Carnet, Codigo, FDevolucion)
    VALUES ('2015-03-31 10:53:39', 95124593663677893802, 84694334, '2015-03-31 20:14:38');
INSERT INTO ASCII_Prestamos (FPrestamo, Carnet, Codigo, FDevolucion)
    VALUES ('2006-07-18 13:05:40', 95124593663677893802, 253994868, '2006-07-18 19:12:11');
INSERT INTO ASCII_Recomendaciones (Carnet, Base, Recomendacion)
 VALUES (95124593663677893802, 286701931, 253994868);
INSERT INTO ASCII_Prestamos (FPrestamo, Carnet, Codigo, FDevolucion)
    VALUES ('2007-01-09 12:28:17', 95124593663677893802, 689302586, '2007-01-09 13:00:56');
INSERT INTO ASCII_Prestamos (FPrestamo, Carnet, Codigo, FDevolucion)
    VALUES ('2010-11-30 13:46:26', 95124593663677893802, 510980242, '2010-11-30 19:48:41');
INSERT INTO ASCII_Recomendaciones (Carnet, Base, Recomendacion)
 VALUES (95124593663677893802, 647931245, 510980242);
INSERT INTO ASCII_Prestamos (FPrestamo, Carnet, Codigo, FDevolucion)
    VALUES ('2011-08-11 18:58:03', 95124593663677893802, 800955108, '2011-08-11 19:16:25');
INSERT INTO ASCII_Prestamos (FPrestamo, Carnet, Codigo, FDevolucion)
    VALUES ('2002-08-05 12:22:53', 95124593663677893802, 411723132, '2002-08-05 14:37:10');
INSERT INTO ASCII_Prestamos (FPrestamo, Carnet, Codigo, FDevolucion)
    VALUES ('2013-03-13 17:23:18', 95124593663677893802, 341971670, '2013-03-13 19:44:11');
INSERT INTO ASCII_Prestamos (FPrestamo, Carnet, Codigo, FDevolucion)
    VALUES ('2001-08-18 17:45:35', 95124593663677893802, 820749428, '2001-08-18 19:46:10');
INSERT INTO ASCII_Prestamos (FPrestamo, Carnet, Codigo, FDevolucion)
    VALUES ('2004-01-21 12:08:05', 95124593663677893802, 243541526, '2004-01-21 17:47:23');
INSERT INTO ASCII_Prestamos (FPrestamo, Carnet, Codigo, FDevolucion)
    VALUES ('2010-07-28 16:26:19', 95124593663677893802, 428001381, '2010-07-28 17:38:01');
INSERT INTO ASCII_Prestamos (FPrestamo, Carnet, Codigo, FDevolucion)
    VALUES ('1999-07-24 18:00:47', 95124593663677893802, 851235196, '1999-07-24 19:06:40');
INSERT INTO ASCII_Prestamos (FPrestamo, Carnet, Codigo, FDevolucion)
    VALUES ('1999-12-01 19:27:23', 95124593663677893802, 507490311, '1999-12-01 20:21:21');
INSERT INTO ASCII_Prestamos (FPrestamo, Carnet, Codigo, FDevolucion)
    VALUES ('2014-06-07 16:31:08', 95124593663677893802, 127915210, '2014-06-07 18:20:34');
INSERT INTO ASCII_Prestamos (FPrestamo, Carnet, Codigo, FDevolucion)
    VALUES ('2015-06-13 13:23:42', 95124593663677893802, 800955108, '2015-06-13 13:26:08');
INSERT INTO ASCII_Prestamos (FPrestamo, Carnet, Codigo, FDevolucion)
    VALUES ('2007-03-02 13:34:01', 95124593663677893802, 155192418, '2007-03-02 15:18:01');
INSERT INTO ASCII_Prestamos (FPrestamo, Carnet, Codigo, FDevolucion)
    VALUES ('2015-12-10 12:03:43', 95124593663677893802, 585707220, '2015-12-10 17:21:37');
INSERT INTO ASCII_Recomendaciones (Carnet, Base, Recomendacion)
 VALUES (95124593663677893802, 804481452, 585707220);
INSERT INTO ASCII_Prestamos (FPrestamo, Carnet, Codigo, FDevolucion)
    VALUES ('2006-11-14 16:42:55', 95124593663677893802, 331049936, '2006-11-14 18:24:42');
INSERT INTO ASCII_Prestamos (FPrestamo, Carnet, Codigo, FDevolucion)
    VALUES ('2010-12-30 15:31:52', 95124593663677893802, 201222074, '2010-12-30 17:09:22');
INSERT INTO ASCII_Prestamos (FPrestamo, Carnet, Codigo, FDevolucion)
    VALUES ('2008-06-17 18:30:49', 95124593663677893802, 156146678, '2008-06-17 20:01:44');
INSERT INTO ASCII_Prestamos (FPrestamo, Carnet, Codigo, FDevolucion)
    VALUES ('2011-03-08 19:41:32', 95124593663677893802, 850083148, '2011-03-08 20:17:44');
INSERT INTO ASCII_Prestamos (FPrestamo, Carnet, Codigo, FDevolucion)
    VALUES ('2001-07-04 15:15:31', 95124593663677893802, 270103881, '2001-07-04 16:26:18');
INSERT INTO ASCII_Prestamos (FPrestamo, Carnet, Codigo, FDevolucion)
    VALUES ('2004-01-13 18:33:59', 95124593663677893802, 369113628, '2004-01-13 19:05:18');
INSERT INTO ASCII_Prestamos (FPrestamo, Carnet, Codigo, FDevolucion)
    VALUES ('2000-05-16 13:19:23', 95124593663677893802, 290125844, '2000-05-16 19:37:45');
INSERT INTO ASCII_Prestamos (FPrestamo, Carnet, Codigo, FDevolucion)
    VALUES ('2002-05-15 10:04:16', 95124593663677893802, 47554194, '2002-05-15 15:23:02');
INSERT INTO ASCII_Prestamos (FPrestamo, Carnet, Codigo, FDevolucion)
    VALUES ('2012-04-30 13:58:29', 95124593663677893802, 369113628, '2012-04-30 17:27:21');
INSERT INTO ASCII_Prestamos (FPrestamo, Carnet, Codigo, FDevolucion)
    VALUES ('2002-10-15 10:27:56', 95124593663677893802, 37958394, '2002-10-15 13:17:29');
INSERT INTO ASCII_Prestamos (FPrestamo, Carnet, Codigo, FDevolucion)
    VALUES ('2011-03-26 17:14:35', 95124593663677893802, 647931245, '2011-03-26 17:38:59');
INSERT INTO ASCII_Prestamos (FPrestamo, Carnet, Codigo, FDevolucion)
    VALUES ('2014-07-07 13:07:02', 95124593663677893802, 585707220, '2014-07-07 20:03:10');
INSERT INTO ASCII_Prestamos (FPrestamo, Carnet, Codigo, FDevolucion)
    VALUES ('2001-11-07 14:14:50', 95124593663677893802, 964977585, '2001-11-07 16:54:40');


---------------- NEW USER collaurora
INSERT INTO ASCII_Usuarios (Carnet, FAlta, Nombre, Apellidos, Apodo)
    VALUES (77622691771225837468, '2004-03-22 18:56:39', 'Jose', 'Mur', 'collaurora');

INSERT INTO ASCII_Prestamos (FPrestamo, Carnet, Codigo, FDevolucion)
    VALUES ('2009-02-18 17:56:34', 77622691771225837468, 621287267, '2009-02-18 18:33:41');
INSERT INTO ASCII_Prestamos (FPrestamo, Carnet, Codigo, FDevolucion)
    VALUES ('2008-03-28 15:33:06', 77622691771225837468, 270103881, '2008-03-28 17:31:50');
INSERT INTO ASCII_Prestamos (FPrestamo, Carnet, Codigo, FDevolucion)
    VALUES ('2017-06-07 18:56:47', 77622691771225837468, 156146678, '2017-06-07 20:19:59');
INSERT INTO ASCII_Prestamos (FPrestamo, Carnet, Codigo, FDevolucion)
    VALUES ('2017-01-24 11:31:22', 77622691771225837468, 851235196, '2017-01-24 19:48:07');
INSERT INTO ASCII_Prestamos (FPrestamo, Carnet, Codigo, FDevolucion)
    VALUES ('2014-09-10 10:40:04', 77622691771225837468, 542097873, '2014-09-10 20:36:30');


---------------- NEW USER montserrat80
INSERT INTO ASCII_Usuarios (Carnet, FAlta, Nombre, Apellidos, Apodo)
    VALUES (1049166250233828165, '2003-06-12 12:53:50', 'Olga', 'Amaya', 'montserrat80');

INSERT INTO ASCII_Prestamos (FPrestamo, Carnet, Codigo, FDevolucion)
    VALUES ('2010-03-07 12:26:28', 1049166250233828165, 800955108, '2010-03-07 13:47:20');
INSERT INTO ASCII_Prestamos (FPrestamo, Carnet, Codigo, FDevolucion)
    VALUES ('2016-07-01 16:20:16', 1049166250233828165, 314225902, '2016-07-01 16:43:59');
INSERT INTO ASCII_Prestamos (FPrestamo, Carnet, Codigo, FDevolucion)
    VALUES ('2014-03-19 09:09:35', 1049166250233828165, 361185658, '2014-03-19 10:02:03');
INSERT INTO ASCII_Prestamos (FPrestamo, Carnet, Codigo, FDevolucion)
    VALUES ('2007-10-28 16:12:41', 1049166250233828165, 489855290, '2007-10-28 19:56:44');
INSERT INTO ASCII_Prestamos (FPrestamo, Carnet, Codigo, FDevolucion)
    VALUES ('2017-09-27 15:42:38', 1049166250233828165, 335793936, '2017-09-27 17:30:08');
INSERT INTO ASCII_Prestamos (FPrestamo, Carnet, Codigo, FDevolucion)
    VALUES ('2016-12-16 15:02:29', 1049166250233828165, 481287493, '2016-12-16 15:22:56');
INSERT INTO ASCII_Prestamos (FPrestamo, Carnet, Codigo, FDevolucion)
    VALUES ('2011-02-19 17:26:33', 1049166250233828165, 331049936, '2011-02-19 19:46:54');
INSERT INTO ASCII_Prestamos (FPrestamo, Carnet, Codigo, FDevolucion)
    VALUES ('2015-09-07 14:47:45', 1049166250233828165, 47554194, '2015-09-07 18:27:20');
INSERT INTO ASCII_Prestamos (FPrestamo, Carnet, Codigo, FDevolucion)
    VALUES ('2012-10-13 18:52:56', 1049166250233828165, 800955108, '2012-10-13 19:09:59');
INSERT INTO ASCII_Prestamos (FPrestamo, Carnet, Codigo, FDevolucion)
    VALUES ('2006-06-04 15:59:42', 1049166250233828165, 857051941, '2006-06-04 17:16:15');
INSERT INTO ASCII_Prestamos (FPrestamo, Carnet, Codigo, FDevolucion)
    VALUES ('2007-02-19 12:22:55', 1049166250233828165, 331049936, '2007-02-19 19:25:35');
INSERT INTO ASCII_Prestamos (FPrestamo, Carnet, Codigo, FDevolucion)
    VALUES ('2006-05-16 12:07:43', 1049166250233828165, 265953115, '2006-05-16 14:52:30');
INSERT INTO ASCII_Prestamos (FPrestamo, Carnet, Codigo, FDevolucion)
    VALUES ('2016-05-09 15:51:26', 1049166250233828165, 438834923, '2016-05-09 19:39:31');
INSERT INTO ASCII_Prestamos (FPrestamo, Carnet, Codigo, FDevolucion)
    VALUES ('2009-05-14 18:44:49', 1049166250233828165, 488201605, '2009-05-14 19:43:56');
INSERT INTO ASCII_Prestamos (FPrestamo, Carnet, Codigo, FDevolucion)
    VALUES ('2008-12-25 12:03:41', 1049166250233828165, 820749428, '2008-12-25 18:42:46');
INSERT INTO ASCII_Prestamos (FPrestamo, Carnet, Codigo, FDevolucion)
    VALUES ('2007-12-24 14:47:55', 1049166250233828165, 286701931, '2007-12-24 19:32:04');
INSERT INTO ASCII_Prestamos (FPrestamo, Carnet, Codigo, FDevolucion)
    VALUES ('2009-06-12 19:45:59', 1049166250233828165, 242380829, '2009-06-12 20:13:07');
INSERT INTO ASCII_Prestamos (FPrestamo, Carnet, Codigo, FDevolucion)
    VALUES ('2005-02-04 10:49:45', 1049166250233828165, 489855290, '2005-02-04 14:22:13');
INSERT INTO ASCII_Prestamos (FPrestamo, Carnet, Codigo, FDevolucion)
    VALUES ('2013-02-21 14:45:01', 1049166250233828165, 430588711, '2013-02-21 19:31:00');
INSERT INTO ASCII_Prestamos (FPrestamo, Carnet, Codigo, FDevolucion)
    VALUES ('2013-06-07 09:24:38', 1049166250233828165, 489855290, '2013-06-07 20:06:08');
INSERT INTO ASCII_Prestamos (FPrestamo, Carnet, Codigo, FDevolucion)
    VALUES ('2012-05-10 14:27:25', 1049166250233828165, 85574695, '2012-05-10 18:30:48');
INSERT INTO ASCII_Prestamos (FPrestamo, Carnet, Codigo, FDevolucion)
    VALUES ('2016-01-21 11:34:21', 1049166250233828165, 930265900, '2016-01-21 15:25:11');
INSERT INTO ASCII_Prestamos (FPrestamo, Carnet, Codigo, FDevolucion)
    VALUES ('2017-12-24 17:51:31', 1049166250233828165, 361185658, '2017-12-24 18:27:56');
INSERT INTO ASCII_Prestamos (FPrestamo, Carnet, Codigo, FDevolucion)
    VALUES ('2016-08-09 14:37:23', 1049166250233828165, 131733386, '2016-08-09 20:20:41');
INSERT INTO ASCII_Recomendaciones (Carnet, Base, Recomendacion)
 VALUES (1049166250233828165, 518990411, 131733386);
INSERT INTO ASCII_Prestamos (FPrestamo, Carnet, Codigo, FDevolucion)
    VALUES ('2018-04-28 15:35:28', 1049166250233828165, 409476072, '2018-04-28 18:54:23');
INSERT INTO ASCII_Prestamos (FPrestamo, Carnet, Codigo, FDevolucion)
    VALUES ('2010-01-25 13:36:43', 1049166250233828165, 850083148, '2010-01-25 18:47:29');
INSERT INTO ASCII_Prestamos (FPrestamo, Carnet, Codigo, FDevolucion)
    VALUES ('2008-07-26 14:29:28', 1049166250233828165, 195144846, '2008-07-26 16:28:13');
INSERT INTO ASCII_Prestamos (FPrestamo, Carnet, Codigo, FDevolucion)
    VALUES ('2004-05-20 18:59:05', 1049166250233828165, 669879732, '2004-05-20 20:08:25');
INSERT INTO ASCII_Prestamos (FPrestamo, Carnet, Codigo, FDevolucion)
    VALUES ('2013-12-08 16:52:57', 1049166250233828165, 804481452, '2013-12-08 17:08:20');
INSERT INTO ASCII_Prestamos (FPrestamo, Carnet, Codigo, FDevolucion)
    VALUES ('2016-12-02 14:47:12', 1049166250233828165, 643443091, '2016-12-02 16:21:48');
INSERT INTO ASCII_Prestamos (FPrestamo, Carnet, Codigo, FDevolucion)
    VALUES ('2004-03-07 09:52:12', 1049166250233828165, 542097873, '2004-03-07 11:00:23');
INSERT INTO ASCII_Prestamos (FPrestamo, Carnet, Codigo, FDevolucion)
    VALUES ('2013-02-05 09:00:23', 1049166250233828165, 335793936, '2013-02-05 16:36:13');
INSERT INTO ASCII_Prestamos (FPrestamo, Carnet, Codigo, FDevolucion)
    VALUES ('2003-11-29 15:13:21', 1049166250233828165, 682329074, '2003-11-29 19:56:12');
INSERT INTO ASCII_Prestamos (FPrestamo, Carnet, Codigo, FDevolucion)
    VALUES ('2005-03-26 15:50:37', 1049166250233828165, 393545356, '2005-03-26 20:37:45');
INSERT INTO ASCII_Prestamos (FPrestamo, Carnet, Codigo, FDevolucion)
    VALUES ('2008-03-26 16:15:09', 1049166250233828165, 47554194, '2008-03-26 18:06:08');
INSERT INTO ASCII_Prestamos (FPrestamo, Carnet, Codigo, FDevolucion)
    VALUES ('2004-12-31 09:09:40', 1049166250233828165, 180014736, '2004-12-31 13:55:08');
INSERT INTO ASCII_Prestamos (FPrestamo, Carnet, Codigo, FDevolucion)
    VALUES ('2010-10-24 11:42:23', 1049166250233828165, 462839979, '2010-10-24 13:19:29');
INSERT INTO ASCII_Prestamos (FPrestamo, Carnet, Codigo, FDevolucion)
    VALUES ('2006-09-04 10:16:39', 1049166250233828165, 887208567, '2006-09-04 14:54:16');
INSERT INTO ASCII_Prestamos (FPrestamo, Carnet, Codigo, FDevolucion)
    VALUES ('2008-06-30 15:54:59', 1049166250233828165, 430588711, '2008-06-30 19:11:49');
INSERT INTO ASCII_Prestamos (FPrestamo, Carnet, Codigo, FDevolucion)
    VALUES ('2012-03-22 10:15:02', 1049166250233828165, 462839979, '2012-03-22 19:35:33');
INSERT INTO ASCII_Recomendaciones (Carnet, Base, Recomendacion)
 VALUES (1049166250233828165, 18635348, 462839979);
INSERT INTO ASCII_Prestamos (FPrestamo, Carnet, Codigo, FDevolucion)
    VALUES ('2005-03-28 17:53:35', 1049166250233828165, 314225902, '2005-03-28 17:55:44');
INSERT INTO ASCII_Prestamos (FPrestamo, Carnet, Codigo, FDevolucion)
    VALUES ('2006-01-05 09:56:32', 1049166250233828165, 47554194, '2006-01-05 19:58:27');
INSERT INTO ASCII_Prestamos (FPrestamo, Carnet, Codigo, FDevolucion)
    VALUES ('2004-11-22 09:42:20', 1049166250233828165, 467479744, '2004-11-22 11:46:39');
INSERT INTO ASCII_Prestamos (FPrestamo, Carnet, Codigo, FDevolucion)
    VALUES ('2015-12-19 12:32:39', 1049166250233828165, 147729606, '2015-12-19 19:03:55');
INSERT INTO ASCII_Prestamos (FPrestamo, Carnet, Codigo, FDevolucion)
    VALUES ('2010-02-01 09:38:38', 1049166250233828165, 672049130, '2010-02-01 11:53:11');
INSERT INTO ASCII_Prestamos (FPrestamo, Carnet, Codigo, FDevolucion)
    VALUES ('2010-02-27 09:43:38', 1049166250233828165, 462839979, '2010-02-27 11:03:58');
INSERT INTO ASCII_Prestamos (FPrestamo, Carnet, Codigo, FDevolucion)
    VALUES ('2014-09-04 09:47:21', 1049166250233828165, 838188769, '2014-09-04 17:46:46');
INSERT INTO ASCII_Prestamos (FPrestamo, Carnet, Codigo, FDevolucion)
    VALUES ('2018-07-23 14:00:14', 1049166250233828165, 677770956, '2018-07-23 15:33:41');
INSERT INTO ASCII_Prestamos (FPrestamo, Carnet, Codigo, FDevolucion)
    VALUES ('2009-07-11 18:27:31', 1049166250233828165, 643443091, '2009-07-11 18:54:53');
INSERT INTO ASCII_Recomendaciones (Carnet, Base, Recomendacion)
 VALUES (1049166250233828165, 131733386, 643443091);
INSERT INTO ASCII_Prestamos (FPrestamo, Carnet, Codigo, FDevolucion)
    VALUES ('2008-07-21 16:25:12', 1049166250233828165, 361185658, '2008-07-21 19:47:00');
INSERT INTO ASCII_Prestamos (FPrestamo, Carnet, Codigo, FDevolucion)
    VALUES ('2011-07-12 19:37:12', 1049166250233828165, 196486656, '2011-07-12 19:47:56');
INSERT INTO ASCII_Prestamos (FPrestamo, Carnet, Codigo, FDevolucion)
    VALUES ('2005-09-10 14:39:29', 1049166250233828165, 290125844, '2005-09-10 19:30:58');
INSERT INTO ASCII_Prestamos (FPrestamo, Carnet, Codigo, FDevolucion)
    VALUES ('2008-08-12 11:31:31', 1049166250233828165, 270103881, '2008-08-12 18:16:39');
INSERT INTO ASCII_Prestamos (FPrestamo, Carnet, Codigo, FDevolucion)
    VALUES ('2013-07-11 09:07:38', 1049166250233828165, 335793936, '2013-07-11 13:14:39');
INSERT INTO ASCII_Prestamos (FPrestamo, Carnet, Codigo, FDevolucion)
    VALUES ('2013-09-03 12:39:11', 1049166250233828165, 206123333, '2013-09-03 15:43:35');
INSERT INTO ASCII_Prestamos (FPrestamo, Carnet, Codigo, FDevolucion)
    VALUES ('2005-03-04 18:42:48', 1049166250233828165, 147729606, '2005-03-04 20:39:43');
INSERT INTO ASCII_Prestamos (FPrestamo, Carnet, Codigo, FDevolucion)
    VALUES ('2008-02-09 15:14:13', 1049166250233828165, 953850576, '2008-02-09 16:32:59');
INSERT INTO ASCII_Prestamos (FPrestamo, Carnet, Codigo, FDevolucion)
    VALUES ('2013-09-21 19:08:43', 1049166250233828165, 128859739, '2013-09-21 19:27:01');
INSERT INTO ASCII_Prestamos (FPrestamo, Carnet, Codigo, FDevolucion)
    VALUES ('2016-07-02 12:16:29', 1049166250233828165, 561655840, '2016-07-02 15:31:25');
INSERT INTO ASCII_Prestamos (FPrestamo, Carnet, Codigo, FDevolucion)
    VALUES ('2012-12-05 14:17:35', 1049166250233828165, 369113628, '2012-12-05 14:54:42');
INSERT INTO ASCII_Prestamos (FPrestamo, Carnet, Codigo, FDevolucion)
    VALUES ('2004-05-27 14:11:49', 1049166250233828165, 147729606, '2004-05-27 18:50:42');
INSERT INTO ASCII_Prestamos (FPrestamo, Carnet, Codigo, FDevolucion)
    VALUES ('2009-06-06 13:53:43', 1049166250233828165, 587137439, '2009-06-06 18:47:30');
INSERT INTO ASCII_Prestamos (FPrestamo, Carnet, Codigo, FDevolucion)
    VALUES ('2011-11-17 09:46:24', 1049166250233828165, 958333580, '2011-11-17 20:25:55');
INSERT INTO ASCII_Prestamos (FPrestamo, Carnet, Codigo, FDevolucion)
    VALUES ('2018-07-09 17:27:16', 1049166250233828165, 270103881, '2018-07-09 17:47:06');
INSERT INTO ASCII_Prestamos (FPrestamo, Carnet, Codigo, FDevolucion)
    VALUES ('2007-03-22 10:33:38', 1049166250233828165, 84694334, '2007-03-22 17:24:23');
INSERT INTO ASCII_Prestamos (FPrestamo, Carnet, Codigo, FDevolucion)
    VALUES ('2009-01-04 11:36:22', 1049166250233828165, 488201605, '2009-01-04 13:22:32');
INSERT INTO ASCII_Prestamos (FPrestamo, Carnet, Codigo, FDevolucion)
    VALUES ('2016-03-16 13:07:41', 1049166250233828165, 879139789, '2016-03-16 14:23:00');
INSERT INTO ASCII_Recomendaciones (Carnet, Base, Recomendacion)
 VALUES (1049166250233828165, 925327567, 879139789);
INSERT INTO ASCII_Prestamos (FPrestamo, Carnet, Codigo, FDevolucion)
    VALUES ('2008-09-20 16:07:25', 1049166250233828165, 251337722, '2008-09-20 18:05:30');
INSERT INTO ASCII_Prestamos (FPrestamo, Carnet, Codigo, FDevolucion)
    VALUES ('2005-04-13 10:14:43', 1049166250233828165, 331049936, '2005-04-13 14:56:30');
INSERT INTO ASCII_Prestamos (FPrestamo, Carnet, Codigo, FDevolucion)
    VALUES ('2009-07-11 19:10:57', 1049166250233828165, 758589576, '2009-07-11 19:27:51');
INSERT INTO ASCII_Recomendaciones (Carnet, Base, Recomendacion)
 VALUES (1049166250233828165, 672049130, 758589576);
INSERT INTO ASCII_Prestamos (FPrestamo, Carnet, Codigo, FDevolucion)
    VALUES ('2012-01-14 12:20:37', 1049166250233828165, 41169864, '2012-01-14 14:33:18');
INSERT INTO ASCII_Prestamos (FPrestamo, Carnet, Codigo, FDevolucion)
    VALUES ('2006-08-16 14:14:58', 1049166250233828165, 518990411, '2006-08-16 16:43:28');
INSERT INTO ASCII_Prestamos (FPrestamo, Carnet, Codigo, FDevolucion)
    VALUES ('2015-03-28 19:05:43', 1049166250233828165, 270103881, '2015-03-28 19:57:59');
INSERT INTO ASCII_Prestamos (FPrestamo, Carnet, Codigo, FDevolucion)
    VALUES ('2011-11-05 18:21:10', 1049166250233828165, 566157944, '2011-11-05 19:20:58');


---------------- NEW USER castrillogonzalo
INSERT INTO ASCII_Usuarios (Carnet, FAlta, Nombre, Apellidos, Apodo)
    VALUES (41406743921515938000, '2015-08-27 14:38:41', 'Sebastian', 'Solsona', 'castrillogonzalo');

INSERT INTO ASCII_Prestamos (FPrestamo, Carnet, Codigo, FDevolucion)
    VALUES ('2016-08-16 14:40:13', 41406743921515938000, 864419312, '2016-08-16 18:00:30');
INSERT INTO ASCII_Prestamos (FPrestamo, Carnet, Codigo, FDevolucion)
    VALUES ('2016-08-12 15:23:04', 41406743921515938000, 864419312, '2016-08-12 18:35:15');
INSERT INTO ASCII_Prestamos (FPrestamo, Carnet, Codigo, FDevolucion)
    VALUES ('2018-08-25 16:09:12', 41406743921515938000, 341971670, '2018-08-25 18:05:04');
INSERT INTO ASCII_Recomendaciones (Carnet, Base, Recomendacion)
 VALUES (41406743921515938000, 837424856, 341971670);
INSERT INTO ASCII_Prestamos (FPrestamo, Carnet, Codigo, FDevolucion)
    VALUES ('2015-10-03 12:35:30', 41406743921515938000, 428001381, '2015-10-03 13:44:55');
INSERT INTO ASCII_Prestamos (FPrestamo, Carnet, Codigo, FDevolucion)
    VALUES ('2017-01-09 19:04:34', 41406743921515938000, 850083148, '2017-01-09 19:17:31');
INSERT INTO ASCII_Prestamos (FPrestamo, Carnet, Codigo, FDevolucion)
    VALUES ('2017-07-24 15:36:19', 41406743921515938000, 822999051, '2017-07-24 18:44:13');
INSERT INTO ASCII_Prestamos (FPrestamo, Carnet, Codigo, FDevolucion)
    VALUES ('2017-11-24 11:46:03', 41406743921515938000, 617920706, '2017-11-24 15:03:55');
INSERT INTO ASCII_Prestamos (FPrestamo, Carnet, Codigo, FDevolucion)
    VALUES ('2017-10-04 11:49:02', 41406743921515938000, 585184362, '2017-10-04 19:54:20');
INSERT INTO ASCII_Prestamos (FPrestamo, Carnet, Codigo, FDevolucion)
    VALUES ('2018-09-07 18:59:49', 41406743921515938000, 950526760, '2018-09-07 19:14:12');
INSERT INTO ASCII_Prestamos (FPrestamo, Carnet, Codigo, FDevolucion)
    VALUES ('2016-01-16 10:55:00', 41406743921515938000, 689302586, '2016-01-16 18:18:39');
INSERT INTO ASCII_Prestamos (FPrestamo, Carnet, Codigo, FDevolucion)
    VALUES ('2018-09-07 13:13:32', 41406743921515938000, 700258093, '2018-09-07 17:56:06');
INSERT INTO ASCII_Prestamos (FPrestamo, Carnet, Codigo, FDevolucion)
    VALUES ('2018-04-21 14:41:18', 41406743921515938000, 587137439, '2018-04-21 16:57:52');


---------------- NEW USER gregorio60
INSERT INTO ASCII_Usuarios (Carnet, FAlta, Nombre, Apellidos, Apodo)
    VALUES (46590063330318205101, '1998-04-03 10:07:47', 'Remedios', 'Godoy', 'gregorio60');

INSERT INTO ASCII_Prestamos (FPrestamo, Carnet, Codigo, FDevolucion)
    VALUES ('2014-05-30 16:08:40', 46590063330318205101, 953850576, '2014-05-30 17:47:59');
INSERT INTO ASCII_Prestamos (FPrestamo, Carnet, Codigo, FDevolucion)
    VALUES ('2011-12-21 13:48:23', 46590063330318205101, 727226330, '2011-12-21 16:36:11');
INSERT INTO ASCII_Prestamos (FPrestamo, Carnet, Codigo, FDevolucion)
    VALUES ('2010-12-05 09:12:43', 46590063330318205101, 971648177, '2010-12-05 14:01:34');
INSERT INTO ASCII_Prestamos (FPrestamo, Carnet, Codigo, FDevolucion)
    VALUES ('1999-04-22 15:20:44', 46590063330318205101, 566157944, '1999-04-22 16:12:58');
INSERT INTO ASCII_Prestamos (FPrestamo, Carnet, Codigo, FDevolucion)
    VALUES ('2005-11-28 10:15:20', 46590063330318205101, 170880022, '2005-11-28 15:20:08');
INSERT INTO ASCII_Prestamos (FPrestamo, Carnet, Codigo, FDevolucion)
    VALUES ('2015-02-05 19:46:15', 46590063330318205101, 147729606, '2015-02-05 20:33:19');
INSERT INTO ASCII_Prestamos (FPrestamo, Carnet, Codigo, FDevolucion)
    VALUES ('2003-05-04 17:21:08', 46590063330318205101, 84694334, '2003-05-04 19:34:41');
INSERT INTO ASCII_Prestamos (FPrestamo, Carnet, Codigo, FDevolucion)
    VALUES ('2013-03-14 12:47:39', 46590063330318205101, 409476072, '2013-03-14 17:02:53');
INSERT INTO ASCII_Prestamos (FPrestamo, Carnet, Codigo, FDevolucion)
    VALUES ('2018-03-19 13:00:09', 46590063330318205101, 561655840, '2018-03-19 16:45:10');
INSERT INTO ASCII_Prestamos (FPrestamo, Carnet, Codigo, FDevolucion)
    VALUES ('2017-03-01 13:18:44', 46590063330318205101, 950526760, '2017-03-01 20:04:34');
INSERT INTO ASCII_Prestamos (FPrestamo, Carnet, Codigo, FDevolucion)
    VALUES ('2016-01-24 14:12:59', 46590063330318205101, 685941400, '2016-01-24 16:35:17');
INSERT INTO ASCII_Prestamos (FPrestamo, Carnet, Codigo, FDevolucion)
    VALUES ('2003-09-12 09:46:44', 46590063330318205101, 837424856, '2003-09-12 10:04:08');
INSERT INTO ASCII_Prestamos (FPrestamo, Carnet, Codigo, FDevolucion)
    VALUES ('2018-09-01 13:07:26', 46590063330318205101, 37958394, '2018-09-01 18:30:58');
INSERT INTO ASCII_Prestamos (FPrestamo, Carnet, Codigo, FDevolucion)
    VALUES ('2007-04-30 17:41:04', 46590063330318205101, 251337722, '2007-04-30 18:33:08');
INSERT INTO ASCII_Prestamos (FPrestamo, Carnet, Codigo, FDevolucion)
    VALUES ('2013-12-15 10:37:35', 46590063330318205101, 84694334, '2013-12-15 14:24:58');
INSERT INTO ASCII_Prestamos (FPrestamo, Carnet, Codigo, FDevolucion)
    VALUES ('2017-01-05 10:13:01', 46590063330318205101, 864419312, '2017-01-05 15:09:54');
INSERT INTO ASCII_Prestamos (FPrestamo, Carnet, Codigo, FDevolucion)
    VALUES ('1999-03-24 17:56:44', 46590063330318205101, 621287267, '1999-03-24 18:43:49');
INSERT INTO ASCII_Prestamos (FPrestamo, Carnet, Codigo, FDevolucion)
    VALUES ('2011-07-17 14:36:08', 46590063330318205101, 647931245, '2011-07-17 20:21:42');
INSERT INTO ASCII_Prestamos (FPrestamo, Carnet, Codigo, FDevolucion)
    VALUES ('1998-10-30 10:15:38', 46590063330318205101, 270103881, '1998-10-30 13:55:23');
INSERT INTO ASCII_Recomendaciones (Carnet, Base, Recomendacion)
 VALUES (46590063330318205101, 850083148, 270103881);
INSERT INTO ASCII_Prestamos (FPrestamo, Carnet, Codigo, FDevolucion)
    VALUES ('2009-10-29 18:16:49', 46590063330318205101, 604208493, '2009-10-29 19:33:57');
INSERT INTO ASCII_Prestamos (FPrestamo, Carnet, Codigo, FDevolucion)
    VALUES ('2000-12-22 18:52:26', 46590063330318205101, 800955108, '2000-12-22 19:51:24');
INSERT INTO ASCII_Prestamos (FPrestamo, Carnet, Codigo, FDevolucion)
    VALUES ('2017-12-09 09:09:17', 46590063330318205101, 953850576, '2017-12-09 15:57:58');
INSERT INTO ASCII_Prestamos (FPrestamo, Carnet, Codigo, FDevolucion)
    VALUES ('2013-07-27 11:03:41', 46590063330318205101, 195144846, '2013-07-27 18:19:59');
INSERT INTO ASCII_Recomendaciones (Carnet, Base, Recomendacion)
 VALUES (46590063330318205101, 290125844, 195144846);
INSERT INTO ASCII_Prestamos (FPrestamo, Carnet, Codigo, FDevolucion)
    VALUES ('2001-06-06 10:56:42', 46590063330318205101, 180014736, '2001-06-06 15:39:32');
INSERT INTO ASCII_Prestamos (FPrestamo, Carnet, Codigo, FDevolucion)
    VALUES ('1998-09-16 15:37:11', 46590063330318205101, 585184362, '1998-09-16 20:36:17');
INSERT INTO ASCII_Prestamos (FPrestamo, Carnet, Codigo, FDevolucion)
    VALUES ('2013-09-10 14:34:36', 46590063330318205101, 864419312, '2013-09-10 19:18:51');
INSERT INTO ASCII_Prestamos (FPrestamo, Carnet, Codigo, FDevolucion)
    VALUES ('2014-10-31 09:13:29', 46590063330318205101, 800955108, '2014-10-31 18:11:04');
INSERT INTO ASCII_Prestamos (FPrestamo, Carnet, Codigo, FDevolucion)
    VALUES ('2010-04-14 19:05:45', 46590063330318205101, 703854585, '2010-04-14 20:00:11');
INSERT INTO ASCII_Prestamos (FPrestamo, Carnet, Codigo, FDevolucion)
    VALUES ('2001-12-16 19:38:29', 46590063330318205101, 242380829, '2001-12-16 20:28:12');
INSERT INTO ASCII_Recomendaciones (Carnet, Base, Recomendacion)
 VALUES (46590063330318205101, 518990411, 242380829);
INSERT INTO ASCII_Prestamos (FPrestamo, Carnet, Codigo, FDevolucion)
    VALUES ('2000-12-23 18:00:47', 46590063330318205101, 800955108, '2000-12-23 20:00:18');
INSERT INTO ASCII_Prestamos (FPrestamo, Carnet, Codigo, FDevolucion)
    VALUES ('2014-05-13 17:02:39', 46590063330318205101, 952346420, '2014-05-13 19:04:18');
INSERT INTO ASCII_Prestamos (FPrestamo, Carnet, Codigo, FDevolucion)
    VALUES ('2006-05-19 12:04:08', 46590063330318205101, 669879732, '2006-05-19 15:20:04');
INSERT INTO ASCII_Prestamos (FPrestamo, Carnet, Codigo, FDevolucion)
    VALUES ('2006-01-23 10:47:52', 46590063330318205101, 360700172, '2006-01-23 16:05:19');
INSERT INTO ASCII_Prestamos (FPrestamo, Carnet, Codigo, FDevolucion)
    VALUES ('2018-04-17 18:30:00', 46590063330318205101, 360700172, '2018-04-17 19:17:19');
INSERT INTO ASCII_Recomendaciones (Carnet, Base, Recomendacion)
 VALUES (46590063330318205101, 265953115, 360700172);
INSERT INTO ASCII_Prestamos (FPrestamo, Carnet, Codigo, FDevolucion)
    VALUES ('2004-03-19 13:14:33', 46590063330318205101, 360700172, '2004-03-19 13:27:25');
INSERT INTO ASCII_Prestamos (FPrestamo, Carnet, Codigo, FDevolucion)
    VALUES ('2016-12-25 15:25:26', 46590063330318205101, 155192418, '2016-12-25 19:43:42');
INSERT INTO ASCII_Prestamos (FPrestamo, Carnet, Codigo, FDevolucion)
    VALUES ('2003-02-17 17:37:10', 46590063330318205101, 290125844, '2003-02-17 17:37:52');
INSERT INTO ASCII_Prestamos (FPrestamo, Carnet, Codigo, FDevolucion)
    VALUES ('2012-09-17 10:38:50', 46590063330318205101, 698357582, '2012-09-17 10:56:17');
INSERT INTO ASCII_Prestamos (FPrestamo, Carnet, Codigo, FDevolucion)
    VALUES ('2015-07-30 17:46:20', 46590063330318205101, 230128811, '2015-07-30 20:23:55');
INSERT INTO ASCII_Prestamos (FPrestamo, Carnet, Codigo, FDevolucion)
    VALUES ('2001-04-17 10:40:13', 46590063330318205101, 360700172, '2001-04-17 16:44:57');
INSERT INTO ASCII_Prestamos (FPrestamo, Carnet, Codigo, FDevolucion)
    VALUES ('2017-01-05 09:34:21', 46590063330318205101, 887208567, '2017-01-05 18:16:17');
INSERT INTO ASCII_Recomendaciones (Carnet, Base, Recomendacion)
 VALUES (46590063330318205101, 653241348, 887208567);
INSERT INTO ASCII_Prestamos (FPrestamo, Carnet, Codigo, FDevolucion)
    VALUES ('2011-12-12 12:47:16', 46590063330318205101, 672049130, '2011-12-12 19:34:27');
INSERT INTO ASCII_Prestamos (FPrestamo, Carnet, Codigo, FDevolucion)
    VALUES ('2007-03-06 09:06:47', 46590063330318205101, 242380829, '2007-03-06 19:13:46');
INSERT INTO ASCII_Prestamos (FPrestamo, Carnet, Codigo, FDevolucion)
    VALUES ('2016-11-10 14:08:07', 46590063330318205101, 155192418, '2016-11-10 19:54:58');
INSERT INTO ASCII_Prestamos (FPrestamo, Carnet, Codigo, FDevolucion)
    VALUES ('2014-03-22 11:39:48', 46590063330318205101, 930265900, '2014-03-22 19:13:13');
INSERT INTO ASCII_Prestamos (FPrestamo, Carnet, Codigo, FDevolucion)
    VALUES ('2007-04-14 13:58:19', 46590063330318205101, 128859739, '2007-04-14 13:58:41');
INSERT INTO ASCII_Prestamos (FPrestamo, Carnet, Codigo, FDevolucion)
    VALUES ('2008-05-07 10:10:05', 46590063330318205101, 268609271, '2008-05-07 10:58:44');
INSERT INTO ASCII_Prestamos (FPrestamo, Carnet, Codigo, FDevolucion)
    VALUES ('1998-06-21 09:36:16', 46590063330318205101, 307357928, '1998-06-21 13:20:14');
INSERT INTO ASCII_Prestamos (FPrestamo, Carnet, Codigo, FDevolucion)
    VALUES ('2004-06-25 10:30:47', 46590063330318205101, 971648177, '2004-06-25 17:23:42');
INSERT INTO ASCII_Prestamos (FPrestamo, Carnet, Codigo, FDevolucion)
    VALUES ('2014-08-22 11:35:07', 46590063330318205101, 672049130, '2014-08-22 14:34:30');
INSERT INTO ASCII_Prestamos (FPrestamo, Carnet, Codigo, FDevolucion)
    VALUES ('2017-09-03 12:38:51', 46590063330318205101, 542097873, '2017-09-03 16:35:41');
INSERT INTO ASCII_Prestamos (FPrestamo, Carnet, Codigo, FDevolucion)
    VALUES ('2003-05-03 19:17:17', 46590063330318205101, 991317338, '2003-05-03 19:35:05');
INSERT INTO ASCII_Prestamos (FPrestamo, Carnet, Codigo, FDevolucion)
    VALUES ('2012-01-20 15:26:14', 46590063330318205101, 268609271, '2012-01-20 18:50:36');
INSERT INTO ASCII_Recomendaciones (Carnet, Base, Recomendacion)
 VALUES (46590063330318205101, 887208567, 268609271);
INSERT INTO ASCII_Prestamos (FPrestamo, Carnet, Codigo, FDevolucion)
    VALUES ('2002-03-20 18:15:53', 46590063330318205101, 462839979, '2002-03-20 22:43:41');
INSERT INTO ASCII_Prestamos (FPrestamo, Carnet, Codigo, FDevolucion)
    VALUES ('2006-06-18 10:20:04', 46590063330318205101, 84694334, '2006-06-18 16:35:40');
INSERT INTO ASCII_Prestamos (FPrestamo, Carnet, Codigo, FDevolucion)
    VALUES ('2005-12-16 11:45:21', 46590063330318205101, 682329074, '2005-12-16 17:00:04');
INSERT INTO ASCII_Prestamos (FPrestamo, Carnet, Codigo, FDevolucion)
    VALUES ('2004-01-27 17:11:47', 46590063330318205101, 657948358, '2004-01-27 17:22:46');
INSERT INTO ASCII_Prestamos (FPrestamo, Carnet, Codigo, FDevolucion)
    VALUES ('2007-07-08 15:15:41', 46590063330318205101, 845078739, '2007-07-08 17:43:19');
INSERT INTO ASCII_Recomendaciones (Carnet, Base, Recomendacion)
 VALUES (46590063330318205101, 727226330, 845078739);
INSERT INTO ASCII_Prestamos (FPrestamo, Carnet, Codigo, FDevolucion)
    VALUES ('2008-11-04 11:17:03', 46590063330318205101, 37958394, '2008-11-04 12:56:54');
INSERT INTO ASCII_Prestamos (FPrestamo, Carnet, Codigo, FDevolucion)
    VALUES ('2002-09-02 19:48:16', 46590063330318205101, 870139361, '2002-09-02 20:31:56');
INSERT INTO ASCII_Prestamos (FPrestamo, Carnet, Codigo, FDevolucion)
    VALUES ('2010-07-06 19:34:29', 46590063330318205101, 653241348, '2010-07-06 20:15:08');
INSERT INTO ASCII_Prestamos (FPrestamo, Carnet, Codigo, FDevolucion)
    VALUES ('2003-04-22 12:21:18', 46590063330318205101, 488201605, '2003-04-22 15:33:45');
INSERT INTO ASCII_Recomendaciones (Carnet, Base, Recomendacion)
 VALUES (46590063330318205101, 862290062, 488201605);
INSERT INTO ASCII_Prestamos (FPrestamo, Carnet, Codigo, FDevolucion)
    VALUES ('2003-07-21 19:39:46', 46590063330318205101, 290125844, '2003-07-21 19:44:46');
INSERT INTO ASCII_Prestamos (FPrestamo, Carnet, Codigo, FDevolucion)
    VALUES ('2002-07-21 10:14:56', 46590063330318205101, 585707220, '2002-07-21 13:18:59');
INSERT INTO ASCII_Prestamos (FPrestamo, Carnet, Codigo, FDevolucion)
    VALUES ('2005-10-18 13:16:15', 46590063330318205101, 670546869, '2005-10-18 17:27:53');
INSERT INTO ASCII_Prestamos (FPrestamo, Carnet, Codigo, FDevolucion)
    VALUES ('2013-08-31 10:39:21', 46590063330318205101, 657948358, '2013-08-31 10:46:53');
INSERT INTO ASCII_Prestamos (FPrestamo, Carnet, Codigo, FDevolucion)
    VALUES ('2007-09-09 16:07:26', 46590063330318205101, 489855290, '2007-09-09 18:21:14');
INSERT INTO ASCII_Prestamos (FPrestamo, Carnet, Codigo, FDevolucion)
    VALUES ('2006-11-12 15:16:38', 46590063330318205101, 903717553, '2006-11-12 18:13:22');
INSERT INTO ASCII_Recomendaciones (Carnet, Base, Recomendacion)
 VALUES (46590063330318205101, 647931245, 903717553);
INSERT INTO ASCII_Prestamos (FPrestamo, Carnet, Codigo, FDevolucion)
    VALUES ('2000-03-31 13:20:23', 46590063330318205101, 307357928, '2000-03-31 17:51:04');
INSERT INTO ASCII_Prestamos (FPrestamo, Carnet, Codigo, FDevolucion)
    VALUES ('2000-12-26 11:17:42', 46590063330318205101, 18635348, '2000-12-26 19:22:41');
INSERT INTO ASCII_Prestamos (FPrestamo, Carnet, Codigo, FDevolucion)
    VALUES ('2011-10-24 11:54:41', 46590063330318205101, 438834923, '2011-10-24 15:05:28');
INSERT INTO ASCII_Recomendaciones (Carnet, Base, Recomendacion)
 VALUES (46590063330318205101, 419138522, 438834923);
INSERT INTO ASCII_Prestamos (FPrestamo, Carnet, Codigo, FDevolucion)
    VALUES ('2000-05-24 16:11:54', 46590063330318205101, 106749821, '2000-05-24 19:44:55');
INSERT INTO ASCII_Prestamos (FPrestamo, Carnet, Codigo, FDevolucion)
    VALUES ('2013-11-18 15:23:31', 46590063330318205101, 462839979, '2013-11-18 16:21:57');
INSERT INTO ASCII_Prestamos (FPrestamo, Carnet, Codigo, FDevolucion)
    VALUES ('2002-12-07 14:50:31', 46590063330318205101, 682329074, '2002-12-07 19:10:35');
INSERT INTO ASCII_Prestamos (FPrestamo, Carnet, Codigo, FDevolucion)
    VALUES ('1998-11-26 13:10:00', 46590063330318205101, 685941400, '1998-11-26 15:34:31');


---------------- NEW USER aguilaadrian
INSERT INTO ASCII_Usuarios (Carnet, FAlta, Nombre, Apellidos, Apodo)
    VALUES (92294883740477380010, '2014-06-02 11:45:02', 'Miriam', 'Acosta', 'aguilaadrian');

INSERT INTO ASCII_Prestamos (FPrestamo, Carnet, Codigo, FDevolucion)
    VALUES ('2016-02-15 14:11:48', 92294883740477380010, 672049130, '2016-02-15 15:15:45');
INSERT INTO ASCII_Prestamos (FPrestamo, Carnet, Codigo, FDevolucion)
    VALUES ('2016-02-21 12:44:33', 92294883740477380010, 566157944, '2016-02-21 15:32:49');
INSERT INTO ASCII_Prestamos (FPrestamo, Carnet, Codigo, FDevolucion)
    VALUES ('2015-06-20 14:26:21', 92294883740477380010, 954808125, '2015-06-20 17:06:28');
INSERT INTO ASCII_Prestamos (FPrestamo, Carnet, Codigo, FDevolucion)
    VALUES ('2016-02-02 17:01:53', 92294883740477380010, 839730706, '2016-02-02 17:38:11');
INSERT INTO ASCII_Prestamos (FPrestamo, Carnet, Codigo, FDevolucion)
    VALUES ('2016-12-10 16:12:23', 92294883740477380010, 481287493, '2016-12-10 17:02:25');
INSERT INTO ASCII_Prestamos (FPrestamo, Carnet, Codigo, FDevolucion)
    VALUES ('2018-06-20 09:59:46', 92294883740477380010, 270103881, '2018-06-20 13:36:51');
INSERT INTO ASCII_Prestamos (FPrestamo, Carnet, Codigo, FDevolucion)
    VALUES ('2017-04-14 13:26:47', 92294883740477380010, 672049130, '2017-04-14 18:48:59');
INSERT INTO ASCII_Prestamos (FPrestamo, Carnet, Codigo, FDevolucion)
    VALUES ('2016-05-18 11:38:20', 92294883740477380010, 689302586, '2016-05-18 15:28:29');
INSERT INTO ASCII_Prestamos (FPrestamo, Carnet, Codigo, FDevolucion)
    VALUES ('2018-01-06 15:59:37', 92294883740477380010, 84694334, '2018-01-06 20:55:29');
INSERT INTO ASCII_Prestamos (FPrestamo, Carnet, Codigo, FDevolucion)
    VALUES ('2017-09-02 11:05:39', 92294883740477380010, 331049936, '2017-09-02 11:09:07');
INSERT INTO ASCII_Prestamos (FPrestamo, Carnet, Codigo, FDevolucion)
    VALUES ('2014-11-09 09:04:56', 92294883740477380010, 837424856, '2014-11-09 13:14:18');
INSERT INTO ASCII_Prestamos (FPrestamo, Carnet, Codigo, FDevolucion)
    VALUES ('2017-11-05 16:46:13', 92294883740477380010, 840655483, '2017-11-05 17:07:56');
INSERT INTO ASCII_Prestamos (FPrestamo, Carnet, Codigo, FDevolucion)
    VALUES ('2016-04-01 09:48:14', 92294883740477380010, 621287267, '2016-04-01 11:46:46');
INSERT INTO ASCII_Prestamos (FPrestamo, Carnet, Codigo, FDevolucion)
    VALUES ('2014-09-18 11:55:05', 92294883740477380010, 672049130, '2014-09-18 14:11:15');
INSERT INTO ASCII_Prestamos (FPrestamo, Carnet, Codigo, FDevolucion)
    VALUES ('2015-09-01 11:50:27', 92294883740477380010, 927955996, '2015-09-01 19:34:46');
INSERT INTO ASCII_Prestamos (FPrestamo, Carnet, Codigo, FDevolucion)
    VALUES ('2015-09-14 13:17:06', 92294883740477380010, 308179286, '2015-09-14 18:09:34');
INSERT INTO ASCII_Prestamos (FPrestamo, Carnet, Codigo, FDevolucion)
    VALUES ('2015-06-19 19:58:45', 92294883740477380010, 467479744, '2015-06-19 20:55:14');
INSERT INTO ASCII_Prestamos (FPrestamo, Carnet, Codigo, FDevolucion)
    VALUES ('2017-05-11 14:57:34', 92294883740477380010, 840655483, '2017-05-11 19:35:23');
INSERT INTO ASCII_Prestamos (FPrestamo, Carnet, Codigo, FDevolucion)
    VALUES ('2016-08-21 10:55:26', 92294883740477380010, 360700172, '2016-08-21 16:26:26');
INSERT INTO ASCII_Prestamos (FPrestamo, Carnet, Codigo, FDevolucion)
    VALUES ('2015-07-10 13:54:44', 92294883740477380010, 566157944, '2015-07-10 15:45:58');
INSERT INTO ASCII_Prestamos (FPrestamo, Carnet, Codigo, FDevolucion)
    VALUES ('2016-02-12 18:29:08', 92294883740477380010, 991317338, '2016-02-12 20:13:02');
INSERT INTO ASCII_Prestamos (FPrestamo, Carnet, Codigo, FDevolucion)
    VALUES ('2017-06-13 12:09:06', 92294883740477380010, 47554194, '2017-06-13 17:31:03');
INSERT INTO ASCII_Prestamos (FPrestamo, Carnet, Codigo, FDevolucion)
    VALUES ('2015-01-07 09:41:51', 92294883740477380010, 653241348, '2015-01-07 10:23:14');
INSERT INTO ASCII_Prestamos (FPrestamo, Carnet, Codigo, FDevolucion)
    VALUES ('2018-01-27 12:17:29', 92294883740477380010, 411723132, '2018-01-27 13:10:58');
INSERT INTO ASCII_Prestamos (FPrestamo, Carnet, Codigo, FDevolucion)
    VALUES ('2014-10-15 13:26:49', 92294883740477380010, 850083148, '2014-10-15 16:14:11');
INSERT INTO ASCII_Prestamos (FPrestamo, Carnet, Codigo, FDevolucion)
    VALUES ('2015-06-10 13:14:00', 92294883740477380010, 566157944, '2015-06-10 15:25:26');
INSERT INTO ASCII_Prestamos (FPrestamo, Carnet, Codigo, FDevolucion)
    VALUES ('2018-11-08 11:21:33', 92294883740477380010, 430588711, '2018-11-08 15:27:30');
INSERT INTO ASCII_Prestamos (FPrestamo, Carnet, Codigo, FDevolucion)
    VALUES ('2017-05-27 17:23:37', 92294883740477380010, 467479744, '2017-05-27 20:03:12');
INSERT INTO ASCII_Prestamos (FPrestamo, Carnet, Codigo, FDevolucion)
    VALUES ('2018-07-29 11:13:58', 92294883740477380010, 845078739, '2018-07-29 19:36:34');


---------------- NEW USER noeliaburgos
INSERT INTO ASCII_Usuarios (Carnet, FAlta, Nombre, Apellidos, Apodo)
    VALUES (44705188754235590390, '2012-12-08 09:55:40', 'Josefa', 'Osuna-Álamo', 'noeliaburgos');

INSERT INTO ASCII_Prestamos (FPrestamo, Carnet, Codigo, FDevolucion)
    VALUES ('2017-06-14 19:16:23', 44705188754235590390, 131733386, '2017-06-14 19:24:02');
INSERT INTO ASCII_Prestamos (FPrestamo, Carnet, Codigo, FDevolucion)
    VALUES ('2015-03-25 17:25:04', 44705188754235590390, 585184362, '2015-03-25 19:28:50');
INSERT INTO ASCII_Prestamos (FPrestamo, Carnet, Codigo, FDevolucion)
    VALUES ('2013-05-08 18:51:43', 44705188754235590390, 585184362, '2013-05-08 20:05:46');
INSERT INTO ASCII_Prestamos (FPrestamo, Carnet, Codigo, FDevolucion)
    VALUES ('2014-03-23 11:35:44', 44705188754235590390, 127915210, '2014-03-23 20:11:30');
INSERT INTO ASCII_Prestamos (FPrestamo, Carnet, Codigo, FDevolucion)
    VALUES ('2018-06-30 12:36:17', 44705188754235590390, 201222074, '2018-06-30 17:11:44');
INSERT INTO ASCII_Prestamos (FPrestamo, Carnet, Codigo, FDevolucion)
    VALUES ('2015-09-03 12:58:28', 44705188754235590390, 250884700, '2015-09-03 18:11:29');
INSERT INTO ASCII_Prestamos (FPrestamo, Carnet, Codigo, FDevolucion)
    VALUES ('2014-03-21 10:12:02', 44705188754235590390, 409476072, '2014-03-21 15:24:14');
INSERT INTO ASCII_Prestamos (FPrestamo, Carnet, Codigo, FDevolucion)
    VALUES ('2014-04-23 09:13:04', 44705188754235590390, 617920706, '2014-04-23 14:22:35');
INSERT INTO ASCII_Prestamos (FPrestamo, Carnet, Codigo, FDevolucion)
    VALUES ('2017-09-20 15:19:16', 44705188754235590390, 700258093, '2017-09-20 18:13:53');
INSERT INTO ASCII_Recomendaciones (Carnet, Base, Recomendacion)
 VALUES (44705188754235590390, 85574695, 700258093);
INSERT INTO ASCII_Prestamos (FPrestamo, Carnet, Codigo, FDevolucion)
    VALUES ('2018-11-18 19:40:32', 44705188754235590390, 903717553, '2018-11-18 20:38:06');
INSERT INTO ASCII_Prestamos (FPrestamo, Carnet, Codigo, FDevolucion)
    VALUES ('2018-04-02 13:46:28', 44705188754235590390, 341971670, '2018-04-02 18:54:20');
INSERT INTO ASCII_Prestamos (FPrestamo, Carnet, Codigo, FDevolucion)
    VALUES ('2013-09-03 15:30:05', 44705188754235590390, 201222074, '2013-09-03 18:08:55');
INSERT INTO ASCII_Recomendaciones (Carnet, Base, Recomendacion)
 VALUES (44705188754235590390, 156146678, 201222074);
INSERT INTO ASCII_Prestamos (FPrestamo, Carnet, Codigo, FDevolucion)
    VALUES ('2015-12-26 16:42:18', 44705188754235590390, 727226330, '2015-12-26 18:08:31');
INSERT INTO ASCII_Prestamos (FPrestamo, Carnet, Codigo, FDevolucion)
    VALUES ('2017-04-16 16:35:52', 44705188754235590390, 84694334, '2017-04-16 17:26:02');
INSERT INTO ASCII_Prestamos (FPrestamo, Carnet, Codigo, FDevolucion)
    VALUES ('2018-02-27 18:04:42', 44705188754235590390, 335793936, '2018-02-27 18:37:13');
INSERT INTO ASCII_Prestamos (FPrestamo, Carnet, Codigo, FDevolucion)
    VALUES ('2017-11-29 14:51:22', 44705188754235590390, 561655840, '2017-11-29 20:08:40');
INSERT INTO ASCII_Prestamos (FPrestamo, Carnet, Codigo, FDevolucion)
    VALUES ('2015-12-20 12:14:37', 44705188754235590390, 657948358, '2015-12-20 18:24:39');
INSERT INTO ASCII_Recomendaciones (Carnet, Base, Recomendacion)
 VALUES (44705188754235590390, 703854585, 657948358);
INSERT INTO ASCII_Prestamos (FPrestamo, Carnet, Codigo, FDevolucion)
    VALUES ('2014-09-20 09:55:41', 44705188754235590390, 206123333, '2014-09-20 12:12:21');
INSERT INTO ASCII_Recomendaciones (Carnet, Base, Recomendacion)
 VALUES (44705188754235590390, 438834923, 206123333);
INSERT INTO ASCII_Prestamos (FPrestamo, Carnet, Codigo, FDevolucion)
    VALUES ('2015-08-02 12:43:05', 44705188754235590390, 286701931, '2015-08-02 15:28:37');
INSERT INTO ASCII_Prestamos (FPrestamo, Carnet, Codigo, FDevolucion)
    VALUES ('2016-02-22 17:48:58', 44705188754235590390, 890814220, '2016-02-22 19:12:00');
INSERT INTO ASCII_Prestamos (FPrestamo, Carnet, Codigo, FDevolucion)
    VALUES ('2015-12-26 10:11:54', 44705188754235590390, 155192418, '2015-12-26 15:15:55');
INSERT INTO ASCII_Prestamos (FPrestamo, Carnet, Codigo, FDevolucion)
    VALUES ('2014-10-24 13:52:09', 44705188754235590390, 980789108, '2014-10-24 17:46:49');
INSERT INTO ASCII_Prestamos (FPrestamo, Carnet, Codigo, FDevolucion)
    VALUES ('2014-05-25 16:04:05', 44705188754235590390, 488201605, '2014-05-25 16:22:45');
INSERT INTO ASCII_Prestamos (FPrestamo, Carnet, Codigo, FDevolucion)
    VALUES ('2014-04-22 11:58:52', 44705188754235590390, 45166485, '2014-04-22 20:36:29');
INSERT INTO ASCII_Prestamos (FPrestamo, Carnet, Codigo, FDevolucion)
    VALUES ('2018-03-01 13:56:09', 44705188754235590390, 338686884, '2018-03-01 19:06:01');
INSERT INTO ASCII_Prestamos (FPrestamo, Carnet, Codigo, FDevolucion)
    VALUES ('2018-11-06 12:35:54', 44705188754235590390, 672049130, '2018-11-06 18:17:42');
INSERT INTO ASCII_Prestamos (FPrestamo, Carnet, Codigo, FDevolucion)
    VALUES ('2015-10-10 19:31:28', 44705188754235590390, 700258093, '2015-10-10 19:57:05');
INSERT INTO ASCII_Prestamos (FPrestamo, Carnet, Codigo, FDevolucion)
    VALUES ('2018-12-22 13:03:00', 44705188754235590390, 766222245, '2018-12-22 15:35:20');
INSERT INTO ASCII_Prestamos (FPrestamo, Carnet, Codigo, FDevolucion)
    VALUES ('2018-07-27 16:12:13', 44705188754235590390, 800955108, '2018-07-27 16:18:50');
INSERT INTO ASCII_Prestamos (FPrestamo, Carnet, Codigo, FDevolucion)
    VALUES ('2017-03-20 16:32:21', 44705188754235590390, 286701931, '2017-03-20 19:21:40');
INSERT INTO ASCII_Prestamos (FPrestamo, Carnet, Codigo, FDevolucion)
    VALUES ('2016-11-28 12:22:44', 44705188754235590390, 703854585, '2016-11-28 18:49:02');
INSERT INTO ASCII_Recomendaciones (Carnet, Base, Recomendacion)
 VALUES (44705188754235590390, 253994868, 703854585);
INSERT INTO ASCII_Prestamos (FPrestamo, Carnet, Codigo, FDevolucion)
    VALUES ('2013-12-05 12:36:06', 44705188754235590390, 840655483, '2013-12-05 14:23:34');
INSERT INTO ASCII_Prestamos (FPrestamo, Carnet, Codigo, FDevolucion)
    VALUES ('2018-02-25 18:23:22', 44705188754235590390, 18635348, '2018-02-25 19:58:59');


---------------- NEW USER albapizarro
INSERT INTO ASCII_Usuarios (Carnet, FAlta, Nombre, Apellidos, Apodo)
    VALUES (73120996277665698775, '2018-11-17 09:51:56', 'Nieves', 'Gargallo', 'albapizarro');

INSERT INTO ASCII_Prestamos (FPrestamo, Carnet, Codigo, FDevolucion)
    VALUES ('2018-11-21 15:52:09', 73120996277665698775, 700258093, '2018-11-21 17:42:37');


---------------- NEW USER ptudela
INSERT INTO ASCII_Usuarios (Carnet, FAlta, Nombre, Apellidos, Apodo)
    VALUES (97177683886514682994, '2014-01-15 19:05:06', 'Victor', 'Badía', 'ptudela');

INSERT INTO ASCII_Prestamos (FPrestamo, Carnet, Codigo, FDevolucion)
    VALUES ('2014-09-14 19:33:29', 97177683886514682994, 669879732, '2014-09-14 19:59:44');
INSERT INTO ASCII_Prestamos (FPrestamo, Carnet, Codigo, FDevolucion)
    VALUES ('2018-11-16 09:43:26', 97177683886514682994, 669879732, '2018-11-16 15:33:03');
INSERT INTO ASCII_Prestamos (FPrestamo, Carnet, Codigo, FDevolucion)
    VALUES ('2016-05-20 15:20:08', 97177683886514682994, 804481452, '2016-05-20 16:59:32');
INSERT INTO ASCII_Prestamos (FPrestamo, Carnet, Codigo, FDevolucion)
    VALUES ('2014-11-23 10:14:45', 97177683886514682994, 271974491, '2014-11-23 14:40:57');
INSERT INTO ASCII_Prestamos (FPrestamo, Carnet, Codigo, FDevolucion)
    VALUES ('2017-06-12 12:55:44', 97177683886514682994, 84694334, '2017-06-12 15:16:31');
INSERT INTO ASCII_Prestamos (FPrestamo, Carnet, Codigo, FDevolucion)
    VALUES ('2014-05-10 11:10:00', 97177683886514682994, 335793936, '2014-05-10 12:08:06');
INSERT INTO ASCII_Prestamos (FPrestamo, Carnet, Codigo, FDevolucion)
    VALUES ('2016-09-15 14:11:03', 97177683886514682994, 617920706, '2016-09-15 18:52:16');
INSERT INTO ASCII_Recomendaciones (Carnet, Base, Recomendacion)
 VALUES (97177683886514682994, 617920706, 617920706);
INSERT INTO ASCII_Prestamos (FPrestamo, Carnet, Codigo, FDevolucion)
    VALUES ('2017-06-10 09:24:09', 97177683886514682994, 369113628, '2017-06-10 12:11:16');
INSERT INTO ASCII_Prestamos (FPrestamo, Carnet, Codigo, FDevolucion)
    VALUES ('2017-12-25 15:53:13', 97177683886514682994, 991317338, '2017-12-25 18:37:16');
INSERT INTO ASCII_Prestamos (FPrestamo, Carnet, Codigo, FDevolucion)
    VALUES ('2015-01-28 16:41:36', 97177683886514682994, 700258093, '2015-01-28 20:40:38');
INSERT INTO ASCII_Prestamos (FPrestamo, Carnet, Codigo, FDevolucion)
    VALUES ('2014-12-27 10:35:39', 97177683886514682994, 982622725, '2014-12-27 14:29:24');
INSERT INTO ASCII_Prestamos (FPrestamo, Carnet, Codigo, FDevolucion)
    VALUES ('2017-05-13 18:50:25', 97177683886514682994, 195144846, '2017-05-13 19:36:16');
INSERT INTO ASCII_Prestamos (FPrestamo, Carnet, Codigo, FDevolucion)
    VALUES ('2014-03-15 19:44:15', 97177683886514682994, 338686884, '2014-03-15 20:40:31');
INSERT INTO ASCII_Prestamos (FPrestamo, Carnet, Codigo, FDevolucion)
    VALUES ('2018-04-12 10:57:04', 97177683886514682994, 804481452, '2018-04-12 13:20:55');
INSERT INTO ASCII_Prestamos (FPrestamo, Carnet, Codigo, FDevolucion)
    VALUES ('2014-11-10 19:02:00', 97177683886514682994, 411723132, '2014-11-10 19:40:15');
INSERT INTO ASCII_Prestamos (FPrestamo, Carnet, Codigo, FDevolucion)
    VALUES ('2015-06-04 15:39:07', 97177683886514682994, 85574695, '2015-06-04 20:15:28');
INSERT INTO ASCII_Prestamos (FPrestamo, Carnet, Codigo, FDevolucion)
    VALUES ('2015-06-28 13:53:27', 97177683886514682994, 685941400, '2015-06-28 14:23:25');
INSERT INTO ASCII_Prestamos (FPrestamo, Carnet, Codigo, FDevolucion)
    VALUES ('2018-09-01 15:18:40', 97177683886514682994, 953850576, '2018-09-01 17:57:24');
INSERT INTO ASCII_Prestamos (FPrestamo, Carnet, Codigo, FDevolucion)
    VALUES ('2015-06-09 10:17:45', 97177683886514682994, 488201605, '2015-06-09 11:34:25');
INSERT INTO ASCII_Recomendaciones (Carnet, Base, Recomendacion)
 VALUES (97177683886514682994, 518990411, 488201605);
INSERT INTO ASCII_Prestamos (FPrestamo, Carnet, Codigo, FDevolucion)
    VALUES ('2017-05-01 09:34:48', 97177683886514682994, 927955996, '2017-05-01 12:59:02');
INSERT INTO ASCII_Prestamos (FPrestamo, Carnet, Codigo, FDevolucion)
    VALUES ('2018-05-25 15:58:18', 97177683886514682994, 851235196, '2018-05-25 20:36:34');
INSERT INTO ASCII_Prestamos (FPrestamo, Carnet, Codigo, FDevolucion)
    VALUES ('2014-11-04 14:31:15', 97177683886514682994, 804481452, '2014-11-04 18:48:02');
INSERT INTO ASCII_Prestamos (FPrestamo, Carnet, Codigo, FDevolucion)
    VALUES ('2018-06-05 10:17:01', 97177683886514682994, 155192418, '2018-06-05 10:39:05');
INSERT INTO ASCII_Prestamos (FPrestamo, Carnet, Codigo, FDevolucion)
    VALUES ('2016-12-12 10:23:09', 97177683886514682994, 467479744, '2016-12-12 14:00:18');


---------------- NEW USER gimenezrocio
INSERT INTO ASCII_Usuarios (Carnet, FAlta, Nombre, Apellidos, Apodo)
    VALUES (37685014967993803059, '1999-03-09 09:01:39', 'Raul', 'Hervás', 'gimenezrocio');

INSERT INTO ASCII_Prestamos (FPrestamo, Carnet, Codigo, FDevolucion)
    VALUES ('2010-04-03 15:42:19', 37685014967993803059, 822999051, '2010-04-03 18:50:40');
INSERT INTO ASCII_Prestamos (FPrestamo, Carnet, Codigo, FDevolucion)
    VALUES ('2016-08-10 13:09:07', 37685014967993803059, 527398674, '2016-08-10 17:18:22');
INSERT INTO ASCII_Recomendaciones (Carnet, Base, Recomendacion)
 VALUES (37685014967993803059, 887208567, 527398674);
INSERT INTO ASCII_Prestamos (FPrestamo, Carnet, Codigo, FDevolucion)
    VALUES ('2005-11-12 17:55:07', 37685014967993803059, 250884700, '2005-11-12 18:34:42');
INSERT INTO ASCII_Prestamos (FPrestamo, Carnet, Codigo, FDevolucion)
    VALUES ('1999-12-04 17:55:16', 37685014967993803059, 480674548, '1999-12-04 20:15:54');
INSERT INTO ASCII_Prestamos (FPrestamo, Carnet, Codigo, FDevolucion)
    VALUES ('1999-12-24 17:57:46', 37685014967993803059, 170880022, '1999-12-24 19:49:22');
INSERT INTO ASCII_Prestamos (FPrestamo, Carnet, Codigo, FDevolucion)
    VALUES ('1999-05-19 12:15:29', 37685014967993803059, 937697389, '1999-05-19 13:41:30');
INSERT INTO ASCII_Prestamos (FPrestamo, Carnet, Codigo, FDevolucion)
    VALUES ('2015-07-18 11:15:31', 37685014967993803059, 850083148, '2015-07-18 19:03:24');
INSERT INTO ASCII_Prestamos (FPrestamo, Carnet, Codigo, FDevolucion)
    VALUES ('2015-01-03 16:33:38', 37685014967993803059, 870139361, '2015-01-03 17:19:19');
INSERT INTO ASCII_Prestamos (FPrestamo, Carnet, Codigo, FDevolucion)
    VALUES ('2010-08-27 11:01:00', 37685014967993803059, 903717553, '2010-08-27 19:10:42');
INSERT INTO ASCII_Recomendaciones (Carnet, Base, Recomendacion)
 VALUES (37685014967993803059, 621287267, 903717553);
INSERT INTO ASCII_Prestamos (FPrestamo, Carnet, Codigo, FDevolucion)
    VALUES ('2008-01-30 18:39:16', 37685014967993803059, 251337722, '2008-01-30 19:14:52');
INSERT INTO ASCII_Prestamos (FPrestamo, Carnet, Codigo, FDevolucion)
    VALUES ('2015-11-01 09:19:47', 37685014967993803059, 887208567, '2015-11-01 11:03:10');
INSERT INTO ASCII_Prestamos (FPrestamo, Carnet, Codigo, FDevolucion)
    VALUES ('2002-01-03 19:58:00', 37685014967993803059, 369113628, '2002-01-03 20:22:54');
INSERT INTO ASCII_Prestamos (FPrestamo, Carnet, Codigo, FDevolucion)
    VALUES ('2016-03-04 17:21:37', 37685014967993803059, 862290062, '2016-03-04 18:49:54');
INSERT INTO ASCII_Prestamos (FPrestamo, Carnet, Codigo, FDevolucion)
    VALUES ('2007-12-07 19:19:18', 37685014967993803059, 973769009, '2007-12-07 19:52:59');
INSERT INTO ASCII_Prestamos (FPrestamo, Carnet, Codigo, FDevolucion)
    VALUES ('2002-03-07 09:42:10', 37685014967993803059, 857051941, '2002-03-07 16:10:50');
INSERT INTO ASCII_Prestamos (FPrestamo, Carnet, Codigo, FDevolucion)
    VALUES ('2017-07-30 18:44:27', 37685014967993803059, 689302586, '2017-07-30 20:27:06');
INSERT INTO ASCII_Prestamos (FPrestamo, Carnet, Codigo, FDevolucion)
    VALUES ('2009-07-07 14:41:35', 37685014967993803059, 653241348, '2009-07-07 20:41:24');
INSERT INTO ASCII_Prestamos (FPrestamo, Carnet, Codigo, FDevolucion)
    VALUES ('2003-07-11 18:27:00', 37685014967993803059, 85574695, '2003-07-11 18:51:56');
INSERT INTO ASCII_Prestamos (FPrestamo, Carnet, Codigo, FDevolucion)
    VALUES ('2010-08-11 10:54:02', 37685014967993803059, 430588711, '2010-08-11 15:12:02');
INSERT INTO ASCII_Prestamos (FPrestamo, Carnet, Codigo, FDevolucion)
    VALUES ('2010-11-22 15:47:39', 37685014967993803059, 37958394, '2010-11-22 19:00:46');
INSERT INTO ASCII_Prestamos (FPrestamo, Carnet, Codigo, FDevolucion)
    VALUES ('2000-01-26 13:58:19', 37685014967993803059, 657948358, '2000-01-26 19:06:35');
INSERT INTO ASCII_Prestamos (FPrestamo, Carnet, Codigo, FDevolucion)
    VALUES ('2009-04-24 18:14:22', 37685014967993803059, 585707220, '2009-04-24 18:19:03');
INSERT INTO ASCII_Prestamos (FPrestamo, Carnet, Codigo, FDevolucion)
    VALUES ('2007-07-24 19:16:35', 37685014967993803059, 481287493, '2007-07-24 19:29:30');
INSERT INTO ASCII_Prestamos (FPrestamo, Carnet, Codigo, FDevolucion)
    VALUES ('2005-02-04 13:52:45', 37685014967993803059, 84694334, '2005-02-04 19:52:48');
INSERT INTO ASCII_Prestamos (FPrestamo, Carnet, Codigo, FDevolucion)
    VALUES ('2009-09-04 11:49:34', 37685014967993803059, 954808125, '2009-09-04 19:10:57');
INSERT INTO ASCII_Prestamos (FPrestamo, Carnet, Codigo, FDevolucion)
    VALUES ('2010-03-11 18:11:46', 37685014967993803059, 411723132, '2010-03-11 18:13:20');
INSERT INTO ASCII_Prestamos (FPrestamo, Carnet, Codigo, FDevolucion)
    VALUES ('2001-08-27 17:29:48', 37685014967993803059, 851235196, '2001-08-27 17:46:37');
INSERT INTO ASCII_Prestamos (FPrestamo, Carnet, Codigo, FDevolucion)
    VALUES ('2003-07-23 14:40:31', 37685014967993803059, 243541526, '2003-07-23 16:05:36');
INSERT INTO ASCII_Prestamos (FPrestamo, Carnet, Codigo, FDevolucion)
    VALUES ('2009-01-26 09:32:52', 37685014967993803059, 131733386, '2009-01-26 14:16:03');
INSERT INTO ASCII_Prestamos (FPrestamo, Carnet, Codigo, FDevolucion)
    VALUES ('2004-05-02 16:14:48', 37685014967993803059, 243541526, '2004-05-02 16:46:37');
INSERT INTO ASCII_Prestamos (FPrestamo, Carnet, Codigo, FDevolucion)
    VALUES ('2004-04-19 10:47:25', 37685014967993803059, 672049130, '2004-04-19 15:09:37');
INSERT INTO ASCII_Prestamos (FPrestamo, Carnet, Codigo, FDevolucion)
    VALUES ('2007-11-23 16:39:38', 37685014967993803059, 991317338, '2007-11-23 17:00:08');
INSERT INTO ASCII_Prestamos (FPrestamo, Carnet, Codigo, FDevolucion)
    VALUES ('2009-06-09 17:23:28', 37685014967993803059, 369113628, '2009-06-09 20:15:43');
INSERT INTO ASCII_Prestamos (FPrestamo, Carnet, Codigo, FDevolucion)
    VALUES ('2018-02-01 19:08:14', 37685014967993803059, 890814220, '2018-02-01 19:56:12');
INSERT INTO ASCII_Prestamos (FPrestamo, Carnet, Codigo, FDevolucion)
    VALUES ('2010-05-17 15:28:14', 37685014967993803059, 308179286, '2010-05-17 20:02:28');
INSERT INTO ASCII_Prestamos (FPrestamo, Carnet, Codigo, FDevolucion)
    VALUES ('2002-03-27 12:13:48', 37685014967993803059, 128859739, '2002-03-27 16:33:57');
INSERT INTO ASCII_Prestamos (FPrestamo, Carnet, Codigo, FDevolucion)
    VALUES ('2009-01-14 16:56:54', 37685014967993803059, 700258093, '2009-01-14 20:32:04');
INSERT INTO ASCII_Prestamos (FPrestamo, Carnet, Codigo, FDevolucion)
    VALUES ('2010-10-22 16:42:51', 37685014967993803059, 991317338, '2010-10-22 17:45:30');
INSERT INTO ASCII_Recomendaciones (Carnet, Base, Recomendacion)
 VALUES (37685014967993803059, 599287974, 991317338);
INSERT INTO ASCII_Prestamos (FPrestamo, Carnet, Codigo, FDevolucion)
    VALUES ('2013-10-04 12:17:34', 37685014967993803059, 887208567, '2013-10-04 13:45:17');
INSERT INTO ASCII_Prestamos (FPrestamo, Carnet, Codigo, FDevolucion)
    VALUES ('2001-06-08 13:17:42', 37685014967993803059, 307357928, '2001-06-08 15:19:15');
INSERT INTO ASCII_Prestamos (FPrestamo, Carnet, Codigo, FDevolucion)
    VALUES ('2000-05-05 09:55:09', 37685014967993803059, 604208493, '2000-05-05 17:52:21');
INSERT INTO ASCII_Prestamos (FPrestamo, Carnet, Codigo, FDevolucion)
    VALUES ('2018-08-10 14:15:16', 37685014967993803059, 527398674, '2018-08-10 19:15:52');
INSERT INTO ASCII_Recomendaciones (Carnet, Base, Recomendacion)
 VALUES (37685014967993803059, 845078739, 527398674);
INSERT INTO ASCII_Prestamos (FPrestamo, Carnet, Codigo, FDevolucion)
    VALUES ('2015-04-28 19:36:29', 37685014967993803059, 9966371, '2015-04-28 20:28:35');
INSERT INTO ASCII_Prestamos (FPrestamo, Carnet, Codigo, FDevolucion)
    VALUES ('2012-09-19 19:12:54', 37685014967993803059, 571247667, '2012-09-19 19:52:32');
INSERT INTO ASCII_Prestamos (FPrestamo, Carnet, Codigo, FDevolucion)
    VALUES ('2004-04-09 19:24:58', 37685014967993803059, 659625461, '2004-04-09 19:52:46');
INSERT INTO ASCII_Prestamos (FPrestamo, Carnet, Codigo, FDevolucion)
    VALUES ('2017-05-13 15:05:46', 37685014967993803059, 542097873, '2017-05-13 19:56:26');
INSERT INTO ASCII_Prestamos (FPrestamo, Carnet, Codigo, FDevolucion)
    VALUES ('2015-03-27 13:17:32', 37685014967993803059, 419138522, '2015-03-27 17:36:38');
INSERT INTO ASCII_Prestamos (FPrestamo, Carnet, Codigo, FDevolucion)
    VALUES ('2002-04-10 17:58:41', 37685014967993803059, 954808125, '2002-04-10 19:15:40');
INSERT INTO ASCII_Prestamos (FPrestamo, Carnet, Codigo, FDevolucion)
    VALUES ('2010-12-19 10:23:33', 37685014967993803059, 839730706, '2010-12-19 18:08:57');
INSERT INTO ASCII_Prestamos (FPrestamo, Carnet, Codigo, FDevolucion)
    VALUES ('2004-04-01 13:17:19', 37685014967993803059, 230128811, '2004-04-01 19:45:17');
INSERT INTO ASCII_Prestamos (FPrestamo, Carnet, Codigo, FDevolucion)
    VALUES ('2000-08-06 17:20:20', 37685014967993803059, 837424856, '2000-08-06 18:45:45');
INSERT INTO ASCII_Prestamos (FPrestamo, Carnet, Codigo, FDevolucion)
    VALUES ('2004-05-07 12:46:33', 37685014967993803059, 950526760, '2004-05-07 14:14:42');
INSERT INTO ASCII_Prestamos (FPrestamo, Carnet, Codigo, FDevolucion)
    VALUES ('2000-10-20 11:29:37', 37685014967993803059, 9966371, '2000-10-20 17:28:30');
INSERT INTO ASCII_Prestamos (FPrestamo, Carnet, Codigo, FDevolucion)
    VALUES ('2000-06-03 11:00:25', 37685014967993803059, 335793936, '2000-06-03 19:52:27');
INSERT INTO ASCII_Prestamos (FPrestamo, Carnet, Codigo, FDevolucion)
    VALUES ('2014-03-26 19:25:07', 37685014967993803059, 857051941, '2014-03-26 20:12:29');
INSERT INTO ASCII_Prestamos (FPrestamo, Carnet, Codigo, FDevolucion)
    VALUES ('2007-03-15 14:09:39', 37685014967993803059, 840655483, '2007-03-15 15:09:53');
INSERT INTO ASCII_Prestamos (FPrestamo, Carnet, Codigo, FDevolucion)
    VALUES ('2013-09-14 10:36:49', 37685014967993803059, 599287974, '2013-09-14 11:56:10');
INSERT INTO ASCII_Recomendaciones (Carnet, Base, Recomendacion)
 VALUES (37685014967993803059, 45166485, 599287974);
INSERT INTO ASCII_Prestamos (FPrestamo, Carnet, Codigo, FDevolucion)
    VALUES ('1999-11-23 15:10:58', 37685014967993803059, 430588711, '1999-11-23 17:25:39');
INSERT INTO ASCII_Prestamos (FPrestamo, Carnet, Codigo, FDevolucion)
    VALUES ('2002-05-24 10:25:16', 37685014967993803059, 585184362, '2002-05-24 14:19:30');
INSERT INTO ASCII_Prestamos (FPrestamo, Carnet, Codigo, FDevolucion)
    VALUES ('2010-05-23 12:45:49', 37685014967993803059, 758589576, '2010-05-23 13:07:06');
INSERT INTO ASCII_Prestamos (FPrestamo, Carnet, Codigo, FDevolucion)
    VALUES ('2005-02-04 12:20:31', 37685014967993803059, 850083148, '2005-02-04 17:07:11');
INSERT INTO ASCII_Prestamos (FPrestamo, Carnet, Codigo, FDevolucion)
    VALUES ('2013-02-08 14:50:50', 37685014967993803059, 430588711, '2013-02-08 19:47:26');
INSERT INTO ASCII_Prestamos (FPrestamo, Carnet, Codigo, FDevolucion)
    VALUES ('2000-04-24 09:22:02', 37685014967993803059, 647931245, '2000-04-24 16:09:20');
INSERT INTO ASCII_Prestamos (FPrestamo, Carnet, Codigo, FDevolucion)
    VALUES ('2000-07-06 10:58:23', 37685014967993803059, 657948358, '2000-07-06 11:16:32');
INSERT INTO ASCII_Prestamos (FPrestamo, Carnet, Codigo, FDevolucion)
    VALUES ('2004-12-12 13:59:48', 37685014967993803059, 206123333, '2004-12-12 17:09:34');
INSERT INTO ASCII_Recomendaciones (Carnet, Base, Recomendacion)
 VALUES (37685014967993803059, 268609271, 206123333);
INSERT INTO ASCII_Prestamos (FPrestamo, Carnet, Codigo, FDevolucion)
    VALUES ('2014-11-10 10:09:08', 37685014967993803059, 308179286, '2014-11-10 16:30:49');
INSERT INTO ASCII_Prestamos (FPrestamo, Carnet, Codigo, FDevolucion)
    VALUES ('2018-04-05 09:37:43', 37685014967993803059, 682329074, '2018-04-05 15:56:40');
INSERT INTO ASCII_Prestamos (FPrestamo, Carnet, Codigo, FDevolucion)
    VALUES ('2002-02-24 12:46:14', 37685014967993803059, 571247667, '2002-02-24 15:54:56');
INSERT INTO ASCII_Prestamos (FPrestamo, Carnet, Codigo, FDevolucion)
    VALUES ('2008-04-25 14:05:22', 37685014967993803059, 653241348, '2008-04-25 14:19:37');
INSERT INTO ASCII_Prestamos (FPrestamo, Carnet, Codigo, FDevolucion)
    VALUES ('2006-12-19 16:05:40', 37685014967993803059, 524284071, '2006-12-19 18:07:41');
INSERT INTO ASCII_Prestamos (FPrestamo, Carnet, Codigo, FDevolucion)
    VALUES ('2014-08-27 13:11:44', 37685014967993803059, 489855290, '2014-08-27 20:09:14');
INSERT INTO ASCII_Prestamos (FPrestamo, Carnet, Codigo, FDevolucion)
    VALUES ('2018-10-24 12:48:00', 37685014967993803059, 677770956, '2018-10-24 15:21:10');
INSERT INTO ASCII_Prestamos (FPrestamo, Carnet, Codigo, FDevolucion)
    VALUES ('2001-05-24 15:32:34', 37685014967993803059, 964977585, '2001-05-24 17:00:34');
INSERT INTO ASCII_Prestamos (FPrestamo, Carnet, Codigo, FDevolucion)
    VALUES ('2014-11-05 16:36:26', 37685014967993803059, 270103881, '2014-11-05 19:17:26');
INSERT INTO ASCII_Recomendaciones (Carnet, Base, Recomendacion)
 VALUES (37685014967993803059, 902512489, 270103881);
INSERT INTO ASCII_Prestamos (FPrestamo, Carnet, Codigo, FDevolucion)
    VALUES ('2014-11-22 11:42:50', 37685014967993803059, 419138522, '2014-11-22 14:13:16');
INSERT INTO ASCII_Prestamos (FPrestamo, Carnet, Codigo, FDevolucion)
    VALUES ('2006-06-26 11:01:27', 37685014967993803059, 643443091, '2006-06-26 14:13:37');
INSERT INTO ASCII_Recomendaciones (Carnet, Base, Recomendacion)
 VALUES (37685014967993803059, 766222245, 643443091);
INSERT INTO ASCII_Prestamos (FPrestamo, Carnet, Codigo, FDevolucion)
    VALUES ('2004-03-11 18:15:01', 37685014967993803059, 822999051, '2004-03-11 19:25:18');
INSERT INTO ASCII_Prestamos (FPrestamo, Carnet, Codigo, FDevolucion)
    VALUES ('2010-03-09 18:35:08', 37685014967993803059, 411723132, '2010-03-09 19:05:30');
INSERT INTO ASCII_Prestamos (FPrestamo, Carnet, Codigo, FDevolucion)
    VALUES ('2013-04-06 11:25:29', 37685014967993803059, 230128811, '2013-04-06 17:33:46');
INSERT INTO ASCII_Prestamos (FPrestamo, Carnet, Codigo, FDevolucion)
    VALUES ('2018-11-26 19:24:50', 37685014967993803059, 127915210, '2018-11-26 19:49:45');
INSERT INTO ASCII_Prestamos (FPrestamo, Carnet, Codigo, FDevolucion)
    VALUES ('2004-06-26 10:05:54', 37685014967993803059, 700258093, '2004-06-26 11:47:15');
INSERT INTO ASCII_Prestamos (FPrestamo, Carnet, Codigo, FDevolucion)
    VALUES ('2018-05-26 09:31:03', 37685014967993803059, 489855290, '2018-05-26 11:25:26');
INSERT INTO ASCII_Prestamos (FPrestamo, Carnet, Codigo, FDevolucion)
    VALUES ('2000-03-07 18:23:17', 37685014967993803059, 930265900, '2000-03-07 19:47:22');
INSERT INTO ASCII_Prestamos (FPrestamo, Carnet, Codigo, FDevolucion)
    VALUES ('2013-04-27 19:36:26', 37685014967993803059, 411723132, '2013-04-27 20:13:09');
INSERT INTO ASCII_Prestamos (FPrestamo, Carnet, Codigo, FDevolucion)
    VALUES ('2001-04-09 15:02:34', 37685014967993803059, 507490311, '2001-04-09 18:15:19');
INSERT INTO ASCII_Prestamos (FPrestamo, Carnet, Codigo, FDevolucion)
    VALUES ('2010-06-25 09:35:51', 37685014967993803059, 669879732, '2010-06-25 19:37:44');
INSERT INTO ASCII_Prestamos (FPrestamo, Carnet, Codigo, FDevolucion)
    VALUES ('2007-11-29 15:55:17', 37685014967993803059, 879139789, '2007-11-29 19:47:27');
INSERT INTO ASCII_Prestamos (FPrestamo, Carnet, Codigo, FDevolucion)
    VALUES ('2013-11-02 10:16:11', 37685014967993803059, 335793936, '2013-11-02 11:54:36');
INSERT INTO ASCII_Prestamos (FPrestamo, Carnet, Codigo, FDevolucion)
    VALUES ('2010-09-07 10:52:15', 37685014967993803059, 971648177, '2010-09-07 17:44:03');
INSERT INTO ASCII_Prestamos (FPrestamo, Carnet, Codigo, FDevolucion)
    VALUES ('2010-03-05 19:43:52', 37685014967993803059, 230128811, '2010-03-05 20:19:45');
INSERT INTO ASCII_Prestamos (FPrestamo, Carnet, Codigo, FDevolucion)
    VALUES ('2016-05-19 13:49:25', 37685014967993803059, 156146678, '2016-05-19 16:45:30');
INSERT INTO ASCII_Prestamos (FPrestamo, Carnet, Codigo, FDevolucion)
    VALUES ('2008-08-06 18:49:28', 37685014967993803059, 851235196, '2008-08-06 20:02:46');
INSERT INTO ASCII_Prestamos (FPrestamo, Carnet, Codigo, FDevolucion)
    VALUES ('2003-04-29 15:30:55', 37685014967993803059, 251337722, '2003-04-29 17:08:05');
INSERT INTO ASCII_Prestamos (FPrestamo, Carnet, Codigo, FDevolucion)
    VALUES ('2010-09-15 11:29:10', 37685014967993803059, 862290062, '2010-09-15 15:16:03');
INSERT INTO ASCII_Prestamos (FPrestamo, Carnet, Codigo, FDevolucion)
    VALUES ('2008-07-17 12:18:37', 37685014967993803059, 585184362, '2008-07-17 14:33:58');
INSERT INTO ASCII_Prestamos (FPrestamo, Carnet, Codigo, FDevolucion)
    VALUES ('2010-10-12 15:21:49', 37685014967993803059, 857051941, '2010-10-12 19:18:01');
INSERT INTO ASCII_Recomendaciones (Carnet, Base, Recomendacion)
 VALUES (37685014967993803059, 338686884, 857051941);
INSERT INTO ASCII_Prestamos (FPrestamo, Carnet, Codigo, FDevolucion)
    VALUES ('2018-09-30 10:37:55', 37685014967993803059, 868808044, '2018-09-30 12:30:23');
INSERT INTO ASCII_Prestamos (FPrestamo, Carnet, Codigo, FDevolucion)
    VALUES ('2006-01-11 17:03:30', 37685014967993803059, 758589576, '2006-01-11 18:17:34');
INSERT INTO ASCII_Prestamos (FPrestamo, Carnet, Codigo, FDevolucion)
    VALUES ('2013-09-27 15:19:04', 37685014967993803059, 127915210, '2013-09-27 20:10:33');
INSERT INTO ASCII_Prestamos (FPrestamo, Carnet, Codigo, FDevolucion)
    VALUES ('2014-03-12 11:57:28', 37685014967993803059, 308179286, '2014-03-12 18:25:33');
INSERT INTO ASCII_Prestamos (FPrestamo, Carnet, Codigo, FDevolucion)
    VALUES ('2010-04-19 17:14:51', 37685014967993803059, 850083148, '2010-04-19 19:30:11');
INSERT INTO ASCII_Prestamos (FPrestamo, Carnet, Codigo, FDevolucion)
    VALUES ('2015-09-25 12:04:32', 37685014967993803059, 41169864, '2015-09-25 13:08:28');
INSERT INTO ASCII_Prestamos (FPrestamo, Carnet, Codigo, FDevolucion)
    VALUES ('2000-12-31 16:46:47', 37685014967993803059, 45166485, '2000-12-31 18:18:53');
INSERT INTO ASCII_Prestamos (FPrestamo, Carnet, Codigo, FDevolucion)
    VALUES ('2003-09-10 13:49:15', 37685014967993803059, 659625461, '2003-09-10 16:23:57');
INSERT INTO ASCII_Recomendaciones (Carnet, Base, Recomendacion)
 VALUES (37685014967993803059, 360700172, 659625461);
INSERT INTO ASCII_Prestamos (FPrestamo, Carnet, Codigo, FDevolucion)
    VALUES ('2001-10-06 12:18:01', 37685014967993803059, 147729606, '2001-10-06 18:19:24');
INSERT INTO ASCII_Prestamos (FPrestamo, Carnet, Codigo, FDevolucion)
    VALUES ('2016-01-19 12:04:08', 37685014967993803059, 47554194, '2016-01-19 14:11:56');
INSERT INTO ASCII_Prestamos (FPrestamo, Carnet, Codigo, FDevolucion)
    VALUES ('2004-09-07 18:25:45', 37685014967993803059, 41169864, '2004-09-07 19:46:50');
INSERT INTO ASCII_Prestamos (FPrestamo, Carnet, Codigo, FDevolucion)
    VALUES ('2009-07-20 18:51:11', 37685014967993803059, 903717553, '2009-07-20 20:29:26');
INSERT INTO ASCII_Prestamos (FPrestamo, Carnet, Codigo, FDevolucion)
    VALUES ('2017-12-23 09:13:35', 37685014967993803059, 837424856, '2017-12-23 10:38:26');
INSERT INTO ASCII_Prestamos (FPrestamo, Carnet, Codigo, FDevolucion)
    VALUES ('2003-12-10 19:51:55', 37685014967993803059, 682329074, '2003-12-10 19:53:29');
INSERT INTO ASCII_Prestamos (FPrestamo, Carnet, Codigo, FDevolucion)
    VALUES ('2007-05-11 11:42:09', 37685014967993803059, 685941400, '2007-05-11 20:04:51');
INSERT INTO ASCII_Prestamos (FPrestamo, Carnet, Codigo, FDevolucion)
    VALUES ('2002-09-12 17:48:18', 37685014967993803059, 851235196, '2002-09-12 20:19:40');
INSERT INTO ASCII_Prestamos (FPrestamo, Carnet, Codigo, FDevolucion)
    VALUES ('2001-07-31 11:00:44', 37685014967993803059, 243541526, '2001-07-31 19:47:10');
INSERT INTO ASCII_Recomendaciones (Carnet, Base, Recomendacion)
 VALUES (37685014967993803059, 982622725, 243541526);
INSERT INTO ASCII_Prestamos (FPrestamo, Carnet, Codigo, FDevolucion)
    VALUES ('2018-02-04 19:58:03', 37685014967993803059, 851235196, '2018-02-04 20:15:15');
INSERT INTO ASCII_Prestamos (FPrestamo, Carnet, Codigo, FDevolucion)
    VALUES ('2017-05-22 13:17:45', 37685014967993803059, 341971670, '2017-05-22 17:08:07');


---------------- NEW USER julianrosado
INSERT INTO ASCII_Usuarios (Carnet, FAlta, Nombre, Apellidos, Apodo)
    VALUES (81240272147504503352, '1996-09-12 09:21:26', 'Lidia', 'Losada', 'julianrosado');

INSERT INTO ASCII_Prestamos (FPrestamo, Carnet, Codigo, FDevolucion)
    VALUES ('2012-04-26 19:14:54', 81240272147504503352, 462839979, '2012-04-26 19:59:24');
INSERT INTO ASCII_Prestamos (FPrestamo, Carnet, Codigo, FDevolucion)
    VALUES ('2006-08-24 18:11:18', 81240272147504503352, 845078739, '2006-08-24 20:04:07');
INSERT INTO ASCII_Prestamos (FPrestamo, Carnet, Codigo, FDevolucion)
    VALUES ('2009-07-20 12:27:53', 81240272147504503352, 265953115, '2009-07-20 13:49:20');
INSERT INTO ASCII_Prestamos (FPrestamo, Carnet, Codigo, FDevolucion)
    VALUES ('2012-05-17 15:14:24', 81240272147504503352, 488201605, '2012-05-17 17:14:03');
INSERT INTO ASCII_Prestamos (FPrestamo, Carnet, Codigo, FDevolucion)
    VALUES ('2014-05-30 18:21:38', 81240272147504503352, 131733386, '2014-05-30 18:58:00');
INSERT INTO ASCII_Prestamos (FPrestamo, Carnet, Codigo, FDevolucion)
    VALUES ('2008-10-12 17:37:40', 81240272147504503352, 982622725, '2008-10-12 18:00:42');
INSERT INTO ASCII_Prestamos (FPrestamo, Carnet, Codigo, FDevolucion)
    VALUES ('2013-08-12 10:41:29', 81240272147504503352, 180014736, '2013-08-12 18:22:46');
INSERT INTO ASCII_Prestamos (FPrestamo, Carnet, Codigo, FDevolucion)
    VALUES ('1998-03-13 10:38:38', 81240272147504503352, 314225902, '1998-03-13 15:03:09');
INSERT INTO ASCII_Prestamos (FPrestamo, Carnet, Codigo, FDevolucion)
    VALUES ('2008-03-17 17:28:49', 81240272147504503352, 672049130, '2008-03-17 19:12:00');
INSERT INTO ASCII_Prestamos (FPrestamo, Carnet, Codigo, FDevolucion)
    VALUES ('2007-11-23 09:26:38', 81240272147504503352, 206123333, '2007-11-23 20:14:08');
INSERT INTO ASCII_Prestamos (FPrestamo, Carnet, Codigo, FDevolucion)
    VALUES ('2002-11-09 19:01:47', 81240272147504503352, 657948358, '2002-11-09 19:43:07');
INSERT INTO ASCII_Prestamos (FPrestamo, Carnet, Codigo, FDevolucion)
    VALUES ('2004-06-19 10:16:41', 81240272147504503352, 265953115, '2004-06-19 15:51:19');
INSERT INTO ASCII_Prestamos (FPrestamo, Carnet, Codigo, FDevolucion)
    VALUES ('2005-11-30 10:12:40', 81240272147504503352, 462839979, '2005-11-30 17:59:51');
INSERT INTO ASCII_Prestamos (FPrestamo, Carnet, Codigo, FDevolucion)
    VALUES ('2007-07-22 16:07:46', 81240272147504503352, 195144846, '2007-07-22 19:30:55');
INSERT INTO ASCII_Prestamos (FPrestamo, Carnet, Codigo, FDevolucion)
    VALUES ('2006-05-22 18:33:45', 81240272147504503352, 308179286, '2006-05-22 19:18:39');
INSERT INTO ASCII_Prestamos (FPrestamo, Carnet, Codigo, FDevolucion)
    VALUES ('2004-06-14 18:59:30', 81240272147504503352, 587137439, '2004-06-14 20:33:58');
INSERT INTO ASCII_Prestamos (FPrestamo, Carnet, Codigo, FDevolucion)
    VALUES ('2004-01-27 16:16:00', 81240272147504503352, 653241348, '2004-01-27 19:59:22');
INSERT INTO ASCII_Prestamos (FPrestamo, Carnet, Codigo, FDevolucion)
    VALUES ('2007-02-01 19:02:56', 81240272147504503352, 251337722, '2007-02-01 19:36:01');
INSERT INTO ASCII_Prestamos (FPrestamo, Carnet, Codigo, FDevolucion)
    VALUES ('2015-12-19 12:40:16', 81240272147504503352, 952346420, '2015-12-19 13:22:05');
INSERT INTO ASCII_Prestamos (FPrestamo, Carnet, Codigo, FDevolucion)
    VALUES ('2002-04-18 10:07:13', 81240272147504503352, 758589576, '2002-04-18 17:59:50');
INSERT INTO ASCII_Recomendaciones (Carnet, Base, Recomendacion)
 VALUES (81240272147504503352, 253994868, 758589576);
INSERT INTO ASCII_Prestamos (FPrestamo, Carnet, Codigo, FDevolucion)
    VALUES ('2011-07-05 09:57:50', 81240272147504503352, 147729606, '2011-07-05 14:26:08');
INSERT INTO ASCII_Prestamos (FPrestamo, Carnet, Codigo, FDevolucion)
    VALUES ('1998-09-11 15:18:58', 81240272147504503352, 766222245, '1998-09-11 18:32:04');
INSERT INTO ASCII_Prestamos (FPrestamo, Carnet, Codigo, FDevolucion)
    VALUES ('2004-11-11 19:27:48', 81240272147504503352, 314225902, '2004-11-11 20:19:24');
INSERT INTO ASCII_Prestamos (FPrestamo, Carnet, Codigo, FDevolucion)
    VALUES ('2014-06-17 15:02:38', 81240272147504503352, 156146678, '2014-06-17 15:32:03');
INSERT INTO ASCII_Prestamos (FPrestamo, Carnet, Codigo, FDevolucion)
    VALUES ('2014-02-16 12:57:42', 81240272147504503352, 857051941, '2014-02-16 18:05:55');
INSERT INTO ASCII_Prestamos (FPrestamo, Carnet, Codigo, FDevolucion)
    VALUES ('2011-04-01 16:08:23', 81240272147504503352, 838188769, '2011-04-01 18:00:29');
INSERT INTO ASCII_Prestamos (FPrestamo, Carnet, Codigo, FDevolucion)
    VALUES ('2005-09-26 15:06:16', 81240272147504503352, 419138522, '2005-09-26 18:25:06');
INSERT INTO ASCII_Prestamos (FPrestamo, Carnet, Codigo, FDevolucion)
    VALUES ('2017-03-10 13:21:00', 81240272147504503352, 703854585, '2017-03-10 17:23:35');
INSERT INTO ASCII_Prestamos (FPrestamo, Carnet, Codigo, FDevolucion)
    VALUES ('2007-07-19 12:48:11', 81240272147504503352, 837424856, '2007-07-19 15:05:52');
INSERT INTO ASCII_Prestamos (FPrestamo, Carnet, Codigo, FDevolucion)
    VALUES ('2004-11-10 14:53:55', 81240272147504503352, 980789108, '2004-11-10 20:28:18');
INSERT INTO ASCII_Prestamos (FPrestamo, Carnet, Codigo, FDevolucion)
    VALUES ('1997-06-04 15:51:39', 81240272147504503352, 850083148, '1997-06-04 17:55:01');
INSERT INTO ASCII_Prestamos (FPrestamo, Carnet, Codigo, FDevolucion)
    VALUES ('2002-10-26 19:46:10', 81240272147504503352, 268609271, '2002-10-26 19:55:54');
INSERT INTO ASCII_Prestamos (FPrestamo, Carnet, Codigo, FDevolucion)
    VALUES ('2001-11-13 12:33:13', 81240272147504503352, 467479744, '2001-11-13 13:44:28');
INSERT INTO ASCII_Prestamos (FPrestamo, Carnet, Codigo, FDevolucion)
    VALUES ('2013-10-29 11:06:39', 81240272147504503352, 982622725, '2013-10-29 12:37:54');
INSERT INTO ASCII_Prestamos (FPrestamo, Carnet, Codigo, FDevolucion)
    VALUES ('2007-03-18 12:56:00', 81240272147504503352, 467479744, '2007-03-18 20:22:06');
INSERT INTO ASCII_Recomendaciones (Carnet, Base, Recomendacion)
 VALUES (81240272147504503352, 243541526, 467479744);
INSERT INTO ASCII_Prestamos (FPrestamo, Carnet, Codigo, FDevolucion)
    VALUES ('2010-09-03 11:18:09', 81240272147504503352, 953850576, '2010-09-03 15:18:03');
INSERT INTO ASCII_Prestamos (FPrestamo, Carnet, Codigo, FDevolucion)
    VALUES ('1999-03-25 12:14:25', 81240272147504503352, 307357928, '1999-03-25 14:54:19');
INSERT INTO ASCII_Prestamos (FPrestamo, Carnet, Codigo, FDevolucion)
    VALUES ('2009-07-24 18:16:22', 81240272147504503352, 462839979, '2009-07-24 19:07:20');
INSERT INTO ASCII_Prestamos (FPrestamo, Carnet, Codigo, FDevolucion)
    VALUES ('2002-05-02 12:17:42', 81240272147504503352, 927955996, '2002-05-02 12:19:24');
INSERT INTO ASCII_Prestamos (FPrestamo, Carnet, Codigo, FDevolucion)
    VALUES ('2003-01-21 12:34:29', 81240272147504503352, 290125844, '2003-01-21 20:05:17');
INSERT INTO ASCII_Prestamos (FPrestamo, Carnet, Codigo, FDevolucion)
    VALUES ('2004-07-23 10:03:50', 81240272147504503352, 360700172, '2004-07-23 11:05:58');
INSERT INTO ASCII_Prestamos (FPrestamo, Carnet, Codigo, FDevolucion)
    VALUES ('1998-02-16 12:35:02', 81240272147504503352, 428001381, '1998-02-16 17:57:12');
INSERT INTO ASCII_Prestamos (FPrestamo, Carnet, Codigo, FDevolucion)
    VALUES ('1997-08-22 11:01:58', 81240272147504503352, 604208493, '1997-08-22 18:08:43');
INSERT INTO ASCII_Prestamos (FPrestamo, Carnet, Codigo, FDevolucion)
    VALUES ('2016-07-15 14:04:39', 81240272147504503352, 850083148, '2016-07-15 15:53:02');
INSERT INTO ASCII_Recomendaciones (Carnet, Base, Recomendacion)
 VALUES (81240272147504503352, 481287493, 850083148);
INSERT INTO ASCII_Prestamos (FPrestamo, Carnet, Codigo, FDevolucion)
    VALUES ('2017-03-04 11:49:25', 81240272147504503352, 626508891, '2017-03-04 16:29:57');
INSERT INTO ASCII_Prestamos (FPrestamo, Carnet, Codigo, FDevolucion)
    VALUES ('2018-05-23 13:21:56', 81240272147504503352, 845078739, '2018-05-23 19:23:49');
INSERT INTO ASCII_Prestamos (FPrestamo, Carnet, Codigo, FDevolucion)
    VALUES ('2009-08-19 09:07:03', 81240272147504503352, 314225902, '2009-08-19 10:13:26');
INSERT INTO ASCII_Prestamos (FPrestamo, Carnet, Codigo, FDevolucion)
    VALUES ('2016-01-09 14:32:42', 81240272147504503352, 369113628, '2016-01-09 19:29:36');
INSERT INTO ASCII_Prestamos (FPrestamo, Carnet, Codigo, FDevolucion)
    VALUES ('2011-03-19 17:53:53', 81240272147504503352, 643443091, '2011-03-19 18:26:50');
INSERT INTO ASCII_Prestamos (FPrestamo, Carnet, Codigo, FDevolucion)
    VALUES ('2016-07-15 18:09:08', 81240272147504503352, 18635348, '2016-07-15 18:18:14');
INSERT INTO ASCII_Prestamos (FPrestamo, Carnet, Codigo, FDevolucion)
    VALUES ('2016-04-10 15:39:47', 81240272147504503352, 700258093, '2016-04-10 18:36:19');
INSERT INTO ASCII_Prestamos (FPrestamo, Carnet, Codigo, FDevolucion)
    VALUES ('1999-02-07 19:45:44', 81240272147504503352, 9966371, '1999-02-07 20:15:55');
INSERT INTO ASCII_Prestamos (FPrestamo, Carnet, Codigo, FDevolucion)
    VALUES ('2016-03-08 13:44:34', 81240272147504503352, 265953115, '2016-03-08 15:55:53');
INSERT INTO ASCII_Prestamos (FPrestamo, Carnet, Codigo, FDevolucion)
    VALUES ('2006-12-31 12:09:23', 81240272147504503352, 206123333, '2006-12-31 17:38:17');
INSERT INTO ASCII_Prestamos (FPrestamo, Carnet, Codigo, FDevolucion)
    VALUES ('2012-05-08 09:31:54', 81240272147504503352, 467479744, '2012-05-08 18:52:41');
INSERT INTO ASCII_Prestamos (FPrestamo, Carnet, Codigo, FDevolucion)
    VALUES ('2000-03-25 14:39:39', 81240272147504503352, 820749428, '2000-03-25 16:59:16');
INSERT INTO ASCII_Prestamos (FPrestamo, Carnet, Codigo, FDevolucion)
    VALUES ('2003-12-22 16:12:26', 81240272147504503352, 419138522, '2003-12-22 17:36:51');
INSERT INTO ASCII_Prestamos (FPrestamo, Carnet, Codigo, FDevolucion)
    VALUES ('2008-07-25 14:26:51', 81240272147504503352, 361185658, '2008-07-25 17:13:35');
INSERT INTO ASCII_Prestamos (FPrestamo, Carnet, Codigo, FDevolucion)
    VALUES ('2018-04-05 11:15:45', 81240272147504503352, 128859739, '2018-04-05 12:56:38');
INSERT INTO ASCII_Prestamos (FPrestamo, Carnet, Codigo, FDevolucion)
    VALUES ('2014-07-20 09:50:01', 81240272147504503352, 587137439, '2014-07-20 15:00:48');
INSERT INTO ASCII_Prestamos (FPrestamo, Carnet, Codigo, FDevolucion)
    VALUES ('2009-05-07 15:04:09', 81240272147504503352, 155192418, '2009-05-07 15:41:26');
INSERT INTO ASCII_Recomendaciones (Carnet, Base, Recomendacion)
 VALUES (81240272147504503352, 952346420, 155192418);
INSERT INTO ASCII_Prestamos (FPrestamo, Carnet, Codigo, FDevolucion)
    VALUES ('2004-03-10 09:27:45', 81240272147504503352, 672049130, '2004-03-10 18:10:43');
INSERT INTO ASCII_Prestamos (FPrestamo, Carnet, Codigo, FDevolucion)
    VALUES ('2000-08-04 15:45:07', 81240272147504503352, 428001381, '2000-08-04 17:49:54');
INSERT INTO ASCII_Prestamos (FPrestamo, Carnet, Codigo, FDevolucion)
    VALUES ('1996-09-27 14:42:42', 81240272147504503352, 954808125, '1996-09-27 17:06:53');
INSERT INTO ASCII_Recomendaciones (Carnet, Base, Recomendacion)
 VALUES (81240272147504503352, 837424856, 954808125);
INSERT INTO ASCII_Prestamos (FPrestamo, Carnet, Codigo, FDevolucion)
    VALUES ('2016-01-24 14:40:17', 81240272147504503352, 438834923, '2016-01-24 20:20:01');
INSERT INTO ASCII_Prestamos (FPrestamo, Carnet, Codigo, FDevolucion)
    VALUES ('2010-12-02 09:12:41', 81240272147504503352, 700258093, '2010-12-02 10:46:44');
INSERT INTO ASCII_Prestamos (FPrestamo, Carnet, Codigo, FDevolucion)
    VALUES ('2015-08-15 16:33:49', 81240272147504503352, 106749821, '2015-08-15 17:58:28');
INSERT INTO ASCII_Prestamos (FPrestamo, Carnet, Codigo, FDevolucion)
    VALUES ('2005-12-17 16:45:37', 81240272147504503352, 18635348, '2005-12-17 20:06:40');
INSERT INTO ASCII_Prestamos (FPrestamo, Carnet, Codigo, FDevolucion)
    VALUES ('2007-10-14 18:53:07', 81240272147504503352, 286701931, '2007-10-14 20:20:31');
INSERT INTO ASCII_Prestamos (FPrestamo, Carnet, Codigo, FDevolucion)
    VALUES ('2011-11-28 13:21:54', 81240272147504503352, 672049130, '2011-11-28 14:46:25');
INSERT INTO ASCII_Prestamos (FPrestamo, Carnet, Codigo, FDevolucion)
    VALUES ('2016-04-30 19:57:28', 81240272147504503352, 106749821, '2016-04-30 20:41:20');
INSERT INTO ASCII_Prestamos (FPrestamo, Carnet, Codigo, FDevolucion)
    VALUES ('1996-11-08 17:21:27', 81240272147504503352, 419138522, '1996-11-08 19:36:55');
INSERT INTO ASCII_Prestamos (FPrestamo, Carnet, Codigo, FDevolucion)
    VALUES ('1996-12-22 18:43:27', 81240272147504503352, 868808044, '1996-12-22 19:06:52');
INSERT INTO ASCII_Recomendaciones (Carnet, Base, Recomendacion)
 VALUES (81240272147504503352, 409476072, 868808044);
INSERT INTO ASCII_Prestamos (FPrestamo, Carnet, Codigo, FDevolucion)
    VALUES ('1998-10-19 19:55:08', 81240272147504503352, 850083148, '1998-10-19 19:59:47');
INSERT INTO ASCII_Prestamos (FPrestamo, Carnet, Codigo, FDevolucion)
    VALUES ('1998-01-10 15:14:37', 81240272147504503352, 527398674, '1998-01-10 19:46:20');
INSERT INTO ASCII_Prestamos (FPrestamo, Carnet, Codigo, FDevolucion)
    VALUES ('2002-07-01 14:09:28', 81240272147504503352, 47554194, '2002-07-01 14:14:00');
INSERT INTO ASCII_Prestamos (FPrestamo, Carnet, Codigo, FDevolucion)
    VALUES ('2003-03-19 15:18:18', 81240272147504503352, 467479744, '2003-03-19 17:37:59');
INSERT INTO ASCII_Prestamos (FPrestamo, Carnet, Codigo, FDevolucion)
    VALUES ('2015-08-20 12:14:05', 81240272147504503352, 507490311, '2015-08-20 19:52:52');
INSERT INTO ASCII_Prestamos (FPrestamo, Carnet, Codigo, FDevolucion)
    VALUES ('2014-03-27 11:23:02', 81240272147504503352, 982622725, '2014-03-27 19:13:28');
INSERT INTO ASCII_Prestamos (FPrestamo, Carnet, Codigo, FDevolucion)
    VALUES ('1997-02-07 19:32:27', 81240272147504503352, 948690342, '1997-02-07 20:12:21');


---------------- NEW USER bernadjose-carlos
INSERT INTO ASCII_Usuarios (Carnet, FAlta, Nombre, Apellidos, Apodo)
    VALUES (94155597556830565131, '2013-12-08 09:20:29', 'Angela', 'Quirós', 'bernadjose-carlos');

INSERT INTO ASCII_Prestamos (FPrestamo, Carnet, Codigo, FDevolucion)
    VALUES ('2015-01-13 18:58:52', 94155597556830565131, 585707220, '2015-01-13 19:36:14');
INSERT INTO ASCII_Prestamos (FPrestamo, Carnet, Codigo, FDevolucion)
    VALUES ('2017-10-07 13:09:20', 94155597556830565131, 338686884, '2017-10-07 14:45:16');
INSERT INTO ASCII_Recomendaciones (Carnet, Base, Recomendacion)
 VALUES (94155597556830565131, 542097873, 338686884);
INSERT INTO ASCII_Prestamos (FPrestamo, Carnet, Codigo, FDevolucion)
    VALUES ('2018-04-28 11:33:52', 94155597556830565131, 980789108, '2018-04-28 14:39:19');
INSERT INTO ASCII_Prestamos (FPrestamo, Carnet, Codigo, FDevolucion)
    VALUES ('2016-01-12 11:58:36', 94155597556830565131, 937697389, '2016-01-12 15:07:38');
INSERT INTO ASCII_Prestamos (FPrestamo, Carnet, Codigo, FDevolucion)
    VALUES ('2017-09-25 09:38:44', 94155597556830565131, 253994868, '2017-09-25 16:11:00');
INSERT INTO ASCII_Prestamos (FPrestamo, Carnet, Codigo, FDevolucion)
    VALUES ('2014-07-20 16:49:08', 94155597556830565131, 653241348, '2014-07-20 19:24:03');
INSERT INTO ASCII_Prestamos (FPrestamo, Carnet, Codigo, FDevolucion)
    VALUES ('2014-01-06 09:05:00', 94155597556830565131, 242380829, '2014-01-06 18:58:43');
INSERT INTO ASCII_Prestamos (FPrestamo, Carnet, Codigo, FDevolucion)
    VALUES ('2014-04-05 18:21:33', 94155597556830565131, 467479744, '2014-04-05 19:31:17');
INSERT INTO ASCII_Prestamos (FPrestamo, Carnet, Codigo, FDevolucion)
    VALUES ('2017-01-09 13:26:44', 94155597556830565131, 170880022, '2017-01-09 17:44:48');
INSERT INTO ASCII_Prestamos (FPrestamo, Carnet, Codigo, FDevolucion)
    VALUES ('2018-01-03 17:03:51', 94155597556830565131, 435077835, '2018-01-03 17:36:15');
INSERT INTO ASCII_Prestamos (FPrestamo, Carnet, Codigo, FDevolucion)
    VALUES ('2014-05-29 10:54:15', 94155597556830565131, 953850576, '2014-05-29 12:19:06');
INSERT INTO ASCII_Prestamos (FPrestamo, Carnet, Codigo, FDevolucion)
    VALUES ('2016-09-23 15:55:25', 94155597556830565131, 360700172, '2016-09-23 16:38:46');
INSERT INTO ASCII_Prestamos (FPrestamo, Carnet, Codigo, FDevolucion)
    VALUES ('2015-06-06 14:55:55', 94155597556830565131, 438834923, '2015-06-06 17:22:15');
INSERT INTO ASCII_Prestamos (FPrestamo, Carnet, Codigo, FDevolucion)
    VALUES ('2016-11-21 18:53:04', 94155597556830565131, 800955108, '2016-11-21 19:53:34');
INSERT INTO ASCII_Recomendaciones (Carnet, Base, Recomendacion)
 VALUES (94155597556830565131, 481287493, 800955108);
INSERT INTO ASCII_Prestamos (FPrestamo, Carnet, Codigo, FDevolucion)
    VALUES ('2016-05-29 17:03:40', 94155597556830565131, 480674548, '2016-05-29 17:51:16');
INSERT INTO ASCII_Prestamos (FPrestamo, Carnet, Codigo, FDevolucion)
    VALUES ('2014-01-06 14:26:21', 94155597556830565131, 862290062, '2014-01-06 20:08:23');
INSERT INTO ASCII_Prestamos (FPrestamo, Carnet, Codigo, FDevolucion)
    VALUES ('2016-12-08 13:18:32', 94155597556830565131, 948690342, '2016-12-08 18:51:52');
INSERT INTO ASCII_Prestamos (FPrestamo, Carnet, Codigo, FDevolucion)
    VALUES ('2017-10-08 18:19:01', 94155597556830565131, 411723132, '2017-10-08 18:59:03');
INSERT INTO ASCII_Prestamos (FPrestamo, Carnet, Codigo, FDevolucion)
    VALUES ('2013-12-31 13:44:31', 94155597556830565131, 585184362, '2013-12-31 14:13:54');
INSERT INTO ASCII_Recomendaciones (Carnet, Base, Recomendacion)
 VALUES (94155597556830565131, 518990411, 585184362);
INSERT INTO ASCII_Prestamos (FPrestamo, Carnet, Codigo, FDevolucion)
    VALUES ('2017-08-10 15:40:19', 94155597556830565131, 647931245, '2017-08-10 17:43:19');
INSERT INTO ASCII_Prestamos (FPrestamo, Carnet, Codigo, FDevolucion)
    VALUES ('2017-12-18 15:36:37', 94155597556830565131, 845078739, '2017-12-18 15:42:30');
INSERT INTO ASCII_Prestamos (FPrestamo, Carnet, Codigo, FDevolucion)
    VALUES ('2015-11-09 18:26:14', 94155597556830565131, 230128811, '2015-11-09 19:20:47');
INSERT INTO ASCII_Prestamos (FPrestamo, Carnet, Codigo, FDevolucion)
    VALUES ('2018-01-17 09:02:04', 94155597556830565131, 930265900, '2018-01-17 16:31:00');
INSERT INTO ASCII_Prestamos (FPrestamo, Carnet, Codigo, FDevolucion)
    VALUES ('2015-05-09 19:15:30', 94155597556830565131, 409476072, '2015-05-09 19:42:31');
INSERT INTO ASCII_Prestamos (FPrestamo, Carnet, Codigo, FDevolucion)
    VALUES ('2016-03-16 10:10:41', 94155597556830565131, 971648177, '2016-03-16 20:07:34');
INSERT INTO ASCII_Prestamos (FPrestamo, Carnet, Codigo, FDevolucion)
    VALUES ('2015-12-15 15:31:30', 94155597556830565131, 626508891, '2015-12-15 17:33:31');
INSERT INTO ASCII_Prestamos (FPrestamo, Carnet, Codigo, FDevolucion)
    VALUES ('2015-01-30 13:06:15', 94155597556830565131, 566157944, '2015-01-30 18:40:08');
INSERT INTO ASCII_Prestamos (FPrestamo, Carnet, Codigo, FDevolucion)
    VALUES ('2017-08-21 10:32:12', 94155597556830565131, 489855290, '2017-08-21 14:31:03');
INSERT INTO ASCII_Prestamos (FPrestamo, Carnet, Codigo, FDevolucion)
    VALUES ('2016-05-03 12:43:23', 94155597556830565131, 659625461, '2016-05-03 19:14:43');
INSERT INTO ASCII_Recomendaciones (Carnet, Base, Recomendacion)
 VALUES (94155597556830565131, 84694334, 659625461);
INSERT INTO ASCII_Prestamos (FPrestamo, Carnet, Codigo, FDevolucion)
    VALUES ('2016-02-13 11:30:51', 94155597556830565131, 507490311, '2016-02-13 17:41:11');
INSERT INTO ASCII_Prestamos (FPrestamo, Carnet, Codigo, FDevolucion)
    VALUES ('2018-09-01 14:35:41', 94155597556830565131, 971648177, '2018-09-01 20:29:30');
INSERT INTO ASCII_Recomendaciones (Carnet, Base, Recomendacion)
 VALUES (94155597556830565131, 196486656, 971648177);
INSERT INTO ASCII_Prestamos (FPrestamo, Carnet, Codigo, FDevolucion)
    VALUES ('2016-12-16 18:25:21', 94155597556830565131, 428001381, '2016-12-16 20:13:21');
INSERT INTO ASCII_Prestamos (FPrestamo, Carnet, Codigo, FDevolucion)
    VALUES ('2016-09-16 16:15:51', 94155597556830565131, 507490311, '2016-09-16 16:25:13');
INSERT INTO ASCII_Recomendaciones (Carnet, Base, Recomendacion)
 VALUES (94155597556830565131, 571247667, 507490311);
INSERT INTO ASCII_Prestamos (FPrestamo, Carnet, Codigo, FDevolucion)
    VALUES ('2015-09-23 13:33:49', 94155597556830565131, 952346420, '2015-09-23 16:20:29');
INSERT INTO ASCII_Prestamos (FPrestamo, Carnet, Codigo, FDevolucion)
    VALUES ('2016-08-27 16:59:53', 94155597556830565131, 170880022, '2016-08-27 18:09:30');
INSERT INTO ASCII_Prestamos (FPrestamo, Carnet, Codigo, FDevolucion)
    VALUES ('2014-08-04 16:45:52', 94155597556830565131, 566157944, '2014-08-04 18:41:58');
INSERT INTO ASCII_Prestamos (FPrestamo, Carnet, Codigo, FDevolucion)
    VALUES ('2016-01-11 14:53:11', 94155597556830565131, 851235196, '2016-01-11 17:31:14');
INSERT INTO ASCII_Prestamos (FPrestamo, Carnet, Codigo, FDevolucion)
    VALUES ('2017-02-15 16:29:05', 94155597556830565131, 903717553, '2017-02-15 17:06:55');
INSERT INTO ASCII_Prestamos (FPrestamo, Carnet, Codigo, FDevolucion)
    VALUES ('2018-12-27 15:39:19', 94155597556830565131, 864419312, '2018-12-27 20:00:36');
INSERT INTO ASCII_Recomendaciones (Carnet, Base, Recomendacion)
 VALUES (94155597556830565131, 643443091, 864419312);
INSERT INTO ASCII_Prestamos (FPrestamo, Carnet, Codigo, FDevolucion)
    VALUES ('2018-02-24 14:13:57', 94155597556830565131, 643443091, '2018-02-24 17:15:44');
INSERT INTO ASCII_Prestamos (FPrestamo, Carnet, Codigo, FDevolucion)
    VALUES ('2018-10-28 11:14:25', 94155597556830565131, 230128811, '2018-10-28 11:51:38');
INSERT INTO ASCII_Prestamos (FPrestamo, Carnet, Codigo, FDevolucion)
    VALUES ('2017-03-04 12:07:05', 94155597556830565131, 180014736, '2017-03-04 19:13:32');
INSERT INTO ASCII_Prestamos (FPrestamo, Carnet, Codigo, FDevolucion)
    VALUES ('2017-09-09 19:03:38', 94155597556830565131, 822999051, '2017-09-09 19:36:55');
INSERT INTO ASCII_Prestamos (FPrestamo, Carnet, Codigo, FDevolucion)
    VALUES ('2016-12-04 13:18:23', 94155597556830565131, 659625461, '2016-12-04 14:27:58');
INSERT INTO ASCII_Prestamos (FPrestamo, Carnet, Codigo, FDevolucion)
    VALUES ('2016-06-04 15:14:39', 94155597556830565131, 480674548, '2016-06-04 17:56:52');
INSERT INTO ASCII_Prestamos (FPrestamo, Carnet, Codigo, FDevolucion)
    VALUES ('2018-07-29 10:51:42', 94155597556830565131, 585707220, '2018-07-29 14:35:20');
INSERT INTO ASCII_Prestamos (FPrestamo, Carnet, Codigo, FDevolucion)
    VALUES ('2018-07-12 11:25:28', 94155597556830565131, 360700172, '2018-07-12 17:35:28');
INSERT INTO ASCII_Prestamos (FPrestamo, Carnet, Codigo, FDevolucion)
    VALUES ('2017-05-25 17:37:31', 94155597556830565131, 524284071, '2017-05-25 20:13:51');
INSERT INTO ASCII_Prestamos (FPrestamo, Carnet, Codigo, FDevolucion)
    VALUES ('2015-10-26 17:02:03', 94155597556830565131, 617920706, '2015-10-26 18:50:04');
INSERT INTO ASCII_Prestamos (FPrestamo, Carnet, Codigo, FDevolucion)
    VALUES ('2015-06-07 14:34:07', 94155597556830565131, 864419312, '2015-06-07 14:52:22');
INSERT INTO ASCII_Prestamos (FPrestamo, Carnet, Codigo, FDevolucion)
    VALUES ('2014-12-15 10:53:19', 94155597556830565131, 700258093, '2014-12-15 17:36:02');
INSERT INTO ASCII_Prestamos (FPrestamo, Carnet, Codigo, FDevolucion)
    VALUES ('2016-10-02 09:57:36', 94155597556830565131, 700258093, '2016-10-02 14:16:20');
INSERT INTO ASCII_Prestamos (FPrestamo, Carnet, Codigo, FDevolucion)
    VALUES ('2017-11-15 13:41:33', 94155597556830565131, 626508891, '2017-11-15 17:51:44');
INSERT INTO ASCII_Prestamos (FPrestamo, Carnet, Codigo, FDevolucion)
    VALUES ('2017-04-15 16:40:06', 94155597556830565131, 703854585, '2017-04-15 17:24:09');
INSERT INTO ASCII_Prestamos (FPrestamo, Carnet, Codigo, FDevolucion)
    VALUES ('2018-11-19 10:47:58', 94155597556830565131, 480674548, '2018-11-19 14:09:12');
INSERT INTO ASCII_Prestamos (FPrestamo, Carnet, Codigo, FDevolucion)
    VALUES ('2016-05-09 10:12:02', 94155597556830565131, 980789108, '2016-05-09 18:16:12');
INSERT INTO ASCII_Recomendaciones (Carnet, Base, Recomendacion)
 VALUES (94155597556830565131, 587137439, 980789108);
INSERT INTO ASCII_Prestamos (FPrestamo, Carnet, Codigo, FDevolucion)
    VALUES ('2016-11-07 11:02:25', 94155597556830565131, 973769009, '2016-11-07 17:56:22');


---------------- NEW USER domingo87
INSERT INTO ASCII_Usuarios (Carnet, FAlta, Nombre, Apellidos, Apodo)
    VALUES (35966103088321158864, '2013-09-28 14:13:40', 'Jose', 'Cárdenas', 'domingo87');

INSERT INTO ASCII_Prestamos (FPrestamo, Carnet, Codigo, FDevolucion)
    VALUES ('2018-01-24 13:44:04', 35966103088321158864, 45166485, '2018-01-24 17:07:11');
INSERT INTO ASCII_Prestamos (FPrestamo, Carnet, Codigo, FDevolucion)
    VALUES ('2017-08-15 13:52:14', 35966103088321158864, 41169864, '2017-08-15 17:22:10');
INSERT INTO ASCII_Recomendaciones (Carnet, Base, Recomendacion)
 VALUES (35966103088321158864, 128859739, 41169864);
INSERT INTO ASCII_Prestamos (FPrestamo, Carnet, Codigo, FDevolucion)
    VALUES ('2015-09-25 19:23:43', 35966103088321158864, 84694334, '2015-09-25 19:43:23');
INSERT INTO ASCII_Prestamos (FPrestamo, Carnet, Codigo, FDevolucion)
    VALUES ('2016-06-19 17:18:41', 35966103088321158864, 837424856, '2016-06-19 19:27:20');
INSERT INTO ASCII_Prestamos (FPrestamo, Carnet, Codigo, FDevolucion)
    VALUES ('2015-03-15 19:01:55', 35966103088321158864, 800955108, '2015-03-15 19:55:34');


---------------- NEW USER aalvarado
INSERT INTO ASCII_Usuarios (Carnet, FAlta, Nombre, Apellidos, Apodo)
    VALUES (76006550211366783643, '2002-09-30 10:27:05', 'Agustín', 'Adán', 'aalvarado');

INSERT INTO ASCII_Prestamos (FPrestamo, Carnet, Codigo, FDevolucion)
    VALUES ('2017-01-17 18:21:45', 76006550211366783643, 604208493, '2017-01-17 19:54:36');
INSERT INTO ASCII_Recomendaciones (Carnet, Base, Recomendacion)
 VALUES (76006550211366783643, 265953115, 604208493);
INSERT INTO ASCII_Prestamos (FPrestamo, Carnet, Codigo, FDevolucion)
    VALUES ('2018-04-14 11:05:36', 76006550211366783643, 438834923, '2018-04-14 14:46:50');
INSERT INTO ASCII_Recomendaciones (Carnet, Base, Recomendacion)
 VALUES (76006550211366783643, 253994868, 438834923);
INSERT INTO ASCII_Prestamos (FPrestamo, Carnet, Codigo, FDevolucion)
    VALUES ('2011-10-05 17:48:56', 76006550211366783643, 837424856, '2011-10-05 19:50:16');
INSERT INTO ASCII_Recomendaciones (Carnet, Base, Recomendacion)
 VALUES (76006550211366783643, 657948358, 837424856);
INSERT INTO ASCII_Prestamos (FPrestamo, Carnet, Codigo, FDevolucion)
    VALUES ('2016-04-17 16:50:57', 76006550211366783643, 308179286, '2016-04-17 20:48:32');
INSERT INTO ASCII_Prestamos (FPrestamo, Carnet, Codigo, FDevolucion)
    VALUES ('2012-01-07 10:22:17', 76006550211366783643, 147729606, '2012-01-07 11:28:39');
INSERT INTO ASCII_Prestamos (FPrestamo, Carnet, Codigo, FDevolucion)
    VALUES ('2015-09-15 17:19:32', 76006550211366783643, 982622725, '2015-09-15 17:38:51');
INSERT INTO ASCII_Prestamos (FPrestamo, Carnet, Codigo, FDevolucion)
    VALUES ('2012-01-14 18:22:25', 76006550211366783643, 230128811, '2012-01-14 19:45:54');
INSERT INTO ASCII_Prestamos (FPrestamo, Carnet, Codigo, FDevolucion)
    VALUES ('2013-02-14 19:09:12', 76006550211366783643, 566157944, '2013-02-14 19:30:10');
INSERT INTO ASCII_Prestamos (FPrestamo, Carnet, Codigo, FDevolucion)
    VALUES ('2007-05-11 13:07:07', 76006550211366783643, 480674548, '2007-05-11 17:56:42');


---------------- NEW USER domingo92
INSERT INTO ASCII_Usuarios (Carnet, FAlta, Nombre, Apellidos, Apodo)
    VALUES (13972581071956832670, '1995-07-20 18:12:35', 'Jose', 'Iniesta-Escolano', 'domingo92');

INSERT INTO ASCII_Prestamos (FPrestamo, Carnet, Codigo, FDevolucion)
    VALUES ('2010-09-26 13:13:09', 13972581071956832670, 9966371, '2010-09-26 16:38:50');
INSERT INTO ASCII_Prestamos (FPrestamo, Carnet, Codigo, FDevolucion)
    VALUES ('2000-12-11 12:41:24', 13972581071956832670, 604208493, '2000-12-11 17:36:50');
INSERT INTO ASCII_Prestamos (FPrestamo, Carnet, Codigo, FDevolucion)
    VALUES ('2007-04-07 10:29:35', 13972581071956832670, 243541526, '2007-04-07 10:30:22');
INSERT INTO ASCII_Prestamos (FPrestamo, Carnet, Codigo, FDevolucion)
    VALUES ('2008-04-17 10:17:45', 13972581071956832670, 948690342, '2008-04-17 19:44:21');
INSERT INTO ASCII_Prestamos (FPrestamo, Carnet, Codigo, FDevolucion)
    VALUES ('2015-12-26 16:31:27', 13972581071956832670, 524284071, '2015-12-26 17:38:11');
INSERT INTO ASCII_Prestamos (FPrestamo, Carnet, Codigo, FDevolucion)
    VALUES ('2008-01-06 18:26:03', 13972581071956832670, 698357582, '2008-01-06 20:04:42');
INSERT INTO ASCII_Prestamos (FPrestamo, Carnet, Codigo, FDevolucion)
    VALUES ('2004-10-31 14:39:42', 13972581071956832670, 604208493, '2004-10-31 19:20:41');
INSERT INTO ASCII_Prestamos (FPrestamo, Carnet, Codigo, FDevolucion)
    VALUES ('2014-11-12 19:57:34', 13972581071956832670, 430588711, '2014-11-12 20:06:25');
INSERT INTO ASCII_Prestamos (FPrestamo, Carnet, Codigo, FDevolucion)
    VALUES ('2009-09-17 10:16:35', 13972581071956832670, 488201605, '2009-09-17 15:34:44');
INSERT INTO ASCII_Prestamos (FPrestamo, Carnet, Codigo, FDevolucion)
    VALUES ('2003-06-11 17:21:19', 13972581071956832670, 822999051, '2003-06-11 17:48:19');
INSERT INTO ASCII_Prestamos (FPrestamo, Carnet, Codigo, FDevolucion)
    VALUES ('2011-12-07 11:59:43', 13972581071956832670, 971648177, '2011-12-07 15:01:17');
INSERT INTO ASCII_Prestamos (FPrestamo, Carnet, Codigo, FDevolucion)
    VALUES ('2018-10-15 10:30:23', 13972581071956832670, 902512489, '2018-10-15 16:01:16');
INSERT INTO ASCII_Prestamos (FPrestamo, Carnet, Codigo, FDevolucion)
    VALUES ('2002-12-24 17:53:38', 13972581071956832670, 331049936, '2002-12-24 20:00:33');
INSERT INTO ASCII_Prestamos (FPrestamo, Carnet, Codigo, FDevolucion)
    VALUES ('2014-06-13 18:19:16', 13972581071956832670, 626508891, '2014-06-13 19:58:53');
INSERT INTO ASCII_Prestamos (FPrestamo, Carnet, Codigo, FDevolucion)
    VALUES ('2008-12-20 18:44:30', 13972581071956832670, 335793936, '2008-12-20 18:46:31');
INSERT INTO ASCII_Recomendaciones (Carnet, Base, Recomendacion)
 VALUES (13972581071956832670, 758589576, 335793936);
INSERT INTO ASCII_Prestamos (FPrestamo, Carnet, Codigo, FDevolucion)
    VALUES ('2011-09-27 09:15:18', 13972581071956832670, 335793936, '2011-09-27 11:34:27');
INSERT INTO ASCII_Recomendaciones (Carnet, Base, Recomendacion)
 VALUES (13972581071956832670, 290125844, 335793936);
INSERT INTO ASCII_Prestamos (FPrestamo, Carnet, Codigo, FDevolucion)
    VALUES ('2017-11-06 16:50:01', 13972581071956832670, 251337722, '2017-11-06 17:23:13');
INSERT INTO ASCII_Prestamos (FPrestamo, Carnet, Codigo, FDevolucion)
    VALUES ('2011-05-25 10:41:18', 13972581071956832670, 251337722, '2011-05-25 18:56:11');
INSERT INTO ASCII_Prestamos (FPrestamo, Carnet, Codigo, FDevolucion)
    VALUES ('2016-09-30 13:04:12', 13972581071956832670, 341971670, '2016-09-30 15:46:28');
INSERT INTO ASCII_Prestamos (FPrestamo, Carnet, Codigo, FDevolucion)
    VALUES ('2004-01-27 09:34:05', 13972581071956832670, 206123333, '2004-01-27 11:26:02');
INSERT INTO ASCII_Prestamos (FPrestamo, Carnet, Codigo, FDevolucion)
    VALUES ('2012-10-25 16:58:08', 13972581071956832670, 331049936, '2012-10-25 19:11:47');
INSERT INTO ASCII_Prestamos (FPrestamo, Carnet, Codigo, FDevolucion)
    VALUES ('2011-11-24 10:31:45', 13972581071956832670, 360700172, '2011-11-24 12:48:11');
INSERT INTO ASCII_Prestamos (FPrestamo, Carnet, Codigo, FDevolucion)
    VALUES ('1995-11-20 18:34:14', 13972581071956832670, 758589576, '1995-11-20 19:00:56');
INSERT INTO ASCII_Prestamos (FPrestamo, Carnet, Codigo, FDevolucion)
    VALUES ('2014-04-11 16:59:08', 13972581071956832670, 411723132, '2014-04-11 19:10:06');
INSERT INTO ASCII_Prestamos (FPrestamo, Carnet, Codigo, FDevolucion)
    VALUES ('2003-01-04 10:03:35', 13972581071956832670, 599287974, '2003-01-04 18:39:17');
INSERT INTO ASCII_Prestamos (FPrestamo, Carnet, Codigo, FDevolucion)
    VALUES ('1996-07-21 19:40:25', 13972581071956832670, 700258093, '1996-07-21 19:47:58');
INSERT INTO ASCII_Prestamos (FPrestamo, Carnet, Codigo, FDevolucion)
    VALUES ('2010-08-26 15:11:50', 13972581071956832670, 585707220, '2010-08-26 16:16:00');
INSERT INTO ASCII_Prestamos (FPrestamo, Carnet, Codigo, FDevolucion)
    VALUES ('2014-07-13 14:56:54', 13972581071956832670, 338686884, '2014-07-13 16:53:08');
INSERT INTO ASCII_Prestamos (FPrestamo, Carnet, Codigo, FDevolucion)
    VALUES ('2018-01-06 18:19:45', 13972581071956832670, 973769009, '2018-01-06 18:39:17');
INSERT INTO ASCII_Prestamos (FPrestamo, Carnet, Codigo, FDevolucion)
    VALUES ('1998-03-27 17:43:45', 13972581071956832670, 250884700, '1998-03-27 19:48:50');
INSERT INTO ASCII_Prestamos (FPrestamo, Carnet, Codigo, FDevolucion)
    VALUES ('2009-03-27 10:20:21', 13972581071956832670, 106749821, '2009-03-27 18:18:29');
INSERT INTO ASCII_Prestamos (FPrestamo, Carnet, Codigo, FDevolucion)
    VALUES ('1999-10-04 16:35:31', 13972581071956832670, 561655840, '1999-10-04 19:55:59');
INSERT INTO ASCII_Prestamos (FPrestamo, Carnet, Codigo, FDevolucion)
    VALUES ('2014-09-17 10:52:27', 13972581071956832670, 488201605, '2014-09-17 17:45:27');
INSERT INTO ASCII_Prestamos (FPrestamo, Carnet, Codigo, FDevolucion)
    VALUES ('2004-07-22 11:38:51', 13972581071956832670, 524284071, '2004-07-22 14:20:54');
INSERT INTO ASCII_Prestamos (FPrestamo, Carnet, Codigo, FDevolucion)
    VALUES ('2001-11-13 18:04:43', 13972581071956832670, 242380829, '2001-11-13 18:12:57');
INSERT INTO ASCII_Recomendaciones (Carnet, Base, Recomendacion)
 VALUES (13972581071956832670, 131733386, 242380829);
INSERT INTO ASCII_Prestamos (FPrestamo, Carnet, Codigo, FDevolucion)
    VALUES ('2000-08-18 13:55:31', 13972581071956832670, 953850576, '2000-08-18 15:10:37');
INSERT INTO ASCII_Prestamos (FPrestamo, Carnet, Codigo, FDevolucion)
    VALUES ('2005-03-19 12:34:48', 13972581071956832670, 758589576, '2005-03-19 20:18:54');
INSERT INTO ASCII_Prestamos (FPrestamo, Carnet, Codigo, FDevolucion)
    VALUES ('2006-01-09 11:02:55', 13972581071956832670, 47554194, '2006-01-09 12:07:25');
INSERT INTO ASCII_Prestamos (FPrestamo, Carnet, Codigo, FDevolucion)
    VALUES ('2017-04-07 15:02:58', 13972581071956832670, 230128811, '2017-04-07 15:43:48');
INSERT INTO ASCII_Prestamos (FPrestamo, Carnet, Codigo, FDevolucion)
    VALUES ('1995-09-02 11:02:01', 13972581071956832670, 703854585, '1995-09-02 13:13:25');
INSERT INTO ASCII_Prestamos (FPrestamo, Carnet, Codigo, FDevolucion)
    VALUES ('2008-06-01 16:40:14', 13972581071956832670, 700258093, '2008-06-01 20:28:51');
INSERT INTO ASCII_Prestamos (FPrestamo, Carnet, Codigo, FDevolucion)
    VALUES ('2007-01-23 19:28:32', 13972581071956832670, 870139361, '2007-01-23 20:02:36');
INSERT INTO ASCII_Prestamos (FPrestamo, Carnet, Codigo, FDevolucion)
    VALUES ('2013-10-10 11:58:04', 13972581071956832670, 518990411, '2013-10-10 14:04:19');
INSERT INTO ASCII_Prestamos (FPrestamo, Carnet, Codigo, FDevolucion)
    VALUES ('2012-03-07 14:32:41', 13972581071956832670, 982622725, '2012-03-07 19:43:54');
INSERT INTO ASCII_Prestamos (FPrestamo, Carnet, Codigo, FDevolucion)
    VALUES ('2016-12-28 13:51:28', 13972581071956832670, 862290062, '2016-12-28 14:27:30');


---------------- NEW USER vanesa38
INSERT INTO ASCII_Usuarios (Carnet, FAlta, Nombre, Apellidos, Apodo)
    VALUES (63105668062268609181, '1998-05-12 20:55:48', 'Vanesa', 'Céspedes', 'vanesa38');

INSERT INTO ASCII_Prestamos (FPrestamo, Carnet, Codigo, FDevolucion)
    VALUES ('2002-08-10 13:44:55', 63105668062268609181, 430588711, '2002-08-10 20:08:05');
INSERT INTO ASCII_Prestamos (FPrestamo, Carnet, Codigo, FDevolucion)
    VALUES ('2004-08-22 19:56:57', 63105668062268609181, 930265900, '2004-08-22 20:53:06');
INSERT INTO ASCII_Prestamos (FPrestamo, Carnet, Codigo, FDevolucion)
    VALUES ('2011-04-01 15:49:36', 63105668062268609181, 430588711, '2011-04-01 16:38:30');
INSERT INTO ASCII_Recomendaciones (Carnet, Base, Recomendacion)
 VALUES (63105668062268609181, 307357928, 430588711);
INSERT INTO ASCII_Prestamos (FPrestamo, Carnet, Codigo, FDevolucion)
    VALUES ('2012-05-02 15:40:08', 63105668062268609181, 804481452, '2012-05-02 16:21:25');
INSERT INTO ASCII_Prestamos (FPrestamo, Carnet, Codigo, FDevolucion)
    VALUES ('2014-03-31 17:07:12', 63105668062268609181, 18635348, '2014-03-31 19:39:00');
INSERT INTO ASCII_Prestamos (FPrestamo, Carnet, Codigo, FDevolucion)
    VALUES ('2015-03-17 17:44:56', 63105668062268609181, 982622725, '2015-03-17 18:17:47');
INSERT INTO ASCII_Prestamos (FPrestamo, Carnet, Codigo, FDevolucion)
    VALUES ('2011-10-07 10:54:24', 63105668062268609181, 840655483, '2011-10-07 19:46:15');
INSERT INTO ASCII_Prestamos (FPrestamo, Carnet, Codigo, FDevolucion)
    VALUES ('2018-07-23 18:42:24', 63105668062268609181, 270103881, '2018-07-23 19:11:08');
INSERT INTO ASCII_Prestamos (FPrestamo, Carnet, Codigo, FDevolucion)
    VALUES ('2006-06-22 17:07:10', 63105668062268609181, 804481452, '2006-06-22 18:04:02');
INSERT INTO ASCII_Prestamos (FPrestamo, Carnet, Codigo, FDevolucion)
    VALUES ('2013-02-14 11:27:17', 63105668062268609181, 566157944, '2013-02-14 17:11:10');
INSERT INTO ASCII_Prestamos (FPrestamo, Carnet, Codigo, FDevolucion)
    VALUES ('2010-03-14 16:26:26', 63105668062268609181, 480674548, '2010-03-14 19:24:47');
INSERT INTO ASCII_Prestamos (FPrestamo, Carnet, Codigo, FDevolucion)
    VALUES ('2001-08-16 13:51:41', 63105668062268609181, 131733386, '2001-08-16 17:49:08');
INSERT INTO ASCII_Recomendaciones (Carnet, Base, Recomendacion)
 VALUES (63105668062268609181, 250884700, 131733386);
INSERT INTO ASCII_Prestamos (FPrestamo, Carnet, Codigo, FDevolucion)
    VALUES ('2005-06-10 09:31:33', 63105668062268609181, 599287974, '2005-06-10 13:57:41');
INSERT INTO ASCII_Recomendaciones (Carnet, Base, Recomendacion)
 VALUES (63105668062268609181, 47554194, 599287974);
INSERT INTO ASCII_Prestamos (FPrestamo, Carnet, Codigo, FDevolucion)
    VALUES ('2016-03-31 17:00:11', 63105668062268609181, 585184362, '2016-03-31 17:09:43');
INSERT INTO ASCII_Prestamos (FPrestamo, Carnet, Codigo, FDevolucion)
    VALUES ('2002-06-12 11:26:52', 63105668062268609181, 250884700, '2002-06-12 17:23:16');
INSERT INTO ASCII_Prestamos (FPrestamo, Carnet, Codigo, FDevolucion)
    VALUES ('2001-12-08 18:05:32', 63105668062268609181, 510980242, '2001-12-08 19:43:08');
INSERT INTO ASCII_Prestamos (FPrestamo, Carnet, Codigo, FDevolucion)
    VALUES ('2014-05-30 18:50:38', 63105668062268609181, 851235196, '2014-05-30 19:53:34');
INSERT INTO ASCII_Prestamos (FPrestamo, Carnet, Codigo, FDevolucion)
    VALUES ('2001-01-16 19:28:13', 63105668062268609181, 653241348, '2001-01-16 19:39:01');
INSERT INTO ASCII_Prestamos (FPrestamo, Carnet, Codigo, FDevolucion)
    VALUES ('2018-10-07 12:52:45', 63105668062268609181, 964977585, '2018-10-07 17:50:53');
INSERT INTO ASCII_Prestamos (FPrestamo, Carnet, Codigo, FDevolucion)
    VALUES ('2009-07-15 17:06:41', 63105668062268609181, 438834923, '2009-07-15 18:49:24');
INSERT INTO ASCII_Prestamos (FPrestamo, Carnet, Codigo, FDevolucion)
    VALUES ('2010-10-25 19:23:18', 63105668062268609181, 850083148, '2010-10-25 19:46:53');
INSERT INTO ASCII_Prestamos (FPrestamo, Carnet, Codigo, FDevolucion)
    VALUES ('2010-03-31 17:37:07', 63105668062268609181, 131733386, '2010-03-31 18:16:13');
INSERT INTO ASCII_Prestamos (FPrestamo, Carnet, Codigo, FDevolucion)
    VALUES ('2003-10-07 09:08:21', 63105668062268609181, 253994868, '2003-10-07 11:27:27');
INSERT INTO ASCII_Recomendaciones (Carnet, Base, Recomendacion)
 VALUES (63105668062268609181, 430588711, 253994868);
INSERT INTO ASCII_Prestamos (FPrestamo, Carnet, Codigo, FDevolucion)
    VALUES ('2013-10-19 13:57:34', 63105668062268609181, 271974491, '2013-10-19 18:47:10');
INSERT INTO ASCII_Prestamos (FPrestamo, Carnet, Codigo, FDevolucion)
    VALUES ('2013-10-24 16:48:26', 63105668062268609181, 850083148, '2013-10-24 18:40:28');
INSERT INTO ASCII_Prestamos (FPrestamo, Carnet, Codigo, FDevolucion)
    VALUES ('2005-11-21 14:59:33', 63105668062268609181, 271974491, '2005-11-21 20:34:38');
INSERT INTO ASCII_Prestamos (FPrestamo, Carnet, Codigo, FDevolucion)
    VALUES ('2016-02-19 13:44:28', 63105668062268609181, 902512489, '2016-02-19 18:58:32');
INSERT INTO ASCII_Recomendaciones (Carnet, Base, Recomendacion)
 VALUES (63105668062268609181, 156146678, 902512489);
INSERT INTO ASCII_Prestamos (FPrestamo, Carnet, Codigo, FDevolucion)
    VALUES ('2015-11-04 15:07:38', 63105668062268609181, 308179286, '2015-11-04 19:11:24');
INSERT INTO ASCII_Prestamos (FPrestamo, Carnet, Codigo, FDevolucion)
    VALUES ('2018-03-20 11:27:21', 63105668062268609181, 430588711, '2018-03-20 15:03:11');
INSERT INTO ASCII_Prestamos (FPrestamo, Carnet, Codigo, FDevolucion)
    VALUES ('2016-05-28 16:04:48', 63105668062268609181, 587137439, '2016-05-28 19:49:42');
INSERT INTO ASCII_Prestamos (FPrestamo, Carnet, Codigo, FDevolucion)
    VALUES ('1999-08-12 09:19:36', 63105668062268609181, 518990411, '1999-08-12 09:55:57');
INSERT INTO ASCII_Prestamos (FPrestamo, Carnet, Codigo, FDevolucion)
    VALUES ('2016-01-28 17:25:49', 63105668062268609181, 698357582, '2016-01-28 17:37:39');
INSERT INTO ASCII_Recomendaciones (Carnet, Base, Recomendacion)
 VALUES (63105668062268609181, 331049936, 698357582);
INSERT INTO ASCII_Prestamos (FPrestamo, Carnet, Codigo, FDevolucion)
    VALUES ('2014-11-06 17:28:31', 63105668062268609181, 964977585, '2014-11-06 18:32:54');
INSERT INTO ASCII_Prestamos (FPrestamo, Carnet, Codigo, FDevolucion)
    VALUES ('2002-07-22 12:58:58', 63105668062268609181, 840655483, '2002-07-22 14:31:27');
INSERT INTO ASCII_Prestamos (FPrestamo, Carnet, Codigo, FDevolucion)
    VALUES ('2000-07-29 17:40:18', 63105668062268609181, 18635348, '2000-07-29 19:47:55');
INSERT INTO ASCII_Prestamos (FPrestamo, Carnet, Codigo, FDevolucion)
    VALUES ('2012-04-10 18:54:57', 63105668062268609181, 954808125, '2012-04-10 20:51:31');
INSERT INTO ASCII_Prestamos (FPrestamo, Carnet, Codigo, FDevolucion)
    VALUES ('2011-08-19 16:16:31', 63105668062268609181, 647931245, '2011-08-19 16:43:01');
INSERT INTO ASCII_Prestamos (FPrestamo, Carnet, Codigo, FDevolucion)
    VALUES ('2009-01-01 19:56:42', 63105668062268609181, 643443091, '2009-01-01 20:29:21');
INSERT INTO ASCII_Prestamos (FPrestamo, Carnet, Codigo, FDevolucion)
    VALUES ('2015-01-27 09:39:49', 63105668062268609181, 689302586, '2015-01-27 16:35:08');
INSERT INTO ASCII_Prestamos (FPrestamo, Carnet, Codigo, FDevolucion)
    VALUES ('1998-10-10 16:40:29', 63105668062268609181, 338686884, '1998-10-10 17:45:31');


---------------- NEW USER trinidad90
INSERT INTO ASCII_Usuarios (Carnet, FAlta, Nombre, Apellidos, Apodo)
    VALUES (96163976604970354476, '1997-01-02 18:40:20', 'Blanca', 'Cabeza', 'trinidad90');

INSERT INTO ASCII_Prestamos (FPrestamo, Carnet, Codigo, FDevolucion)
    VALUES ('2002-01-16 09:55:37', 96163976604970354476, 971648177, '2002-01-16 10:49:07');
INSERT INTO ASCII_Prestamos (FPrestamo, Carnet, Codigo, FDevolucion)
    VALUES ('2001-05-07 19:13:19', 96163976604970354476, 37958394, '2001-05-07 20:09:05');
INSERT INTO ASCII_Prestamos (FPrestamo, Carnet, Codigo, FDevolucion)
    VALUES ('1997-09-22 12:33:25', 96163976604970354476, 196486656, '1997-09-22 15:40:40');
INSERT INTO ASCII_Prestamos (FPrestamo, Carnet, Codigo, FDevolucion)
    VALUES ('2001-02-13 18:54:45', 96163976604970354476, 147729606, '2001-02-13 19:30:13');
INSERT INTO ASCII_Prestamos (FPrestamo, Carnet, Codigo, FDevolucion)
    VALUES ('2000-02-16 19:16:37', 96163976604970354476, 419138522, '2000-02-16 19:55:48');
INSERT INTO ASCII_Prestamos (FPrestamo, Carnet, Codigo, FDevolucion)
    VALUES ('2017-10-18 10:49:52', 96163976604970354476, 670546869, '2017-10-18 19:53:42');
INSERT INTO ASCII_Recomendaciones (Carnet, Base, Recomendacion)
 VALUES (96163976604970354476, 851235196, 670546869);
INSERT INTO ASCII_Prestamos (FPrestamo, Carnet, Codigo, FDevolucion)
    VALUES ('2009-06-15 13:34:53', 96163976604970354476, 307357928, '2009-06-15 17:29:19');
INSERT INTO ASCII_Prestamos (FPrestamo, Carnet, Codigo, FDevolucion)
    VALUES ('1999-03-02 19:08:15', 96163976604970354476, 890814220, '1999-03-02 19:16:53');
INSERT INTO ASCII_Prestamos (FPrestamo, Carnet, Codigo, FDevolucion)
    VALUES ('2016-05-15 18:35:58', 96163976604970354476, 953850576, '2016-05-15 19:49:13');
INSERT INTO ASCII_Prestamos (FPrestamo, Carnet, Codigo, FDevolucion)
    VALUES ('2013-03-21 17:24:13', 96163976604970354476, 698357582, '2013-03-21 17:55:00');
INSERT INTO ASCII_Prestamos (FPrestamo, Carnet, Codigo, FDevolucion)
    VALUES ('2010-12-18 18:21:36', 96163976604970354476, 481287493, '2010-12-18 19:33:51');
INSERT INTO ASCII_Prestamos (FPrestamo, Carnet, Codigo, FDevolucion)
    VALUES ('2001-11-03 17:54:18', 96163976604970354476, 131733386, '2001-11-03 19:13:44');
INSERT INTO ASCII_Prestamos (FPrestamo, Carnet, Codigo, FDevolucion)
    VALUES ('2000-08-02 13:03:55', 96163976604970354476, 837424856, '2000-08-02 16:30:42');
INSERT INTO ASCII_Prestamos (FPrestamo, Carnet, Codigo, FDevolucion)
    VALUES ('2011-12-06 19:48:45', 96163976604970354476, 850083148, '2011-12-06 19:55:47');
INSERT INTO ASCII_Prestamos (FPrestamo, Carnet, Codigo, FDevolucion)
    VALUES ('2004-10-05 18:46:10', 96163976604970354476, 952346420, '2004-10-05 20:36:14');
INSERT INTO ASCII_Prestamos (FPrestamo, Carnet, Codigo, FDevolucion)
    VALUES ('1999-10-28 13:11:09', 96163976604970354476, 689302586, '1999-10-28 17:46:30');
INSERT INTO ASCII_Prestamos (FPrestamo, Carnet, Codigo, FDevolucion)
    VALUES ('2006-12-09 14:12:22', 96163976604970354476, 462839979, '2006-12-09 18:49:45');
INSERT INTO ASCII_Prestamos (FPrestamo, Carnet, Codigo, FDevolucion)
    VALUES ('2015-07-07 10:56:09', 96163976604970354476, 243541526, '2015-07-07 15:46:55');
INSERT INTO ASCII_Prestamos (FPrestamo, Carnet, Codigo, FDevolucion)
    VALUES ('2005-09-24 18:11:14', 96163976604970354476, 155192418, '2005-09-24 19:45:51');
INSERT INTO ASCII_Prestamos (FPrestamo, Carnet, Codigo, FDevolucion)
    VALUES ('2004-12-08 14:52:02', 96163976604970354476, 462839979, '2004-12-08 16:58:30');
INSERT INTO ASCII_Prestamos (FPrestamo, Carnet, Codigo, FDevolucion)
    VALUES ('2004-03-10 19:35:06', 96163976604970354476, 270103881, '2004-03-10 20:13:52');


---------------- NEW USER nuriasalamanca
INSERT INTO ASCII_Usuarios (Carnet, FAlta, Nombre, Apellidos, Apodo)
    VALUES (47203287945896854701, '2006-03-09 17:38:07', 'Gabriel', 'Ropero', 'nuriasalamanca');

INSERT INTO ASCII_Prestamos (FPrestamo, Carnet, Codigo, FDevolucion)
    VALUES ('2011-09-14 10:28:06', 47203287945896854701, 857051941, '2011-09-14 10:54:51');
INSERT INTO ASCII_Prestamos (FPrestamo, Carnet, Codigo, FDevolucion)
    VALUES ('2010-01-29 18:23:42', 47203287945896854701, 18635348, '2010-01-29 20:15:59');
INSERT INTO ASCII_Prestamos (FPrestamo, Carnet, Codigo, FDevolucion)
    VALUES ('2017-07-27 11:48:07', 47203287945896854701, 927955996, '2017-07-27 15:10:54');
INSERT INTO ASCII_Prestamos (FPrestamo, Carnet, Codigo, FDevolucion)
    VALUES ('2006-10-27 10:33:32', 47203287945896854701, 727226330, '2006-10-27 13:10:24');
INSERT INTO ASCII_Recomendaciones (Carnet, Base, Recomendacion)
 VALUES (47203287945896854701, 270103881, 727226330);
INSERT INTO ASCII_Prestamos (FPrestamo, Carnet, Codigo, FDevolucion)
    VALUES ('2009-12-30 09:45:07', 47203287945896854701, 307357928, '2009-12-30 14:41:16');
INSERT INTO ASCII_Prestamos (FPrestamo, Carnet, Codigo, FDevolucion)
    VALUES ('2011-07-02 09:00:46', 47203287945896854701, 195144846, '2011-07-02 10:02:41');
INSERT INTO ASCII_Prestamos (FPrestamo, Carnet, Codigo, FDevolucion)
    VALUES ('2017-09-19 10:11:39', 47203287945896854701, 669879732, '2017-09-19 10:23:28');
INSERT INTO ASCII_Prestamos (FPrestamo, Carnet, Codigo, FDevolucion)
    VALUES ('2011-04-20 17:48:56', 47203287945896854701, 251337722, '2011-04-20 19:01:12');
INSERT INTO ASCII_Prestamos (FPrestamo, Carnet, Codigo, FDevolucion)
    VALUES ('2011-08-20 14:49:51', 47203287945896854701, 566157944, '2011-08-20 14:52:31');
INSERT INTO ASCII_Prestamos (FPrestamo, Carnet, Codigo, FDevolucion)
    VALUES ('2018-06-25 18:00:54', 47203287945896854701, 991317338, '2018-06-25 20:00:47');
INSERT INTO ASCII_Prestamos (FPrestamo, Carnet, Codigo, FDevolucion)
    VALUES ('2018-08-04 13:24:35', 47203287945896854701, 950526760, '2018-08-04 15:22:18');
INSERT INTO ASCII_Prestamos (FPrestamo, Carnet, Codigo, FDevolucion)
    VALUES ('2018-07-17 09:42:20', 47203287945896854701, 566157944, '2018-07-17 11:50:18');
INSERT INTO ASCII_Prestamos (FPrestamo, Carnet, Codigo, FDevolucion)
    VALUES ('2014-07-01 14:59:28', 47203287945896854701, 982622725, '2014-07-01 16:12:01');
INSERT INTO ASCII_Prestamos (FPrestamo, Carnet, Codigo, FDevolucion)
    VALUES ('2015-03-16 09:16:18', 47203287945896854701, 361185658, '2015-03-16 14:54:53');
INSERT INTO ASCII_Prestamos (FPrestamo, Carnet, Codigo, FDevolucion)
    VALUES ('2018-07-25 10:06:18', 47203287945896854701, 822999051, '2018-07-25 13:33:40');
INSERT INTO ASCII_Prestamos (FPrestamo, Carnet, Codigo, FDevolucion)
    VALUES ('2018-04-26 19:22:27', 47203287945896854701, 561655840, '2018-04-26 19:49:48');
INSERT INTO ASCII_Prestamos (FPrestamo, Carnet, Codigo, FDevolucion)
    VALUES ('2012-10-23 16:13:30', 47203287945896854701, 621287267, '2012-10-23 17:36:15');
INSERT INTO ASCII_Prestamos (FPrestamo, Carnet, Codigo, FDevolucion)
    VALUES ('2011-12-12 15:24:26', 47203287945896854701, 243541526, '2011-12-12 16:29:35');
INSERT INTO ASCII_Prestamos (FPrestamo, Carnet, Codigo, FDevolucion)
    VALUES ('2012-06-09 11:22:53', 47203287945896854701, 689302586, '2012-06-09 14:57:04');
INSERT INTO ASCII_Prestamos (FPrestamo, Carnet, Codigo, FDevolucion)
    VALUES ('2012-12-27 16:55:12', 47203287945896854701, 428001381, '2012-12-27 19:52:25');
INSERT INTO ASCII_Prestamos (FPrestamo, Carnet, Codigo, FDevolucion)
    VALUES ('2006-03-24 15:13:17', 47203287945896854701, 156146678, '2006-03-24 16:34:42');
INSERT INTO ASCII_Prestamos (FPrestamo, Carnet, Codigo, FDevolucion)
    VALUES ('2011-07-02 14:39:20', 47203287945896854701, 435077835, '2011-07-02 18:35:41');
INSERT INTO ASCII_Prestamos (FPrestamo, Carnet, Codigo, FDevolucion)
    VALUES ('2010-04-20 17:15:42', 47203287945896854701, 837424856, '2010-04-20 19:59:29');
INSERT INTO ASCII_Prestamos (FPrestamo, Carnet, Codigo, FDevolucion)
    VALUES ('2015-04-17 10:57:39', 47203287945896854701, 270103881, '2015-04-17 19:25:07');
INSERT INTO ASCII_Prestamos (FPrestamo, Carnet, Codigo, FDevolucion)
    VALUES ('2017-10-18 19:40:27', 47203287945896854701, 850083148, '2017-10-18 20:17:22');
INSERT INTO ASCII_Prestamos (FPrestamo, Carnet, Codigo, FDevolucion)
    VALUES ('2015-11-23 15:36:12', 47203287945896854701, 851235196, '2015-11-23 20:30:13');
INSERT INTO ASCII_Prestamos (FPrestamo, Carnet, Codigo, FDevolucion)
    VALUES ('2008-03-27 11:01:05', 47203287945896854701, 419138522, '2008-03-27 16:39:00');
INSERT INTO ASCII_Prestamos (FPrestamo, Carnet, Codigo, FDevolucion)
    VALUES ('2018-06-01 19:20:01', 47203287945896854701, 180014736, '2018-06-01 20:00:31');
INSERT INTO ASCII_Prestamos (FPrestamo, Carnet, Codigo, FDevolucion)
    VALUES ('2010-12-04 09:23:25', 47203287945896854701, 700258093, '2010-12-04 13:26:13');
INSERT INTO ASCII_Prestamos (FPrestamo, Carnet, Codigo, FDevolucion)
    VALUES ('2013-10-28 10:51:12', 47203287945896854701, 958333580, '2013-10-28 16:33:49');
INSERT INTO ASCII_Prestamos (FPrestamo, Carnet, Codigo, FDevolucion)
    VALUES ('2008-04-25 09:21:16', 47203287945896854701, 131733386, '2008-04-25 10:34:05');
INSERT INTO ASCII_Prestamos (FPrestamo, Carnet, Codigo, FDevolucion)
    VALUES ('2014-02-26 16:17:48', 47203287945896854701, 106749821, '2014-02-26 19:29:57');
INSERT INTO ASCII_Prestamos (FPrestamo, Carnet, Codigo, FDevolucion)
    VALUES ('2009-04-01 10:59:29', 47203287945896854701, 585707220, '2009-04-01 18:31:30');
INSERT INTO ASCII_Prestamos (FPrestamo, Carnet, Codigo, FDevolucion)
    VALUES ('2010-08-22 19:55:08', 47203287945896854701, 566157944, '2010-08-22 20:52:24');
INSERT INTO ASCII_Prestamos (FPrestamo, Carnet, Codigo, FDevolucion)
    VALUES ('2010-06-27 13:47:14', 47203287945896854701, 689302586, '2010-06-27 16:56:24');


---------------- NEW USER aguilarmercedes
INSERT INTO ASCII_Usuarios (Carnet, FAlta, Nombre, Apellidos, Apodo)
    VALUES (96300420512197650374, '2008-01-17 12:40:03', 'Asunción', 'Montenegro', 'aguilarmercedes');

INSERT INTO ASCII_Prestamos (FPrestamo, Carnet, Codigo, FDevolucion)
    VALUES ('2010-02-19 17:56:16', 96300420512197650374, 851235196, '2010-02-20 00:55:20');
INSERT INTO ASCII_Prestamos (FPrestamo, Carnet, Codigo, FDevolucion)
    VALUES ('2018-09-08 09:46:37', 96300420512197650374, 335793936, '2018-09-08 15:17:40');
INSERT INTO ASCII_Recomendaciones (Carnet, Base, Recomendacion)
 VALUES (96300420512197650374, 585707220, 335793936);
INSERT INTO ASCII_Prestamos (FPrestamo, Carnet, Codigo, FDevolucion)
    VALUES ('2016-07-13 11:26:15', 96300420512197650374, 659625461, '2016-07-13 15:51:35');
INSERT INTO ASCII_Prestamos (FPrestamo, Carnet, Codigo, FDevolucion)
    VALUES ('2016-02-15 13:08:42', 96300420512197650374, 604208493, '2016-02-15 17:50:45');
INSERT INTO ASCII_Prestamos (FPrestamo, Carnet, Codigo, FDevolucion)
    VALUES ('2013-08-09 14:33:08', 96300420512197650374, 462839979, '2013-08-09 17:23:49');
INSERT INTO ASCII_Recomendaciones (Carnet, Base, Recomendacion)
 VALUES (96300420512197650374, 507490311, 462839979);
INSERT INTO ASCII_Prestamos (FPrestamo, Carnet, Codigo, FDevolucion)
    VALUES ('2018-04-27 19:25:14', 96300420512197650374, 689302586, '2018-04-27 19:27:35');
INSERT INTO ASCII_Prestamos (FPrestamo, Carnet, Codigo, FDevolucion)
    VALUES ('2012-10-19 14:31:43', 96300420512197650374, 669879732, '2012-10-19 18:41:12');
INSERT INTO ASCII_Prestamos (FPrestamo, Carnet, Codigo, FDevolucion)
    VALUES ('2013-04-28 15:13:05', 96300420512197650374, 85574695, '2013-04-28 15:35:49');
INSERT INTO ASCII_Prestamos (FPrestamo, Carnet, Codigo, FDevolucion)
    VALUES ('2018-01-20 11:35:34', 96300420512197650374, 879139789, '2018-01-20 15:03:03');
INSERT INTO ASCII_Prestamos (FPrestamo, Carnet, Codigo, FDevolucion)
    VALUES ('2011-06-17 18:34:32', 96300420512197650374, 128859739, '2011-06-17 19:07:46');
INSERT INTO ASCII_Prestamos (FPrestamo, Carnet, Codigo, FDevolucion)
    VALUES ('2014-06-15 11:00:15', 96300420512197650374, 84694334, '2014-06-15 17:35:00');
INSERT INTO ASCII_Prestamos (FPrestamo, Carnet, Codigo, FDevolucion)
    VALUES ('2008-07-26 16:57:48', 96300420512197650374, 271974491, '2008-07-26 20:22:28');
INSERT INTO ASCII_Prestamos (FPrestamo, Carnet, Codigo, FDevolucion)
    VALUES ('2017-06-25 12:35:02', 96300420512197650374, 703854585, '2017-06-25 14:50:42');
INSERT INTO ASCII_Prestamos (FPrestamo, Carnet, Codigo, FDevolucion)
    VALUES ('2013-11-30 18:04:30', 96300420512197650374, 887208567, '2013-11-30 18:33:41');
INSERT INTO ASCII_Prestamos (FPrestamo, Carnet, Codigo, FDevolucion)
    VALUES ('2013-02-03 19:09:07', 96300420512197650374, 428001381, '2013-02-03 20:01:26');
INSERT INTO ASCII_Prestamos (FPrestamo, Carnet, Codigo, FDevolucion)
    VALUES ('2015-02-25 09:10:11', 96300420512197650374, 982622725, '2015-02-25 11:25:19');
INSERT INTO ASCII_Prestamos (FPrestamo, Carnet, Codigo, FDevolucion)
    VALUES ('2013-01-31 17:20:38', 96300420512197650374, 201222074, '2013-01-31 20:01:20');
INSERT INTO ASCII_Prestamos (FPrestamo, Carnet, Codigo, FDevolucion)
    VALUES ('2010-08-27 18:03:21', 96300420512197650374, 314225902, '2010-08-27 18:25:35');
INSERT INTO ASCII_Prestamos (FPrestamo, Carnet, Codigo, FDevolucion)
    VALUES ('2008-10-02 13:40:14', 96300420512197650374, 804481452, '2008-10-02 14:31:16');
INSERT INTO ASCII_Prestamos (FPrestamo, Carnet, Codigo, FDevolucion)
    VALUES ('2010-02-07 14:09:44', 96300420512197650374, 973769009, '2010-02-07 18:53:37');
INSERT INTO ASCII_Prestamos (FPrestamo, Carnet, Codigo, FDevolucion)
    VALUES ('2011-11-17 10:56:05', 96300420512197650374, 980789108, '2011-11-17 17:21:46');
INSERT INTO ASCII_Prestamos (FPrestamo, Carnet, Codigo, FDevolucion)
    VALUES ('2017-02-13 09:13:54', 96300420512197650374, 840655483, '2017-02-13 11:10:04');
INSERT INTO ASCII_Prestamos (FPrestamo, Carnet, Codigo, FDevolucion)
    VALUES ('2016-06-29 10:28:58', 96300420512197650374, 41169864, '2016-06-29 14:26:42');
INSERT INTO ASCII_Prestamos (FPrestamo, Carnet, Codigo, FDevolucion)
    VALUES ('2016-08-25 13:04:48', 96300420512197650374, 689302586, '2016-08-25 19:37:07');


---------------- NEW USER dvega
INSERT INTO ASCII_Usuarios (Carnet, FAlta, Nombre, Apellidos, Apodo)
    VALUES (32894627899299671682, '2014-07-14 14:07:47', 'Celia', 'Alberola', 'dvega');

INSERT INTO ASCII_Prestamos (FPrestamo, Carnet, Codigo, FDevolucion)
    VALUES ('2014-07-27 15:45:05', 32894627899299671682, 672049130, '2014-07-27 20:03:54');
INSERT INTO ASCII_Prestamos (FPrestamo, Carnet, Codigo, FDevolucion)
    VALUES ('2016-08-22 09:19:53', 32894627899299671682, 698357582, '2016-08-22 15:12:20');
INSERT INTO ASCII_Prestamos (FPrestamo, Carnet, Codigo, FDevolucion)
    VALUES ('2015-09-11 11:29:18', 32894627899299671682, 851235196, '2015-09-11 16:03:11');
INSERT INTO ASCII_Prestamos (FPrestamo, Carnet, Codigo, FDevolucion)
    VALUES ('2015-09-17 12:34:15', 32894627899299671682, 670546869, '2015-09-17 18:09:08');
INSERT INTO ASCII_Prestamos (FPrestamo, Carnet, Codigo, FDevolucion)
    VALUES ('2016-09-15 19:34:27', 32894627899299671682, 488201605, '2016-09-15 20:17:59');
INSERT INTO ASCII_Prestamos (FPrestamo, Carnet, Codigo, FDevolucion)
    VALUES ('2017-11-23 09:36:33', 32894627899299671682, 682329074, '2017-11-23 14:17:48');
INSERT INTO ASCII_Prestamos (FPrestamo, Carnet, Codigo, FDevolucion)
    VALUES ('2015-10-26 12:12:23', 32894627899299671682, 253994868, '2015-10-26 14:35:10');
INSERT INTO ASCII_Prestamos (FPrestamo, Carnet, Codigo, FDevolucion)
    VALUES ('2015-06-14 12:00:09', 32894627899299671682, 128859739, '2015-06-14 16:21:07');
INSERT INTO ASCII_Prestamos (FPrestamo, Carnet, Codigo, FDevolucion)
    VALUES ('2016-04-07 19:27:59', 32894627899299671682, 700258093, '2016-04-07 19:33:38');
INSERT INTO ASCII_Prestamos (FPrestamo, Carnet, Codigo, FDevolucion)
    VALUES ('2015-03-04 14:56:53', 32894627899299671682, 689302586, '2015-03-04 16:30:04');
INSERT INTO ASCII_Prestamos (FPrestamo, Carnet, Codigo, FDevolucion)
    VALUES ('2015-09-22 15:07:19', 32894627899299671682, 587137439, '2015-09-22 18:02:03');
INSERT INTO ASCII_Prestamos (FPrestamo, Carnet, Codigo, FDevolucion)
    VALUES ('2015-07-07 16:07:00', 32894627899299671682, 251337722, '2015-07-07 16:14:41');
INSERT INTO ASCII_Prestamos (FPrestamo, Carnet, Codigo, FDevolucion)
    VALUES ('2018-09-06 14:30:48', 32894627899299671682, 857051941, '2018-09-06 14:40:33');
INSERT INTO ASCII_Prestamos (FPrestamo, Carnet, Codigo, FDevolucion)
    VALUES ('2015-07-12 09:35:54', 32894627899299671682, 127915210, '2015-07-12 16:42:22');
INSERT INTO ASCII_Prestamos (FPrestamo, Carnet, Codigo, FDevolucion)
    VALUES ('2018-09-26 11:47:47', 32894627899299671682, 727226330, '2018-09-26 18:20:10');
INSERT INTO ASCII_Prestamos (FPrestamo, Carnet, Codigo, FDevolucion)
    VALUES ('2017-09-15 18:45:11', 32894627899299671682, 851235196, '2017-09-15 20:32:58');
INSERT INTO ASCII_Prestamos (FPrestamo, Carnet, Codigo, FDevolucion)
    VALUES ('2017-12-23 18:08:11', 32894627899299671682, 864419312, '2017-12-23 19:32:36');
INSERT INTO ASCII_Prestamos (FPrestamo, Carnet, Codigo, FDevolucion)
    VALUES ('2015-01-31 11:17:39', 32894627899299671682, 571247667, '2015-01-31 16:40:57');
INSERT INTO ASCII_Prestamos (FPrestamo, Carnet, Codigo, FDevolucion)
    VALUES ('2018-12-11 14:37:51', 32894627899299671682, 341971670, '2018-12-11 17:01:19');
INSERT INTO ASCII_Prestamos (FPrestamo, Carnet, Codigo, FDevolucion)
    VALUES ('2016-06-06 10:08:12', 32894627899299671682, 902512489, '2016-06-06 17:13:45');
INSERT INTO ASCII_Prestamos (FPrestamo, Carnet, Codigo, FDevolucion)
    VALUES ('2016-10-06 12:37:43', 32894627899299671682, 820749428, '2016-10-06 15:45:02');
INSERT INTO ASCII_Prestamos (FPrestamo, Carnet, Codigo, FDevolucion)
    VALUES ('2018-07-20 19:30:49', 32894627899299671682, 585707220, '2018-07-20 20:00:52');
INSERT INTO ASCII_Recomendaciones (Carnet, Base, Recomendacion)
 VALUES (32894627899299671682, 430588711, 585707220);
INSERT INTO ASCII_Prestamos (FPrestamo, Carnet, Codigo, FDevolucion)
    VALUES ('2016-04-16 13:13:07', 32894627899299671682, 758589576, '2016-04-16 18:49:33');
INSERT INTO ASCII_Prestamos (FPrestamo, Carnet, Codigo, FDevolucion)
    VALUES ('2015-02-05 11:14:24', 32894627899299671682, 360700172, '2015-02-05 16:15:20');
INSERT INTO ASCII_Prestamos (FPrestamo, Carnet, Codigo, FDevolucion)
    VALUES ('2014-12-15 11:29:55', 32894627899299671682, 84694334, '2014-12-15 15:22:18');
INSERT INTO ASCII_Prestamos (FPrestamo, Carnet, Codigo, FDevolucion)
    VALUES ('2017-03-24 19:34:45', 32894627899299671682, 409476072, '2017-03-24 20:22:04');
INSERT INTO ASCII_Prestamos (FPrestamo, Carnet, Codigo, FDevolucion)
    VALUES ('2018-11-30 15:10:48', 32894627899299671682, 903717553, '2018-11-30 15:36:22');
INSERT INTO ASCII_Prestamos (FPrestamo, Carnet, Codigo, FDevolucion)
    VALUES ('2015-04-02 13:20:24', 32894627899299671682, 419138522, '2015-04-02 14:23:56');
INSERT INTO ASCII_Recomendaciones (Carnet, Base, Recomendacion)
 VALUES (32894627899299671682, 106749821, 419138522);
INSERT INTO ASCII_Prestamos (FPrestamo, Carnet, Codigo, FDevolucion)
    VALUES ('2016-03-12 11:20:56', 32894627899299671682, 954808125, '2016-03-12 15:25:24');
INSERT INTO ASCII_Recomendaciones (Carnet, Base, Recomendacion)
 VALUES (32894627899299671682, 270103881, 954808125);
INSERT INTO ASCII_Prestamos (FPrestamo, Carnet, Codigo, FDevolucion)
    VALUES ('2016-05-06 09:24:28', 32894627899299671682, 253994868, '2016-05-06 17:01:42');
INSERT INTO ASCII_Prestamos (FPrestamo, Carnet, Codigo, FDevolucion)
    VALUES ('2015-08-20 13:14:59', 32894627899299671682, 980789108, '2015-08-20 19:52:27');
INSERT INTO ASCII_Prestamos (FPrestamo, Carnet, Codigo, FDevolucion)
    VALUES ('2016-09-23 13:00:56', 32894627899299671682, 251337722, '2016-09-23 18:16:23');
INSERT INTO ASCII_Prestamos (FPrestamo, Carnet, Codigo, FDevolucion)
    VALUES ('2015-05-05 16:14:30', 32894627899299671682, 307357928, '2015-05-05 16:39:08');
INSERT INTO ASCII_Recomendaciones (Carnet, Base, Recomendacion)
 VALUES (32894627899299671682, 393545356, 307357928);
INSERT INTO ASCII_Prestamos (FPrestamo, Carnet, Codigo, FDevolucion)
    VALUES ('2018-04-15 18:22:15', 32894627899299671682, 604208493, '2018-04-15 19:13:26');
INSERT INTO ASCII_Prestamos (FPrestamo, Carnet, Codigo, FDevolucion)
    VALUES ('2015-03-26 11:02:23', 32894627899299671682, 201222074, '2015-03-26 12:07:27');
INSERT INTO ASCII_Prestamos (FPrestamo, Carnet, Codigo, FDevolucion)
    VALUES ('2018-11-22 19:17:11', 32894627899299671682, 290125844, '2018-11-22 19:33:43');
INSERT INTO ASCII_Prestamos (FPrestamo, Carnet, Codigo, FDevolucion)
    VALUES ('2016-01-05 15:33:23', 32894627899299671682, 857051941, '2016-01-05 19:20:23');
INSERT INTO ASCII_Prestamos (FPrestamo, Carnet, Codigo, FDevolucion)
    VALUES ('2015-12-23 15:24:18', 32894627899299671682, 937697389, '2015-12-23 15:58:25');
INSERT INTO ASCII_Prestamos (FPrestamo, Carnet, Codigo, FDevolucion)
    VALUES ('2016-11-18 13:40:42', 32894627899299671682, 953850576, '2016-11-18 13:57:19');
INSERT INTO ASCII_Prestamos (FPrestamo, Carnet, Codigo, FDevolucion)
    VALUES ('2016-06-19 14:21:34', 32894627899299671682, 950526760, '2016-06-19 15:26:52');
INSERT INTO ASCII_Prestamos (FPrestamo, Carnet, Codigo, FDevolucion)
    VALUES ('2018-08-24 15:29:13', 32894627899299671682, 338686884, '2018-08-24 17:09:39');
INSERT INTO ASCII_Prestamos (FPrestamo, Carnet, Codigo, FDevolucion)
    VALUES ('2017-02-19 10:59:45', 32894627899299671682, 335793936, '2017-02-19 11:09:44');
INSERT INTO ASCII_Prestamos (FPrestamo, Carnet, Codigo, FDevolucion)
    VALUES ('2018-03-09 09:08:54', 32894627899299671682, 571247667, '2018-03-09 13:09:39');
INSERT INTO ASCII_Prestamos (FPrestamo, Carnet, Codigo, FDevolucion)
    VALUES ('2017-09-29 13:59:29', 32894627899299671682, 271974491, '2017-09-29 20:20:58');
INSERT INTO ASCII_Prestamos (FPrestamo, Carnet, Codigo, FDevolucion)
    VALUES ('2018-12-22 17:14:16', 32894627899299671682, 954808125, '2018-12-22 20:08:23');
INSERT INTO ASCII_Prestamos (FPrestamo, Carnet, Codigo, FDevolucion)
    VALUES ('2016-09-17 17:45:52', 32894627899299671682, 419138522, '2016-09-17 18:31:32');
INSERT INTO ASCII_Prestamos (FPrestamo, Carnet, Codigo, FDevolucion)
    VALUES ('2015-12-18 09:38:19', 32894627899299671682, 698357582, '2015-12-18 16:35:56');
INSERT INTO ASCII_Prestamos (FPrestamo, Carnet, Codigo, FDevolucion)
    VALUES ('2018-03-14 12:45:43', 32894627899299671682, 438834923, '2018-03-14 17:15:11');
INSERT INTO ASCII_Prestamos (FPrestamo, Carnet, Codigo, FDevolucion)
    VALUES ('2018-11-14 15:14:42', 32894627899299671682, 131733386, '2018-11-14 19:27:18');
INSERT INTO ASCII_Prestamos (FPrestamo, Carnet, Codigo, FDevolucion)
    VALUES ('2018-03-15 09:35:16', 32894627899299671682, 251337722, '2018-03-15 19:36:42');
INSERT INTO ASCII_Prestamos (FPrestamo, Carnet, Codigo, FDevolucion)
    VALUES ('2016-02-08 14:13:35', 32894627899299671682, 253994868, '2016-02-08 16:54:25');
INSERT INTO ASCII_Prestamos (FPrestamo, Carnet, Codigo, FDevolucion)
    VALUES ('2018-11-13 16:27:55', 32894627899299671682, 341971670, '2018-11-13 18:05:21');
INSERT INTO ASCII_Prestamos (FPrestamo, Carnet, Codigo, FDevolucion)
    VALUES ('2017-12-18 12:34:08', 32894627899299671682, 626508891, '2017-12-18 18:06:13');
INSERT INTO ASCII_Prestamos (FPrestamo, Carnet, Codigo, FDevolucion)
    VALUES ('2016-07-28 13:12:15', 32894627899299671682, 196486656, '2016-07-28 16:23:03');
INSERT INTO ASCII_Recomendaciones (Carnet, Base, Recomendacion)
 VALUES (32894627899299671682, 982622725, 196486656);
INSERT INTO ASCII_Prestamos (FPrestamo, Carnet, Codigo, FDevolucion)
    VALUES ('2014-10-13 11:20:52', 32894627899299671682, 703854585, '2014-10-13 15:53:11');
INSERT INTO ASCII_Prestamos (FPrestamo, Carnet, Codigo, FDevolucion)
    VALUES ('2016-07-28 09:30:02', 32894627899299671682, 180014736, '2016-07-28 11:44:36');
INSERT INTO ASCII_Prestamos (FPrestamo, Carnet, Codigo, FDevolucion)
    VALUES ('2017-02-06 13:55:06', 32894627899299671682, 307357928, '2017-02-06 15:37:43');
INSERT INTO ASCII_Prestamos (FPrestamo, Carnet, Codigo, FDevolucion)
    VALUES ('2017-06-03 19:18:40', 32894627899299671682, 561655840, '2017-06-03 20:04:33');
INSERT INTO ASCII_Prestamos (FPrestamo, Carnet, Codigo, FDevolucion)
    VALUES ('2014-07-25 10:18:22', 32894627899299671682, 409476072, '2014-07-25 10:47:31');
INSERT INTO ASCII_Prestamos (FPrestamo, Carnet, Codigo, FDevolucion)
    VALUES ('2017-04-18 13:48:14', 32894627899299671682, 700258093, '2017-04-18 16:31:03');
INSERT INTO ASCII_Prestamos (FPrestamo, Carnet, Codigo, FDevolucion)
    VALUES ('2016-06-21 18:50:38', 32894627899299671682, 903717553, '2016-06-21 20:09:09');
INSERT INTO ASCII_Prestamos (FPrestamo, Carnet, Codigo, FDevolucion)
    VALUES ('2015-09-22 13:45:29', 32894627899299671682, 467479744, '2015-09-22 15:23:22');
INSERT INTO ASCII_Prestamos (FPrestamo, Carnet, Codigo, FDevolucion)
    VALUES ('2015-11-03 17:01:43', 32894627899299671682, 41169864, '2015-11-03 19:35:30');
INSERT INTO ASCII_Recomendaciones (Carnet, Base, Recomendacion)
 VALUES (32894627899299671682, 991317338, 41169864);
INSERT INTO ASCII_Prestamos (FPrestamo, Carnet, Codigo, FDevolucion)
    VALUES ('2018-12-27 19:17:14', 32894627899299671682, 657948358, '2018-12-27 19:27:10');
INSERT INTO ASCII_Prestamos (FPrestamo, Carnet, Codigo, FDevolucion)
    VALUES ('2015-01-30 16:51:24', 32894627899299671682, 268609271, '2015-01-30 18:32:13');
INSERT INTO ASCII_Prestamos (FPrestamo, Carnet, Codigo, FDevolucion)
    VALUES ('2018-08-07 14:14:14', 32894627899299671682, 864419312, '2018-08-07 18:14:49');
INSERT INTO ASCII_Prestamos (FPrestamo, Carnet, Codigo, FDevolucion)
    VALUES ('2016-04-02 14:18:47', 32894627899299671682, 527398674, '2016-04-02 18:15:55');
INSERT INTO ASCII_Prestamos (FPrestamo, Carnet, Codigo, FDevolucion)
    VALUES ('2015-06-02 12:57:13', 32894627899299671682, 361185658, '2015-06-02 19:24:55');
INSERT INTO ASCII_Prestamos (FPrestamo, Carnet, Codigo, FDevolucion)
    VALUES ('2018-09-28 17:23:14', 32894627899299671682, 672049130, '2018-09-28 19:25:31');
INSERT INTO ASCII_Prestamos (FPrestamo, Carnet, Codigo, FDevolucion)
    VALUES ('2017-07-10 15:32:05', 32894627899299671682, 851235196, '2017-07-10 20:16:31');
INSERT INTO ASCII_Prestamos (FPrestamo, Carnet, Codigo, FDevolucion)
    VALUES ('2014-10-26 18:01:27', 32894627899299671682, 335793936, '2014-10-26 18:11:00');
INSERT INTO ASCII_Prestamos (FPrestamo, Carnet, Codigo, FDevolucion)
    VALUES ('2016-09-24 18:28:42', 32894627899299671682, 659625461, '2016-09-24 19:24:11');
INSERT INTO ASCII_Prestamos (FPrestamo, Carnet, Codigo, FDevolucion)
    VALUES ('2017-07-12 14:35:24', 32894627899299671682, 703854585, '2017-07-12 16:25:07');


---------------- NEW USER ortunoangel
INSERT INTO ASCII_Usuarios (Carnet, FAlta, Nombre, Apellidos, Apodo)
    VALUES (78150471241661114698, '2003-11-03 18:02:18', 'Pedro', 'Sobrino', 'ortunoangel');

INSERT INTO ASCII_Prestamos (FPrestamo, Carnet, Codigo, FDevolucion)
    VALUES ('2004-03-04 16:06:03', 78150471241661114698, 599287974, '2004-03-04 19:38:33');
INSERT INTO ASCII_Prestamos (FPrestamo, Carnet, Codigo, FDevolucion)
    VALUES ('2013-04-22 11:26:23', 78150471241661114698, 518990411, '2013-04-22 16:36:53');
INSERT INTO ASCII_Recomendaciones (Carnet, Base, Recomendacion)
 VALUES (78150471241661114698, 480674548, 518990411);
INSERT INTO ASCII_Prestamos (FPrestamo, Carnet, Codigo, FDevolucion)
    VALUES ('2017-10-01 15:38:43', 78150471241661114698, 685941400, '2017-10-01 18:40:12');
INSERT INTO ASCII_Prestamos (FPrestamo, Carnet, Codigo, FDevolucion)
    VALUES ('2009-09-26 17:30:21', 78150471241661114698, 243541526, '2009-09-26 18:55:22');
INSERT INTO ASCII_Prestamos (FPrestamo, Carnet, Codigo, FDevolucion)
    VALUES ('2004-08-19 11:49:00', 78150471241661114698, 689302586, '2004-08-19 12:26:43');
INSERT INTO ASCII_Prestamos (FPrestamo, Carnet, Codigo, FDevolucion)
    VALUES ('2016-01-01 19:58:00', 78150471241661114698, 948690342, '2016-01-01 20:38:45');
INSERT INTO ASCII_Prestamos (FPrestamo, Carnet, Codigo, FDevolucion)
    VALUES ('2008-11-04 15:28:21', 78150471241661114698, 973769009, '2008-11-04 15:33:11');
INSERT INTO ASCII_Prestamos (FPrestamo, Carnet, Codigo, FDevolucion)
    VALUES ('2006-02-26 12:33:42', 78150471241661114698, 251337722, '2006-02-26 20:10:50');
INSERT INTO ASCII_Prestamos (FPrestamo, Carnet, Codigo, FDevolucion)
    VALUES ('2010-05-19 19:55:37', 78150471241661114698, 850083148, '2010-05-19 20:44:14');
INSERT INTO ASCII_Prestamos (FPrestamo, Carnet, Codigo, FDevolucion)
    VALUES ('2018-11-13 13:00:52', 78150471241661114698, 271974491, '2018-11-13 13:32:10');
INSERT INTO ASCII_Prestamos (FPrestamo, Carnet, Codigo, FDevolucion)
    VALUES ('2006-12-28 10:40:34', 78150471241661114698, 85574695, '2006-12-28 19:26:40');
INSERT INTO ASCII_Recomendaciones (Carnet, Base, Recomendacion)
 VALUES (78150471241661114698, 47554194, 85574695);


---------------- NEW USER montserratesther
INSERT INTO ASCII_Usuarios (Carnet, FAlta, Nombre, Apellidos, Apodo)
    VALUES (29817374215438993243, '2018-04-26 16:20:31', 'Mercedes', 'Larrea-Rivas', 'montserratesther');

INSERT INTO ASCII_Prestamos (FPrestamo, Carnet, Codigo, FDevolucion)
    VALUES ('2018-08-28 11:33:43', 29817374215438993243, 958333580, '2018-08-28 18:30:03');
INSERT INTO ASCII_Recomendaciones (Carnet, Base, Recomendacion)
 VALUES (29817374215438993243, 971648177, 958333580);
INSERT INTO ASCII_Prestamos (FPrestamo, Carnet, Codigo, FDevolucion)
    VALUES ('2018-10-29 11:43:11', 29817374215438993243, 682329074, '2018-10-29 16:16:14');
INSERT INTO ASCII_Prestamos (FPrestamo, Carnet, Codigo, FDevolucion)
    VALUES ('2018-08-01 10:27:10', 29817374215438993243, 524284071, '2018-08-01 14:11:31');


---------------- NEW USER alvaro80
INSERT INTO ASCII_Usuarios (Carnet, FAlta, Nombre, Apellidos, Apodo)
    VALUES (81949023317367335547, '2005-04-09 19:48:20', 'Laura', 'Montero', 'alvaro80');

INSERT INTO ASCII_Prestamos (FPrestamo, Carnet, Codigo, FDevolucion)
    VALUES ('2016-10-19 09:24:17', 81949023317367335547, 243541526, '2016-10-19 09:41:20');


---------------- NEW USER mcervera
INSERT INTO ASCII_Usuarios (Carnet, FAlta, Nombre, Apellidos, Apodo)
    VALUES (81830004543303035168, '2005-01-11 16:04:19', 'Eugenia', 'Esteve', 'mcervera');

INSERT INTO ASCII_Prestamos (FPrestamo, Carnet, Codigo, FDevolucion)
    VALUES ('2014-03-12 11:02:29', 81830004543303035168, 195144846, '2014-03-12 14:45:52');
INSERT INTO ASCII_Prestamos (FPrestamo, Carnet, Codigo, FDevolucion)
    VALUES ('2007-12-10 13:19:11', 81830004543303035168, 542097873, '2007-12-10 18:36:25');
INSERT INTO ASCII_Prestamos (FPrestamo, Carnet, Codigo, FDevolucion)
    VALUES ('2012-09-04 14:03:05', 81830004543303035168, 489855290, '2012-09-04 19:17:36');
INSERT INTO ASCII_Prestamos (FPrestamo, Carnet, Codigo, FDevolucion)
    VALUES ('2014-08-22 10:53:27', 81830004543303035168, 9966371, '2014-08-22 12:20:22');
INSERT INTO ASCII_Prestamos (FPrestamo, Carnet, Codigo, FDevolucion)
    VALUES ('2017-07-23 17:25:52', 81830004543303035168, 980789108, '2017-07-23 17:58:10');
INSERT INTO ASCII_Prestamos (FPrestamo, Carnet, Codigo, FDevolucion)
    VALUES ('2010-09-29 09:48:47', 81830004543303035168, 85574695, '2010-09-29 14:07:42');
INSERT INTO ASCII_Prestamos (FPrestamo, Carnet, Codigo, FDevolucion)
    VALUES ('2010-02-06 18:54:10', 81830004543303035168, 980789108, '2010-02-06 18:58:48');
INSERT INTO ASCII_Prestamos (FPrestamo, Carnet, Codigo, FDevolucion)
    VALUES ('2015-02-11 18:56:19', 81830004543303035168, 18635348, '2015-02-11 19:20:50');
INSERT INTO ASCII_Prestamos (FPrestamo, Carnet, Codigo, FDevolucion)
    VALUES ('2011-06-09 10:41:13', 81830004543303035168, 800955108, '2011-06-09 13:38:12');
INSERT INTO ASCII_Prestamos (FPrestamo, Carnet, Codigo, FDevolucion)
    VALUES ('2008-09-18 11:00:27', 81830004543303035168, 954808125, '2008-09-18 16:11:44');
INSERT INTO ASCII_Recomendaciones (Carnet, Base, Recomendacion)
 VALUES (81830004543303035168, 243541526, 954808125);
INSERT INTO ASCII_Prestamos (FPrestamo, Carnet, Codigo, FDevolucion)
    VALUES ('2006-04-13 14:42:36', 81830004543303035168, 9966371, '2006-04-13 20:21:59');
INSERT INTO ASCII_Prestamos (FPrestamo, Carnet, Codigo, FDevolucion)
    VALUES ('2011-08-08 12:48:29', 81830004543303035168, 585707220, '2011-08-08 13:33:42');
INSERT INTO ASCII_Prestamos (FPrestamo, Carnet, Codigo, FDevolucion)
    VALUES ('2013-07-08 09:42:11', 81830004543303035168, 971648177, '2013-07-08 14:27:06');
INSERT INTO ASCII_Recomendaciones (Carnet, Base, Recomendacion)
 VALUES (81830004543303035168, 953850576, 971648177);


---------------- NEW USER ireneguitart
INSERT INTO ASCII_Usuarios (Carnet, FAlta, Nombre, Apellidos, Apodo)
    VALUES (38050154269416588761, '2008-04-30 15:38:13', 'Gema', 'Cornejo', 'ireneguitart');

INSERT INTO ASCII_Prestamos (FPrestamo, Carnet, Codigo, FDevolucion)
    VALUES ('2008-09-28 09:54:19', 38050154269416588761, 937697389, '2008-09-28 15:15:59');
INSERT INTO ASCII_Prestamos (FPrestamo, Carnet, Codigo, FDevolucion)
    VALUES ('2018-10-29 12:05:29', 38050154269416588761, 599287974, '2018-10-29 19:40:57');
INSERT INTO ASCII_Prestamos (FPrestamo, Carnet, Codigo, FDevolucion)
    VALUES ('2013-03-13 10:16:12', 38050154269416588761, 393545356, '2013-03-13 15:49:55');
INSERT INTO ASCII_Prestamos (FPrestamo, Carnet, Codigo, FDevolucion)
    VALUES ('2013-06-06 17:09:07', 38050154269416588761, 467479744, '2013-06-06 17:35:15');
INSERT INTO ASCII_Prestamos (FPrestamo, Carnet, Codigo, FDevolucion)
    VALUES ('2008-05-27 16:52:58', 38050154269416588761, 438834923, '2008-05-27 19:35:35');
INSERT INTO ASCII_Recomendaciones (Carnet, Base, Recomendacion)
 VALUES (38050154269416588761, 643443091, 438834923);
INSERT INTO ASCII_Prestamos (FPrestamo, Carnet, Codigo, FDevolucion)
    VALUES ('2009-12-02 17:05:53', 38050154269416588761, 369113628, '2009-12-02 18:17:30');
INSERT INTO ASCII_Prestamos (FPrestamo, Carnet, Codigo, FDevolucion)
    VALUES ('2016-01-26 11:11:35', 38050154269416588761, 950526760, '2016-01-26 15:22:36');
INSERT INTO ASCII_Recomendaciones (Carnet, Base, Recomendacion)
 VALUES (38050154269416588761, 585184362, 950526760);
INSERT INTO ASCII_Prestamos (FPrestamo, Carnet, Codigo, FDevolucion)
    VALUES ('2010-05-03 17:13:38', 38050154269416588761, 308179286, '2010-05-03 18:30:42');
INSERT INTO ASCII_Prestamos (FPrestamo, Carnet, Codigo, FDevolucion)
    VALUES ('2010-09-18 13:47:09', 38050154269416588761, 672049130, '2010-09-18 20:14:42');
INSERT INTO ASCII_Recomendaciones (Carnet, Base, Recomendacion)
 VALUES (38050154269416588761, 677770956, 672049130);
INSERT INTO ASCII_Prestamos (FPrestamo, Carnet, Codigo, FDevolucion)
    VALUES ('2018-09-29 09:57:01', 38050154269416588761, 685941400, '2018-09-29 17:46:04');
INSERT INTO ASCII_Prestamos (FPrestamo, Carnet, Codigo, FDevolucion)
    VALUES ('2010-03-14 11:09:03', 38050154269416588761, 689302586, '2010-03-14 11:48:05');
INSERT INTO ASCII_Prestamos (FPrestamo, Carnet, Codigo, FDevolucion)
    VALUES ('2016-01-05 09:33:27', 38050154269416588761, 838188769, '2016-01-05 10:48:03');
INSERT INTO ASCII_Prestamos (FPrestamo, Carnet, Codigo, FDevolucion)
    VALUES ('2015-07-02 12:40:48', 38050154269416588761, 37958394, '2015-07-02 15:04:54');
INSERT INTO ASCII_Prestamos (FPrestamo, Carnet, Codigo, FDevolucion)
    VALUES ('2016-06-25 09:39:31', 38050154269416588761, 128859739, '2016-06-25 20:29:22');
INSERT INTO ASCII_Prestamos (FPrestamo, Carnet, Codigo, FDevolucion)
    VALUES ('2009-12-15 10:47:01', 38050154269416588761, 800955108, '2009-12-15 14:47:00');
INSERT INTO ASCII_Prestamos (FPrestamo, Carnet, Codigo, FDevolucion)
    VALUES ('2017-05-12 10:57:26', 38050154269416588761, 409476072, '2017-05-12 18:10:45');
INSERT INTO ASCII_Prestamos (FPrestamo, Carnet, Codigo, FDevolucion)
    VALUES ('2010-03-15 17:54:37', 38050154269416588761, 953850576, '2010-03-15 19:22:35');
INSERT INTO ASCII_Prestamos (FPrestamo, Carnet, Codigo, FDevolucion)
    VALUES ('2008-09-21 11:55:49', 38050154269416588761, 800955108, '2008-09-21 17:13:41');
INSERT INTO ASCII_Prestamos (FPrestamo, Carnet, Codigo, FDevolucion)
    VALUES ('2011-01-24 16:12:05', 38050154269416588761, 489855290, '2011-01-24 19:00:40');
INSERT INTO ASCII_Prestamos (FPrestamo, Carnet, Codigo, FDevolucion)
    VALUES ('2018-01-28 13:08:46', 38050154269416588761, 242380829, '2018-01-28 19:57:52');
INSERT INTO ASCII_Prestamos (FPrestamo, Carnet, Codigo, FDevolucion)
    VALUES ('2016-07-23 18:00:01', 38050154269416588761, 131733386, '2016-07-23 19:15:48');
INSERT INTO ASCII_Prestamos (FPrestamo, Carnet, Codigo, FDevolucion)
    VALUES ('2014-05-15 13:00:24', 38050154269416588761, 45166485, '2014-05-15 15:25:32');
INSERT INTO ASCII_Prestamos (FPrestamo, Carnet, Codigo, FDevolucion)
    VALUES ('2010-12-16 18:34:34', 38050154269416588761, 331049936, '2010-12-16 18:39:25');
INSERT INTO ASCII_Recomendaciones (Carnet, Base, Recomendacion)
 VALUES (38050154269416588761, 669879732, 331049936);
INSERT INTO ASCII_Prestamos (FPrestamo, Carnet, Codigo, FDevolucion)
    VALUES ('2015-02-14 13:04:34', 38050154269416588761, 800955108, '2015-02-14 18:07:21');
INSERT INTO ASCII_Prestamos (FPrestamo, Carnet, Codigo, FDevolucion)
    VALUES ('2014-09-15 09:50:31', 38050154269416588761, 106749821, '2014-09-15 15:40:24');
INSERT INTO ASCII_Prestamos (FPrestamo, Carnet, Codigo, FDevolucion)
    VALUES ('2015-02-04 14:58:16', 38050154269416588761, 669879732, '2015-02-04 18:17:52');
INSERT INTO ASCII_Prestamos (FPrestamo, Carnet, Codigo, FDevolucion)
    VALUES ('2009-10-11 10:15:07', 38050154269416588761, 991317338, '2009-10-11 13:09:59');
INSERT INTO ASCII_Prestamos (FPrestamo, Carnet, Codigo, FDevolucion)
    VALUES ('2014-08-10 13:21:52', 38050154269416588761, 682329074, '2014-08-10 17:00:33');
INSERT INTO ASCII_Prestamos (FPrestamo, Carnet, Codigo, FDevolucion)
    VALUES ('2016-05-30 14:59:08', 38050154269416588761, 879139789, '2016-05-30 15:21:19');
INSERT INTO ASCII_Prestamos (FPrestamo, Carnet, Codigo, FDevolucion)
    VALUES ('2013-10-23 11:34:44', 38050154269416588761, 308179286, '2013-10-23 17:02:59');
INSERT INTO ASCII_Prestamos (FPrestamo, Carnet, Codigo, FDevolucion)
    VALUES ('2010-02-02 15:43:33', 38050154269416588761, 45166485, '2010-02-02 16:21:43');
INSERT INTO ASCII_Recomendaciones (Carnet, Base, Recomendacion)
 VALUES (38050154269416588761, 253994868, 45166485);
INSERT INTO ASCII_Prestamos (FPrestamo, Carnet, Codigo, FDevolucion)
    VALUES ('2013-11-25 16:29:46', 38050154269416588761, 689302586, '2013-11-25 19:27:34');
INSERT INTO ASCII_Prestamos (FPrestamo, Carnet, Codigo, FDevolucion)
    VALUES ('2016-08-29 14:25:55', 38050154269416588761, 155192418, '2016-08-29 17:18:16');
INSERT INTO ASCII_Prestamos (FPrestamo, Carnet, Codigo, FDevolucion)
    VALUES ('2015-02-15 10:26:14', 38050154269416588761, 643443091, '2015-02-15 17:57:44');
INSERT INTO ASCII_Prestamos (FPrestamo, Carnet, Codigo, FDevolucion)
    VALUES ('2013-02-08 17:04:44', 38050154269416588761, 335793936, '2013-02-08 17:10:11');
INSERT INTO ASCII_Prestamos (FPrestamo, Carnet, Codigo, FDevolucion)
    VALUES ('2016-07-07 09:32:29', 38050154269416588761, 617920706, '2016-07-07 18:16:02');
INSERT INTO ASCII_Prestamos (FPrestamo, Carnet, Codigo, FDevolucion)
    VALUES ('2017-04-30 09:52:01', 38050154269416588761, 766222245, '2017-04-30 14:08:06');
INSERT INTO ASCII_Prestamos (FPrestamo, Carnet, Codigo, FDevolucion)
    VALUES ('2008-12-14 14:18:38', 38050154269416588761, 308179286, '2008-12-14 16:21:54');
INSERT INTO ASCII_Prestamos (FPrestamo, Carnet, Codigo, FDevolucion)
    VALUES ('2010-11-14 17:37:24', 38050154269416588761, 268609271, '2010-11-14 20:19:25');
INSERT INTO ASCII_Recomendaciones (Carnet, Base, Recomendacion)
 VALUES (38050154269416588761, 147729606, 268609271);
INSERT INTO ASCII_Prestamos (FPrestamo, Carnet, Codigo, FDevolucion)
    VALUES ('2014-05-15 14:47:23', 38050154269416588761, 409476072, '2014-05-15 20:09:07');
INSERT INTO ASCII_Prestamos (FPrestamo, Carnet, Codigo, FDevolucion)
    VALUES ('2010-12-15 14:41:46', 38050154269416588761, 195144846, '2010-12-15 17:21:25');
INSERT INTO ASCII_Prestamos (FPrestamo, Carnet, Codigo, FDevolucion)
    VALUES ('2017-01-25 14:30:25', 38050154269416588761, 196486656, '2017-01-25 18:51:47');
INSERT INTO ASCII_Prestamos (FPrestamo, Carnet, Codigo, FDevolucion)
    VALUES ('2016-07-28 18:34:33', 38050154269416588761, 950526760, '2016-07-28 19:17:39');
INSERT INTO ASCII_Prestamos (FPrestamo, Carnet, Codigo, FDevolucion)
    VALUES ('2012-07-10 18:16:52', 38050154269416588761, 677770956, '2012-07-10 18:43:37');
INSERT INTO ASCII_Prestamos (FPrestamo, Carnet, Codigo, FDevolucion)
    VALUES ('2011-03-26 14:10:26', 38050154269416588761, 251337722, '2011-03-26 18:21:29');
INSERT INTO ASCII_Recomendaciones (Carnet, Base, Recomendacion)
 VALUES (38050154269416588761, 128859739, 251337722);
INSERT INTO ASCII_Prestamos (FPrestamo, Carnet, Codigo, FDevolucion)
    VALUES ('2013-09-29 12:36:15', 38050154269416588761, 927955996, '2013-09-29 20:34:55');
INSERT INTO ASCII_Prestamos (FPrestamo, Carnet, Codigo, FDevolucion)
    VALUES ('2012-03-21 17:22:04', 38050154269416588761, 587137439, '2012-03-21 20:01:35');
INSERT INTO ASCII_Prestamos (FPrestamo, Carnet, Codigo, FDevolucion)
    VALUES ('2012-07-11 18:27:46', 38050154269416588761, 268609271, '2012-07-11 18:43:33');
INSERT INTO ASCII_Prestamos (FPrestamo, Carnet, Codigo, FDevolucion)
    VALUES ('2015-06-22 09:06:29', 38050154269416588761, 804481452, '2015-06-22 12:29:07');
INSERT INTO ASCII_Prestamos (FPrestamo, Carnet, Codigo, FDevolucion)
    VALUES ('2018-08-10 13:24:10', 38050154269416588761, 982622725, '2018-08-10 16:07:58');
INSERT INTO ASCII_Prestamos (FPrestamo, Carnet, Codigo, FDevolucion)
    VALUES ('2009-03-14 09:43:01', 38050154269416588761, 507490311, '2009-03-14 10:14:35');
INSERT INTO ASCII_Prestamos (FPrestamo, Carnet, Codigo, FDevolucion)
    VALUES ('2016-10-05 18:48:01', 38050154269416588761, 156146678, '2016-10-05 18:57:41');
INSERT INTO ASCII_Prestamos (FPrestamo, Carnet, Codigo, FDevolucion)
    VALUES ('2015-02-19 10:52:09', 38050154269416588761, 106749821, '2015-02-19 19:51:20');
INSERT INTO ASCII_Prestamos (FPrestamo, Carnet, Codigo, FDevolucion)
    VALUES ('2013-11-06 16:47:33', 38050154269416588761, 265953115, '2013-11-06 18:10:48');
INSERT INTO ASCII_Prestamos (FPrestamo, Carnet, Codigo, FDevolucion)
    VALUES ('2017-01-18 11:55:44', 38050154269416588761, 727226330, '2017-01-18 12:53:00');
INSERT INTO ASCII_Prestamos (FPrestamo, Carnet, Codigo, FDevolucion)
    VALUES ('2014-12-28 16:35:35', 38050154269416588761, 670546869, '2014-12-28 19:22:03');
INSERT INTO ASCII_Prestamos (FPrestamo, Carnet, Codigo, FDevolucion)
    VALUES ('2014-02-11 14:39:34', 38050154269416588761, 857051941, '2014-02-11 14:57:23');
INSERT INTO ASCII_Prestamos (FPrestamo, Carnet, Codigo, FDevolucion)
    VALUES ('2016-03-14 13:03:12', 38050154269416588761, 991317338, '2016-03-14 15:34:02');
INSERT INTO ASCII_Prestamos (FPrestamo, Carnet, Codigo, FDevolucion)
    VALUES ('2009-08-06 10:51:20', 38050154269416588761, 991317338, '2009-08-06 14:46:11');
INSERT INTO ASCII_Prestamos (FPrestamo, Carnet, Codigo, FDevolucion)
    VALUES ('2009-09-13 10:53:16', 38050154269416588761, 879139789, '2009-09-13 16:35:37');
INSERT INTO ASCII_Recomendaciones (Carnet, Base, Recomendacion)
 VALUES (38050154269416588761, 804481452, 879139789);
INSERT INTO ASCII_Prestamos (FPrestamo, Carnet, Codigo, FDevolucion)
    VALUES ('2017-09-02 19:47:54', 38050154269416588761, 510980242, '2017-09-02 19:48:45');
INSERT INTO ASCII_Prestamos (FPrestamo, Carnet, Codigo, FDevolucion)
    VALUES ('2010-01-25 10:24:37', 38050154269416588761, 973769009, '2010-01-25 12:26:21');
INSERT INTO ASCII_Prestamos (FPrestamo, Carnet, Codigo, FDevolucion)
    VALUES ('2010-03-18 10:54:04', 38050154269416588761, 45166485, '2010-03-18 12:52:40');
INSERT INTO ASCII_Prestamos (FPrestamo, Carnet, Codigo, FDevolucion)
    VALUES ('2018-11-27 17:27:49', 38050154269416588761, 155192418, '2018-11-27 18:10:28');
INSERT INTO ASCII_Prestamos (FPrestamo, Carnet, Codigo, FDevolucion)
    VALUES ('2016-02-21 13:31:09', 38050154269416588761, 647931245, '2016-02-21 13:35:52');
INSERT INTO ASCII_Prestamos (FPrestamo, Carnet, Codigo, FDevolucion)
    VALUES ('2015-09-09 18:26:51', 38050154269416588761, 180014736, '2015-09-09 19:16:24');
INSERT INTO ASCII_Prestamos (FPrestamo, Carnet, Codigo, FDevolucion)
    VALUES ('2009-10-03 17:25:26', 38050154269416588761, 950526760, '2009-10-03 17:56:02');
INSERT INTO ASCII_Recomendaciones (Carnet, Base, Recomendacion)
 VALUES (38050154269416588761, 621287267, 950526760);
INSERT INTO ASCII_Prestamos (FPrestamo, Carnet, Codigo, FDevolucion)
    VALUES ('2010-02-28 10:40:08', 38050154269416588761, 950526760, '2010-02-28 15:01:42');
INSERT INTO ASCII_Prestamos (FPrestamo, Carnet, Codigo, FDevolucion)
    VALUES ('2010-06-17 16:50:57', 38050154269416588761, 870139361, '2010-06-17 20:43:45');
INSERT INTO ASCII_Prestamos (FPrestamo, Carnet, Codigo, FDevolucion)
    VALUES ('2011-07-24 14:04:54', 38050154269416588761, 268609271, '2011-07-24 17:41:33');
INSERT INTO ASCII_Prestamos (FPrestamo, Carnet, Codigo, FDevolucion)
    VALUES ('2018-02-09 15:54:02', 38050154269416588761, 481287493, '2018-02-09 20:45:39');
INSERT INTO ASCII_Prestamos (FPrestamo, Carnet, Codigo, FDevolucion)
    VALUES ('2015-09-11 13:59:55', 38050154269416588761, 147729606, '2015-09-11 14:18:35');
INSERT INTO ASCII_Prestamos (FPrestamo, Carnet, Codigo, FDevolucion)
    VALUES ('2008-10-26 09:12:42', 38050154269416588761, 307357928, '2008-10-26 19:09:20');
INSERT INTO ASCII_Prestamos (FPrestamo, Carnet, Codigo, FDevolucion)
    VALUES ('2013-07-25 09:41:54', 38050154269416588761, 804481452, '2013-07-25 16:15:37');
INSERT INTO ASCII_Prestamos (FPrestamo, Carnet, Codigo, FDevolucion)
    VALUES ('2012-03-29 19:28:50', 38050154269416588761, 937697389, '2012-03-29 19:53:22');
INSERT INTO ASCII_Prestamos (FPrestamo, Carnet, Codigo, FDevolucion)
    VALUES ('2009-02-15 14:07:29', 38050154269416588761, 685941400, '2009-02-15 18:57:52');
INSERT INTO ASCII_Recomendaciones (Carnet, Base, Recomendacion)
 VALUES (38050154269416588761, 45166485, 685941400);
INSERT INTO ASCII_Prestamos (FPrestamo, Carnet, Codigo, FDevolucion)
    VALUES ('2017-05-13 18:32:00', 38050154269416588761, 507490311, '2017-05-13 18:37:55');
INSERT INTO ASCII_Prestamos (FPrestamo, Carnet, Codigo, FDevolucion)
    VALUES ('2017-08-18 18:44:30', 38050154269416588761, 170880022, '2017-08-18 18:58:03');
INSERT INTO ASCII_Prestamos (FPrestamo, Carnet, Codigo, FDevolucion)
    VALUES ('2011-02-21 18:01:03', 38050154269416588761, 952346420, '2011-02-21 19:32:19');
INSERT INTO ASCII_Prestamos (FPrestamo, Carnet, Codigo, FDevolucion)
    VALUES ('2010-06-14 10:09:43', 38050154269416588761, 338686884, '2010-06-14 12:01:37');
INSERT INTO ASCII_Prestamos (FPrestamo, Carnet, Codigo, FDevolucion)
    VALUES ('2018-06-27 12:41:40', 38050154269416588761, 9966371, '2018-06-27 12:54:20');
INSERT INTO ASCII_Prestamos (FPrestamo, Carnet, Codigo, FDevolucion)
    VALUES ('2016-05-13 18:25:05', 38050154269416588761, 862290062, '2016-05-13 19:16:40');
INSERT INTO ASCII_Prestamos (FPrestamo, Carnet, Codigo, FDevolucion)
    VALUES ('2014-11-18 14:46:02', 38050154269416588761, 251337722, '2014-11-18 17:31:12');
INSERT INTO ASCII_Prestamos (FPrestamo, Carnet, Codigo, FDevolucion)
    VALUES ('2008-06-22 15:15:05', 38050154269416588761, 585707220, '2008-06-22 16:55:56');
INSERT INTO ASCII_Prestamos (FPrestamo, Carnet, Codigo, FDevolucion)
    VALUES ('2010-09-04 10:39:33', 38050154269416588761, 927955996, '2010-09-04 19:30:15');
INSERT INTO ASCII_Recomendaciones (Carnet, Base, Recomendacion)
 VALUES (38050154269416588761, 585707220, 927955996);
INSERT INTO ASCII_Prestamos (FPrestamo, Carnet, Codigo, FDevolucion)
    VALUES ('2009-10-03 17:47:44', 38050154269416588761, 845078739, '2009-10-03 18:30:35');
INSERT INTO ASCII_Prestamos (FPrestamo, Carnet, Codigo, FDevolucion)
    VALUES ('2009-05-12 16:55:39', 38050154269416588761, 147729606, '2009-05-12 20:10:50');
INSERT INTO ASCII_Prestamos (FPrestamo, Carnet, Codigo, FDevolucion)
    VALUES ('2013-03-02 18:15:53', 38050154269416588761, 925327567, '2013-03-02 18:47:03');
INSERT INTO ASCII_Prestamos (FPrestamo, Carnet, Codigo, FDevolucion)
    VALUES ('2011-06-11 18:16:00', 38050154269416588761, 542097873, '2011-06-11 18:54:17');
INSERT INTO ASCII_Prestamos (FPrestamo, Carnet, Codigo, FDevolucion)
    VALUES ('2012-08-06 17:35:30', 38050154269416588761, 196486656, '2012-08-06 18:41:48');
INSERT INTO ASCII_Prestamos (FPrestamo, Carnet, Codigo, FDevolucion)
    VALUES ('2017-01-06 13:22:45', 38050154269416588761, 604208493, '2017-01-06 16:21:39');
INSERT INTO ASCII_Prestamos (FPrestamo, Carnet, Codigo, FDevolucion)
    VALUES ('2012-04-18 11:07:21', 38050154269416588761, 670546869, '2012-04-18 17:43:00');
INSERT INTO ASCII_Prestamos (FPrestamo, Carnet, Codigo, FDevolucion)
    VALUES ('2014-09-03 14:27:10', 38050154269416588761, 428001381, '2014-09-03 18:27:01');
INSERT INTO ASCII_Prestamos (FPrestamo, Carnet, Codigo, FDevolucion)
    VALUES ('2008-08-28 11:54:52', 38050154269416588761, 838188769, '2008-08-28 18:30:03');
INSERT INTO ASCII_Prestamos (FPrestamo, Carnet, Codigo, FDevolucion)
    VALUES ('2014-05-01 18:21:42', 38050154269416588761, 982622725, '2014-05-01 19:13:35');
INSERT INTO ASCII_Recomendaciones (Carnet, Base, Recomendacion)
 VALUES (38050154269416588761, 195144846, 982622725);
INSERT INTO ASCII_Prestamos (FPrestamo, Carnet, Codigo, FDevolucion)
    VALUES ('2013-10-11 18:24:41', 38050154269416588761, 270103881, '2013-10-11 18:54:26');
INSERT INTO ASCII_Prestamos (FPrestamo, Carnet, Codigo, FDevolucion)
    VALUES ('2014-05-28 12:11:21', 38050154269416588761, 685941400, '2014-05-28 19:19:21');
INSERT INTO ASCII_Prestamos (FPrestamo, Carnet, Codigo, FDevolucion)
    VALUES ('2018-10-05 14:12:16', 38050154269416588761, 156146678, '2018-10-05 15:33:35');
INSERT INTO ASCII_Prestamos (FPrestamo, Carnet, Codigo, FDevolucion)
    VALUES ('2010-09-06 15:35:03', 38050154269416588761, 758589576, '2010-09-06 15:59:34');
INSERT INTO ASCII_Prestamos (FPrestamo, Carnet, Codigo, FDevolucion)
    VALUES ('2018-02-14 18:49:57', 38050154269416588761, 698357582, '2018-02-14 20:02:05');
INSERT INTO ASCII_Prestamos (FPrestamo, Carnet, Codigo, FDevolucion)
    VALUES ('2009-05-30 11:43:50', 38050154269416588761, 290125844, '2009-05-30 13:53:13');
INSERT INTO ASCII_Prestamos (FPrestamo, Carnet, Codigo, FDevolucion)
    VALUES ('2015-07-27 18:30:42', 38050154269416588761, 621287267, '2015-07-27 18:57:47');
INSERT INTO ASCII_Prestamos (FPrestamo, Carnet, Codigo, FDevolucion)
    VALUES ('2012-06-05 14:46:23', 38050154269416588761, 270103881, '2012-06-05 20:28:28');
INSERT INTO ASCII_Prestamos (FPrestamo, Carnet, Codigo, FDevolucion)
    VALUES ('2018-12-06 16:11:27', 38050154269416588761, 952346420, '2018-12-06 19:14:14');
INSERT INTO ASCII_Prestamos (FPrestamo, Carnet, Codigo, FDevolucion)
    VALUES ('2010-06-20 15:58:27', 38050154269416588761, 481287493, '2010-06-20 19:12:56');
INSERT INTO ASCII_Prestamos (FPrestamo, Carnet, Codigo, FDevolucion)
    VALUES ('2012-06-10 18:30:17', 38050154269416588761, 419138522, '2012-06-10 20:18:39');
INSERT INTO ASCII_Prestamos (FPrestamo, Carnet, Codigo, FDevolucion)
    VALUES ('2017-09-06 18:40:43', 38050154269416588761, 862290062, '2017-09-06 18:47:02');
INSERT INTO ASCII_Prestamos (FPrestamo, Carnet, Codigo, FDevolucion)
    VALUES ('2014-10-27 18:52:58', 38050154269416588761, 156146678, '2014-10-27 20:38:46');
INSERT INTO ASCII_Recomendaciones (Carnet, Base, Recomendacion)
 VALUES (38050154269416588761, 37958394, 156146678);
INSERT INTO ASCII_Prestamos (FPrestamo, Carnet, Codigo, FDevolucion)
    VALUES ('2018-09-01 17:03:59', 38050154269416588761, 527398674, '2018-09-01 18:36:47');
INSERT INTO ASCII_Prestamos (FPrestamo, Carnet, Codigo, FDevolucion)
    VALUES ('2016-10-07 18:25:20', 38050154269416588761, 510980242, '2016-10-07 18:31:40');
INSERT INTO ASCII_Recomendaciones (Carnet, Base, Recomendacion)
 VALUES (38050154269416588761, 335793936, 510980242);
INSERT INTO ASCII_Prestamos (FPrestamo, Carnet, Codigo, FDevolucion)
    VALUES ('2016-11-19 15:50:55', 38050154269416588761, 480674548, '2016-11-19 20:37:47');
INSERT INTO ASCII_Prestamos (FPrestamo, Carnet, Codigo, FDevolucion)
    VALUES ('2012-11-16 11:00:39', 38050154269416588761, 41169864, '2012-11-16 12:49:38');
INSERT INTO ASCII_Prestamos (FPrestamo, Carnet, Codigo, FDevolucion)
    VALUES ('2018-03-20 10:47:09', 38050154269416588761, 587137439, '2018-03-20 18:32:32');
INSERT INTO ASCII_Prestamos (FPrestamo, Carnet, Codigo, FDevolucion)
    VALUES ('2011-05-21 14:47:50', 38050154269416588761, 271974491, '2011-05-21 20:24:28');
INSERT INTO ASCII_Prestamos (FPrestamo, Carnet, Codigo, FDevolucion)
    VALUES ('2013-11-06 19:03:16', 38050154269416588761, 206123333, '2013-11-06 19:46:59');
INSERT INTO ASCII_Prestamos (FPrestamo, Carnet, Codigo, FDevolucion)
    VALUES ('2011-10-07 19:56:10', 38050154269416588761, 682329074, '2011-10-07 20:18:46');
INSERT INTO ASCII_Prestamos (FPrestamo, Carnet, Codigo, FDevolucion)
    VALUES ('2013-02-14 11:57:00', 38050154269416588761, 948690342, '2013-02-14 12:17:28');
INSERT INTO ASCII_Prestamos (FPrestamo, Carnet, Codigo, FDevolucion)
    VALUES ('2009-03-26 09:42:20', 38050154269416588761, 9966371, '2009-03-26 16:35:07');
INSERT INTO ASCII_Prestamos (FPrestamo, Carnet, Codigo, FDevolucion)
    VALUES ('2014-02-20 09:21:12', 38050154269416588761, 851235196, '2014-02-20 15:19:16');
INSERT INTO ASCII_Recomendaciones (Carnet, Base, Recomendacion)
 VALUES (38050154269416588761, 669879732, 851235196);
INSERT INTO ASCII_Prestamos (FPrestamo, Carnet, Codigo, FDevolucion)
    VALUES ('2008-11-03 09:04:20', 38050154269416588761, 47554194, '2008-11-03 20:01:40');
INSERT INTO ASCII_Prestamos (FPrestamo, Carnet, Codigo, FDevolucion)
    VALUES ('2013-03-16 16:28:52', 38050154269416588761, 850083148, '2013-03-16 18:38:59');
INSERT INTO ASCII_Prestamos (FPrestamo, Carnet, Codigo, FDevolucion)
    VALUES ('2009-05-17 11:52:32', 38050154269416588761, 561655840, '2009-05-17 14:44:02');
INSERT INTO ASCII_Prestamos (FPrestamo, Carnet, Codigo, FDevolucion)
    VALUES ('2009-10-04 13:54:22', 38050154269416588761, 84694334, '2009-10-04 16:58:42');
INSERT INTO ASCII_Prestamos (FPrestamo, Carnet, Codigo, FDevolucion)
    VALUES ('2011-10-06 12:09:48', 38050154269416588761, 45166485, '2011-10-06 16:19:31');
INSERT INTO ASCII_Prestamos (FPrestamo, Carnet, Codigo, FDevolucion)
    VALUES ('2016-06-10 19:26:57', 38050154269416588761, 727226330, '2016-06-10 19:53:06');
INSERT INTO ASCII_Prestamos (FPrestamo, Carnet, Codigo, FDevolucion)
    VALUES ('2010-08-26 17:21:59', 38050154269416588761, 250884700, '2010-08-26 18:56:38');
INSERT INTO ASCII_Prestamos (FPrestamo, Carnet, Codigo, FDevolucion)
    VALUES ('2015-01-05 15:46:57', 38050154269416588761, 879139789, '2015-01-05 18:02:03');
INSERT INTO ASCII_Prestamos (FPrestamo, Carnet, Codigo, FDevolucion)
    VALUES ('2008-09-16 11:58:30', 38050154269416588761, 954808125, '2008-09-16 12:57:32');
INSERT INTO ASCII_Prestamos (FPrestamo, Carnet, Codigo, FDevolucion)
    VALUES ('2014-10-06 18:30:45', 38050154269416588761, 488201605, '2014-10-06 19:58:36');
INSERT INTO ASCII_Prestamos (FPrestamo, Carnet, Codigo, FDevolucion)
    VALUES ('2012-07-01 12:33:37', 38050154269416588761, 37958394, '2012-07-01 15:59:34');
INSERT INTO ASCII_Prestamos (FPrestamo, Carnet, Codigo, FDevolucion)
    VALUES ('2010-09-21 15:38:37', 38050154269416588761, 268609271, '2010-09-21 19:01:11');
INSERT INTO ASCII_Prestamos (FPrestamo, Carnet, Codigo, FDevolucion)
    VALUES ('2009-09-28 13:26:36', 38050154269416588761, 840655483, '2009-09-28 14:54:22');
INSERT INTO ASCII_Prestamos (FPrestamo, Carnet, Codigo, FDevolucion)
    VALUES ('2011-02-15 11:04:02', 38050154269416588761, 585707220, '2011-02-15 18:18:23');
INSERT INTO ASCII_Prestamos (FPrestamo, Carnet, Codigo, FDevolucion)
    VALUES ('2012-02-12 14:17:57', 38050154269416588761, 950526760, '2012-02-12 16:42:07');
INSERT INTO ASCII_Prestamos (FPrestamo, Carnet, Codigo, FDevolucion)
    VALUES ('2013-01-08 16:22:30', 38050154269416588761, 242380829, '2013-01-08 17:47:50');


DELETE FROM ASCII_Prestamos WHERE Codigo = 698357582;
